time,px,py,pz,wx,wy,wz,vx,vy,vz,qw,qx,qy,qz,aileron,elevator,thrust
1761535969.6256213,-13.339155528194173,-33.8636594033592,4.82657534374633,-0.1950985328376804,0.0236596335339261,-0.2234051592172654,8.528542976740715,-0.3104769521140237,-0.0365538060550753,-0.9998110190976294,-0.0391763524812772,0.0219712837150768,0.0201942522407284,-0.1040637493133544,-0.0497725866734981,0.486839234828949
1761535969.725628,-12.486240325543926,-33.93948735509274,4.855351212512574,-0.3106361841580883,0.0295681796761654,-0.1503686812842602,8.561873555972905,-0.255286644995459,-0.0336805215369779,-0.9998767160780412,-0.0273950801605406,0.0198875175325269,0.0337466953839882,-0.1753163635730743,-0.0439724288880825,0.487346887588501
1761535969.8255975,-11.63160693215091,-34.031783641974215,4.881917345088525,-0.3574538882497476,0.0340715732096326,-0.0305951025824259,8.588482937069795,-0.4027108910597206,-0.0316471753763408,-1.0002100264221818,-0.0098432829118773,0.0176138931767957,0.0345205767298846,-0.2040262818336486,-0.0397960096597671,0.487856775522232
1761535969.925624,-10.775567981408487,-34.14003778467962,4.9068313418801095,-0.3345718222491071,0.0361387094116233,-0.3025299115292254,8.622118362688244,-0.3695677504792109,-0.0289426656167422,-0.9998226871326572,0.0065653808494361,0.0152296484236372,0.0455207009949734,-0.177255317568779,-0.03854251652956,0.4883708655834198
1761535970.0258737,-9.91796527559961,-34.26100896823348,4.930478805003527,-0.3901264111369387,0.0368317685117824,0.0060609296855465,8.655912503592194,-0.3368061855560417,-0.0254277201581732,-0.999174157040168,0.0249052847474404,0.0125243457532633,0.0533495852243434,-0.2193898856639862,-0.0388654395937919,0.4888910353183746
1761535970.1257467,-9.058300824814554,-34.3904008353637,4.953006355829661,-0.347616163302172,0.0341364587748514,-0.1137623865105184,8.685770763608076,-0.3860205736792106,-0.0231766389413697,-0.9984965425352068,0.04320162059829,0.009829256808527,0.0547199512902778,-0.188025414943695,-0.0426465198397636,0.4894131124019623
1761535970.2256238,-8.196261829212164,-34.52527554151404,4.974696163292316,-0.343693626632415,0.0263598341627175,-0.0710535611695657,8.720468847352905,-0.2993352373705722,-0.0205334430738328,-0.9972356756878108,0.060151489685499,0.0076461887061974,0.0614410137636859,-0.1856996864080429,-0.0519116930663585,0.4899366199970245
1761535970.3255873,-7.3311199251026675,-34.66032270906636,4.995477223971262,-0.3131902835536749,0.0133302198918747,0.0521810520181422,8.751372214699177,-0.287245347083452,-0.0198015835209041,-0.996151125205542,0.0766542002961437,0.0056419878963663,0.0607407002845517,-0.1717604994773864,-0.0658419132232666,0.4904593229293823
1761535970.4257538,-6.462314616171893,-34.79117610866714,5.015476364041869,-0.2553470119441819,-7.188899334995447e-05,-0.0046569953602008,8.7822789105799,-0.2359249951533457,-0.0187924186007712,-0.9950205258955496,0.0906610258863204,0.0043913975610117,0.0599988919818081,-0.1364162266254425,-0.0802421122789383,0.4909831285476684
1761535970.525659,-5.589291910536102,-34.913203588419364,5.034590904050759,-0.219450186991063,-0.0181414725293409,0.115536579748314,8.812299275079127,-0.1607922621877208,-0.0191456390720118,-0.9940105549714736,0.1025050561442232,0.0039044331819237,0.057587652720279,-0.120537057518959,-0.0990239977836608,0.4915067851543426
1761535970.625656,-4.711674694234628,-35.02152230249531,5.05276781769845,-0.1480488205504923,-0.0338946270919178,0.1283903735321647,8.839878613392319,-0.1252899750785627,-0.020242427708388,-0.9933807281468092,0.1118747748245322,0.0039825706814712,0.0505161921925408,-0.0829235091805458,-0.1140688881278038,0.4920279383659363
1761535970.7256525,-3.829393809068786,-35.11215744605224,5.070104620334733,-0.0947836580484774,-0.0488888364693657,0.148757654203329,8.866396837311505,-0.0430468968913387,-0.0210808429231222,-0.9929791223206542,0.1179910888572347,0.0049731492188654,0.0439370808470951,-0.0550722144544124,-0.1290208250284195,0.4925518631935119
1761535970.8256516,-2.942610751398889,-35.18094010918109,5.0865483904804085,-0.038194392678622,-0.0609936935358554,0.2322789429630397,8.890878212980862,0.0137015509377764,-0.0226440703024008,-0.992960938035662,0.121354173097837,0.0064116182387848,0.0337385218786038,-0.0282167363911867,-0.1402700841426849,0.4930195212364197
1761535970.9257772,-2.0518950466242543,-35.224897001104395,5.102285542785742,0.0419724224646635,-0.0669243928436706,0.2078720123249947,8.913684170539366,0.0713627839017278,-0.0231924259626068,-0.9932740674938056,0.1213143176053937,0.0082524927236645,0.0222139697278469,0.0143023673444986,-0.1455400884151458,0.4936065971851349
1761535971.0279903,-1.1579625963985116,-35.240989946103575,5.117400291834192,0.0871985743001944,-0.0706600418959434,0.2758534173844416,8.934841079530248,0.1368628263585476,-0.0234074137370874,-0.993809743982672,0.118325597092155,0.0102774944564289,0.0098452153897184,0.0346217975020408,-0.1487057954072952,0.4940824508666992
1761535971.1265051,-0.2618643734982356,-35.227872848784344,5.132030358398576,0.1552729671684169,-0.0669727754712753,0.2628656451827879,8.954982046016733,0.1777239565236364,-0.0227892726828301,-0.9945072062828276,0.1124138762638528,0.0121207863529633,-0.0045264572142604,0.0691966339945793,-0.1447185575962066,0.494558572769165
1761535971.2256355,0.6353213609909398,-35.184486664467045,5.146357795698831,0.2070550942851697,-0.0596337906913075,0.2782008425670178,8.973565439198259,0.2395780801548994,-0.0211864538273195,-0.9953009989739434,0.1034189649921261,0.0137530771975126,-0.0180344860612064,0.0942492857575416,-0.1373576372861862,0.4951010346412658
1761535971.3256304,1.5324734751416065,-35.110500349323935,5.160472353652879,0.2469418524869644,-0.0498107365471625,0.3003646308418845,8.99214002901578,0.2665286502947172,-0.0190852906313263,-0.9959751112194292,0.0922731669821884,0.0147505161954282,-0.0333523447701587,0.112701267004013,-0.1277926713228225,0.4955886900424957
1761535971.4257247,2.428618382145165,-35.00715746570532,5.174552044746704,0.2902546636673668,-0.0358278522095381,0.2624322036063954,9.010038411447423,0.298795845218677,-0.015610920447421,-0.9965345023645472,0.0788421913292541,0.0151008055244476,-0.0475810504736577,0.1348061114549636,-0.1147585809230804,0.4961429238319397
1761535971.5255759,3.3229851702604885,-34.87584671969367,5.188614268030056,0.3123229210332912,-0.0220275362040762,0.2772517805096089,9.027867862494237,0.3231323848163558,-0.0120322514607157,-0.9968495859309712,0.0638611509069816,0.0147245761889322,-0.0613039537727936,0.1444251090288162,-0.101924642920494,0.4967048168182373
1761535971.625562,4.215085406175202,-34.71895227354725,5.202710297188475,0.3308324022662755,-0.0076788144152713,0.2475665220570879,9.04641610845001,0.3216046609443773,-0.0077532630924292,-0.996811936243854,0.0479569995690465,0.0136034782673717,-0.0749364332158248,0.153616189956665,-0.0890554189682006,0.4972712099552154
1761535971.7257583,5.104805366869896,-34.53958850941762,5.216831090398796,0.3815275188818537,0.0019441661983979,0.1407578721921417,9.06388768339676,0.3467256701757095,-0.0043732014381687,-0.9966720915389884,0.0303738056581715,0.011874208897047,-0.0853846064529383,0.1808252781629562,-0.0807392224669456,0.4977818131446838
1761535971.8256683,5.992256731142732,-34.34103285868133,5.231039960464668,0.2735609110217247,0.0090228587218598,0.4160388247036821,9.084685154682193,0.2675490095745065,0.0002745057382964,-0.9956858151032554,0.0163254103880339,0.0099789385001946,-0.0997301324594256,0.1194593161344528,-0.0750065222382545,0.4984272122383117
1761535971.9259815,6.878185255649389,-34.127754800087175,5.245113598410292,0.3893218466467911,0.01349423803391,-0.1654811156031705,9.103484831173237,0.2540208163412001,0.0032291210999923,-0.9950969713884202,4.052313700436288e-05,0.0075418187449674,-0.1068305678671419,0.1933382302522659,-0.07123314589262,0.4989519119262695
1761535972.0260515,7.763258547806398,-33.903565215470444,5.259100328828098,0.2316485625418491,0.0106030612309057,0.3164827470874259,9.1166308069599,0.3751390911177351,0.0033776040132704,-0.995004114029408,-0.0160087178695229,0.0052780482975777,-0.1065883861085617,0.0981521904468536,-0.0741708874702453,0.4995489716529846
1761535972.126048,8.647550165221864,-33.66966633292432,5.2734402307479815,0.2111259879767866,0.0067971577780157,0.1740911025886359,9.140369537369178,0.0872843204766427,0.0062594406177546,-0.9925887614637002,-0.0264264703798075,0.0039849939331594,-0.1253405042428562,0.0935672521591186,-0.0781770274043083,0.5000885725021362
1761535972.2264183,9.53317314692948,-33.43449109638909,5.287769159509972,0.2477020783265761,-0.0031317433602021,-0.2542884500011322,9.1538216821188,0.2301983430296049,0.0049240186204333,-0.993183075357016,-0.0393700363197046,0.0020617336468769,-0.1169574748958873,0.1267925947904586,-0.086946353316307,0.5007798671722412
1761535972.3256793,10.420253797437748,-33.199062439086745,5.302729834712666,0.1242540639180018,-0.0058208306070915,0.3181347848711067,9.169045822107114,0.176348023673702,0.0056811368918681,-0.9924064972899188,-0.0481566408968089,0.0014127240136626,-0.1202028540379853,0.0466494970023632,-0.0896453782916069,0.501341700553894
1761535972.425788,11.30938467676378,-32.96622616831393,5.318446753390311,0.135557560120436,-0.024990137576039,-0.1802140252619854,9.183415360531626,-0.010228669321258,0.0035394141628437,-0.9913163226008256,-0.0543835617387589,0.001722133694243,-0.1263531912304135,0.0695905238389968,-0.1065864786505699,0.5019933581352234
1761535972.5256987,12.201976199788657,-32.742340172340754,5.335132204392711,0.0597794477709187,-0.0298099906640988,-0.1086008458571205,9.192857694893686,0.1259345833357861,0.0014950315732711,-0.9924873154591418,-0.060155734913994,0.0017892703421324,-0.1138906747629643,0.0313004776835441,-0.1104354113340377,0.5026577711105347
1761535972.626125,13.097554340165663,-32.52698677911606,5.353568404822423,-0.1849295066036702,-0.0348623007665389,0.2266660128642392,9.201448816709972,-0.0681267821757967,0.0016406601241809,-0.9919171284926916,-0.0596845375738385,0.0037094649387155,-0.1189410668812898,-0.0998359248042106,-0.1149836629629135,0.502901554107666
1761535972.7256703,13.9971783031818,-32.32673116260991,5.37372227703888,-0.966058173462528,-0.0506930773189035,0.6381677745588034,9.172406602675505,-0.7685809120710699,-0.0174334420850411,-0.9898545014954356,-0.0307990319170746,0.010944438340806,-0.1439683880278004,-0.4799921810626983,-0.1253446638584137,0.5029155015945435
1761535972.8259313,14.902675444873434,-32.15972792154341,5.400813998141808,-0.9663004972278252,-0.0476933740690541,-0.7519226676193582,9.119814372175574,-1.1217401870900512,-0.0426581246856205,-0.9904686955419688,0.0166028297693065,0.0210216625520353,-0.1406396342800739,-0.4264934062957763,-0.1197344958782196,0.5029300451278687
1761535972.925707,15.811165165830015,-32.0295052682232,5.442718794046078,-1.113787202885607,-0.0259964923561352,-0.230839858156691,9.129944382080769,-0.7329575940063408,-0.0292668941460205,-0.9928179557592662,0.0655539983364369,0.0299782613891094,-0.1027807237911367,-0.5210710763931274,-0.102285087108612,0.5030049085617065
1761535973.025712,16.717937019454656,-31.918556225601375,5.499437472094022,-1.376374859102128,-0.0507134829109317,0.4950076487286861,9.0341917726838,-1.230184293582664,-0.0475244175213414,-0.9844396650814712,0.1291704443691704,0.0368920627540894,-0.1191827595885436,-0.6832529902458191,-0.1212361603975296,0.5031304955482483
1761535973.125703,17.6190453117454,-31.82173849405392,5.577533189602323,-0.6856418040029005,-0.0774139545943107,-1.431094898579202,8.992409976607973,-1.0231434393251753,-0.0392829267197949,-0.9781454872123908,0.1804274033687131,0.0498215773945682,-0.0974729331758787,-0.279958575963974,-0.1507645398378372,0.5032529234886169
1761535973.2264416,18.51109562216069,-31.721343094898053,5.672146344297139,-0.436877837342533,-0.2771130980563617,0.0839861710778308,8.978447358395767,0.187351297041111,-0.0482856765983603,-0.9770834489339172,0.1993176124055615,0.0707375493624301,-0.0429500088268784,-0.2196577787399292,-0.3437485694885254,0.5034396648406982
1761535973.3257139,19.389543081176317,-31.581203542041337,5.771446926020843,-0.5489020093967973,-0.3310476128987205,1.452742818144723,8.880030203268968,-0.583782275895661,-0.0868376012597153,-0.964364977349461,0.2317711129444968,0.0754185502459242,-0.1084312457677764,-0.3426705002784729,-0.3958061933517456,0.5035485625267029
1761535973.42609,20.250863719730297,-31.40215076371087,5.881481788451448,-0.0002392896712157,-0.2420157394359525,-1.1928745842830863,8.81381818914012,-0.1831821811192625,-0.0502399356831337,-0.9623166636765956,0.2371256834443191,0.0899164999809818,-0.1038097712822442,0.0498072430491447,-0.3224820792675018,0.5035960674285889
1761535973.5257506,21.09355770680357,-31.180528874321155,5.993098660230584,-0.3790411593470709,-0.4815161932330229,1.5985775523816246,8.729441369098037,0.3385111873800341,-0.1002477673347106,-0.9578034859436836,0.2456085342071487,0.1082757111492651,-0.1081073065887011,-0.2739264070987701,-0.5713123083114624,0.5036978721618652
1761535973.6256144,21.90903838230451,-30.898588409107557,6.104032487274384,0.1334879069619637,-0.3306015593380368,0.3092669191283583,8.636587632048197,-0.4554098073420384,-0.0995688846978385,-0.941838021123952,0.2606011093154191,0.1111370236486214,-0.1836023918084783,0.0608973801136016,-0.4233435094356537,0.5036850571632385
1761535973.725721,22.69618794230443,-30.566708672296816,6.217980675009145,-0.0236875710965241,-0.4168840943368456,-0.133351500763635,8.558357936404766,0.5395908478697952,-0.0917507015123746,-0.947216129156729,0.2454453245173128,0.1320835350621474,-0.1615702864775487,-0.0073306472040712,-0.5293759107589722,0.5037183165550232
1761535973.8257177,23.447948572752345,-30.17514492499164,6.325269474148514,-0.1373686335353696,-0.4764123066602011,2.0069954312892992,8.50010641800123,-0.0021134068446405,-0.1338563439876153,-0.9269980103296788,0.2603554199052972,0.1392733880917502,-0.2332631665339787,-0.1711949408054351,-0.6015360355377197,0.5037268400192261
1761535973.9257107,24.15816018628119,-29.725533560602265,6.431179916765891,0.3435842909289626,-0.3190203340968462,-0.7370643588948447,8.435711610367106,0.0346728280321273,-0.0952514664131585,-0.9196421231044408,0.2511346713558435,0.1467285509596377,-0.2656019707140907,0.2410060465335846,-0.4380761384963989,0.5036735534667969
1761535974.0258567,24.82731381680248,-29.22524891540074,6.531582424980459,-0.1652154879151283,-0.5225970769986695,1.5575993698158734,8.358758195067201,0.6468541979429112,-0.1327474692705563,-0.9164900605607184,0.2422705519003859,0.1641530636475726,-0.2743565651600357,-0.174211174249649,-0.6800512075424194,0.5036882162094116
1761535974.125632,25.44293848046962,-28.666916879783155,6.623403857972142,0.2949807687408335,-0.3634585479805311,0.829044290441836,8.330806479503748,-0.1909971718694743,-0.1275040708757177,-0.8837924225282596,0.2509625759238708,0.1636600758527162,-0.3604048039932206,0.1435253173112869,-0.4998643100261688,0.5036106109619141
1761535974.2257216,26.007997594137592,-28.062291050710066,6.711161058964047,0.2160884231552129,-0.3929608161070245,-0.2179552421741042,8.283194179483983,0.5925850563328902,-0.1122074122346869,-0.8894732765028751,0.2274771459648052,0.1751978432747673,-0.3565567813652192,0.1480887830257415,-0.5431531071662903,0.5035669803619385
1761535974.325721,26.51530992267552,-27.41057879148983,6.787863500860016,0.2141071368703151,-0.4697532500575219,1.6979081406613108,8.261289300493907,0.5200989891868911,-0.1510469871923657,-0.8677793012003413,0.221451789014747,0.1818721557966011,-0.4068356343312509,0.0566696710884571,-0.6354595422744751,0.5035179853439331
1761535974.4256527,26.95526174618336,-26.71353991561126,6.856626523094106,0.6638482633275578,-0.299298639703457,-0.1023988744644495,8.250550117755687,0.4338778199274962,-0.1237867352523642,-0.8496352202112895,0.2017880950262785,0.1779502228116772,-0.4542755399560819,0.4328438341617584,-0.4312979876995086,0.5034129023551941
1761535974.5268054,27.329227665373544,-25.97914847070196,6.917097320556652,0.5139372005947174,-0.3437318362248615,0.9135064292160634,8.187819985312728,1.0861136979655586,-0.1383277512039686,-0.8499968447192998,0.1698567333417588,0.177006921868632,-0.4668215798954006,0.2908205687999725,-0.4851994812488556,0.5033743381500244
1761535974.625648,27.627361990515517,-25.21030350812868,6.968089128776177,0.6802831250214852,-0.2324030832605129,1.2539374206318648,8.238687089722434,0.6253977928793083,-0.1309494058864951,-0.8141076286218754,0.1535700803593108,0.1655205664006533,-0.5355193612260192,0.3772299587726593,-0.348261684179306,0.5032710433006287
1761535974.7256143,27.85504612731574,-24.416009694464535,7.013302719436375,0.8223993562287609,-0.1325621716005416,-0.0349426908410984,8.227697419893348,0.9671390684365874,-0.1063489746441891,-0.8084592845895875,0.1187229517980477,0.1468126418208248,-0.5578945149260767,0.5282182693481445,-0.2263130843639373,0.5032039880752563
1761535974.825601,28.01480725669813,-23.602548007756617,7.052179974973461,0.6680115140204048,-0.1335097920971599,1.4100772299042523,8.235408612230051,1.1063881108777809,-0.1138297231831073,-0.791669958840891,0.0900295915846673,0.1285953313293955,-0.5908231514754176,0.3583737313747406,-0.2256197929382324,0.5031525492668152
1761535974.925661,28.1066550656982,-22.775722904110083,7.088069487751974,0.9482091993415376,-0.0052508738924219,0.4397140433204506,8.307780772226973,0.7514620923719472,-0.0870936330031074,-0.7591760215233164,0.0640360857957461,0.1023103945420901,-0.6398972729599149,0.5741125345230103,-0.0732318609952926,0.5030998587608337
1761535975.025619,28.14397067092246,-21.94088981490364,7.122574533954087,0.7999757502418525,0.0252588936747958,0.3950847613998211,8.30037046991253,1.1580882922568705,-0.0767909805056507,-0.7575171955072817,0.0302987608259018,0.0717298304042258,-0.6484240549307594,0.4772783517837524,-0.0388640277087688,0.503086268901825
1761535975.1257117,28.129666923611136,-21.101558206310468,7.156809592167893,0.7890493724105904,0.059198252682205,1.0405964543764252,8.375480538972093,0.8491064728793166,-0.0646420057016939,-0.7267593368774837,0.0061531102811712,0.044611157425382,-0.6856178207235222,0.4348060190677643,-0.0022504338994622,0.5030709505081177
1761535975.226014,28.0752922172686,-20.25990709089728,7.192014539148486,0.8319251537023933,0.094548840228515,0.0061003693858895,8.423864738486213,0.7843361108013115,-0.0456491548149117,-0.7109891301855913,-0.0203617209462608,0.0123961572692609,-0.7029507239301893,0.4991335570812225,0.0350841917097568,0.5030759572982788
1761535975.3256955,27.993223810224112,-19.416334902129712,7.227471936354896,0.6319808316430454,0.0966082049290018,0.5951406778937264,8.459304742139079,0.846981114452756,-0.0367253843737989,-0.7018665450060176,-0.0428364967394852,-0.0161660887459208,-0.7109637870381544,0.3483175635337829,0.0335559099912643,0.5030795931816101
1761535975.4259284,27.89011588113493,-18.57090770974705,7.262932060795855,0.6393924266245241,0.0859007355250587,0.2654135958144403,8.528038351889977,0.5171337705765394,-0.0244058183327599,-0.6801642611607085,-0.0617976284864689,-0.0406158952393557,-0.7293985240856864,0.3617898821830749,0.0175536759197711,0.5030825138092041
1761535975.5257516,27.779496986274943,-17.722012893516002,7.296375780335622,0.5123047378691687,0.0679449140637264,-0.0285370736736994,8.570636921287576,0.5382954015360794,-0.0201346345693628,-0.6780779332200926,-0.0787792274427599,-0.0644697169014304,-0.7279604982163437,0.2966682016849518,-0.0041806092485785,0.5030761361122131
1761535975.625768,27.669237909364305,-16.86857318244606,7.327007907367256,0.3617309535401676,0.0476309141476903,0.2331787716595173,8.624746402881359,0.3577582775425685,-0.0139742598736642,-0.6704193390352726,-0.0912792145922581,-0.0810565828790001,-0.7319177456289088,0.194080114364624,-0.0290388129651546,0.5030514001846313
1761535975.7258632,27.568180117043266,-16.00917174653102,7.352942112793352,0.2882103075218555,0.0093106936778029,-0.184199895156485,8.677442570632545,0.1810129265170725,-0.0146316249548019,-0.6679858296446939,-0.1012279437770045,-0.0938433085904905,-0.7312956531429429,0.1679367423057556,-0.0705987364053726,0.5030257105827332
1761535975.826049,27.48525005968242,-15.142925158630907,7.373199994542713,0.1354056345268132,-0.0067863016030718,-0.1278393544706901,8.72722548119708,0.1329887305549869,-0.0142449788847711,-0.6742422150292198,-0.1071956347018296,-0.1023763271074837,-0.7235140995658713,0.0786256417632103,-0.0879016444087028,0.5029813647270203
1761535975.9256396,27.426070376716467,-14.269587950026375,7.387251045456602,0.0129020580906001,-0.0299930873104915,-0.1536654126218236,8.779490008265965,-0.0637236811952993,-0.0141553043093427,-0.6774114090384666,-0.1094846914477242,-0.1046364527701277,-0.7198778859388555,0.0119649553671479,-0.1119750291109085,0.5029242038726807
1761535976.0256891,27.397617622976668,-13.389319970055949,7.3941836868243485,-0.0873451457448462,-0.0433239846390262,-0.3645528538846359,8.832251516058568,-0.1468918716531764,-0.0161429986592404,-0.6882575126481598,-0.1081941713136996,-0.1037548654926161,-0.7098355527304084,-0.0328067019581794,-0.1245731562376022,0.5028759241104126
1761535976.1266336,27.403456675324545,-12.503182183036769,7.394435084696583,-0.2308599685670698,-0.0317129375218002,-0.2282644849524781,8.886079368336441,-0.2434207607441533,-0.0128650837658454,-0.6998503117360427,-0.1022397309023641,-0.0982086102978854,-0.7001001485110907,-0.1115931645035743,-0.1127276420593261,0.5028073191642761
1761535976.2256885,27.44702778502017,-11.612304489526558,7.387771141259467,-0.2921275165076718,-0.0263134628847041,-0.3925094703024721,8.940434853408775,-0.3652222712143002,-0.0105103752343573,-0.7116419644462406,-0.0925059968791079,-0.0894022567794961,-0.6906656666311449,-0.1342630982398986,-0.1071737334132194,0.5027601718902588
1761535976.3257763,27.529411747561344,-10.718477375922072,7.374834577458373,-0.9213741589504314,-0.0021148087523442,0.3358257526573535,8.977281460312597,-0.7295089572757074,-0.0157535731525173,-0.7163699431528073,-0.069564076651114,-0.0670894204714855,-0.6909865549271319,-0.4736077189445495,-0.0822351425886154,0.5026998519897461
1761535976.4258955,27.65970336711748,-9.824978292721427,7.358924401147552,-1.0865865583689864,0.0115572599938133,-0.5990691589864047,8.95432982880517,-1.3414538459284078,-0.0423032046127972,-0.7162647652395947,-0.0309775301664371,-0.0290875742227528,-0.6964886742649573,-0.5130547285079956,-0.0655210688710212,0.5026520490646362
1761535976.5256944,27.84517444736893,-8.937191835683874,7.349055194988733,-1.1714851730603106,0.0864422826260704,-0.865406196349481,9.046469724358596,-0.8824869845182496,-0.019515794957133,-0.752493655448874,0.0106059501816491,0.0050160170144272,-0.6583791228571481,-0.5380649566650391,2.254683022329118e-05,0.5026400685310364
1761535976.6256585,28.067794798709294,-8.054286620310535,7.346145826927267,-1.3433714321432169,0.1157374725913217,0.4363577519096133,9.051824635199164,-1.1446837943271448,-0.0047391626686527,-0.7510965579761093,0.0633794868655542,0.0428936946547,-0.6555747727028182,-0.660230278968811,0.0251575298607349,0.5027108788490295
1761535976.7256837,28.31751802804227,-7.175963616898882,7.352266911913009,-1.2241013632930016,0.1088224225969402,-0.6599679739691006,9.036076380948538,-1.385112345915006,-0.0123318700889522,-0.7470078238902336,0.1172747536684754,0.0835967939018503,-0.6487458057462326,-0.5591645836830139,0.017966341227293,0.502752959728241
1761535976.8256693,28.584976323292995,-6.3019468564355146,7.371477904032239,-0.4794645849489751,-0.0230001961411156,-1.2178023977583714,9.140951180877057,-0.4253244259475788,0.0154508290750819,-0.7771636867567756,0.1455973956949058,0.1158743859162403,-0.60081570255103,-0.1801373362541198,-0.108402669429779,0.5028550624847412
1761535976.9257922,28.837814406071782,-5.422557615685453,7.390870286000017,-0.5023039550546377,-0.2082593875691252,0.9963651417312696,9.161505651836228,0.0793204380563424,-0.0140373039439025,-0.7787869578935674,0.1570536947006657,0.1342586927326728,-0.5919209504952775,-0.2763997316360473,-0.2708461880683899,0.5029371976852417
1761535977.0257251,29.052124230409067,-4.532235814568827,7.408240099753582,-0.4491583293758111,-0.1494743356009475,0.6099299109300523,9.137687984782431,-0.7054914747422245,-0.0242687221978687,-0.7354474616533093,0.179838086800345,0.1482395713567687,-0.6358436852054872,-0.2347805798053741,-0.2144989371299743,0.5029059648513794
1761535977.1258204,29.235435733358447,-3.634972150958349,7.430484177178846,-0.20068333503018,-0.1986155258830819,-0.659854891020515,9.166982353741137,-0.0966040102479438,-0.004859050678474,-0.7433433878110958,0.1832596415371279,0.1661704341297613,-0.6210706292473231,-0.0699920579791069,-0.2643581926822662,0.5029144287109375
1761535977.2257211,29.37560255874922,-2.729723474274892,7.44924944368048,-0.1749036244571551,-0.4302567676560962,1.119696389508252,9.165220089463594,0.1885891159978252,-0.0636210248463688,-0.7303888441761694,0.1824597973366259,0.1815928350422584,-0.6322412663471275,-0.1224784851074218,-0.4646531045436859,0.5029451251029968
1761535977.3257527,29.452822098792115,-1.817864856725106,7.468529082880939,-0.1120877521342061,-0.3502768223886579,0.5187023318531321,9.150227458856708,-0.2132725738161847,-0.066834228921295,-0.6931384558627067,0.1835610769152599,0.1912194024666003,-0.6698407206418499,-0.0725566074252128,-0.3914999365806579,0.50290447473526
1761535977.426021,29.472215206952203,-0.9044981992367446,7.493316002674267,-0.0785708176456896,-0.3864403848258535,0.2507092672236685,9.139583437471057,0.0774246079171767,-0.0581333466944889,-0.68197129321395,0.1772628128412182,0.2041923401445995,-0.6791003644305539,-0.0458021238446235,-0.4289501309394836,0.5029367804527283
1761535977.5257058,29.42823060013165,0.0064323310412143,7.519065578210537,-0.0106064295217669,-0.4560704863756568,0.764392950036966,9.12096717461683,0.1204009280633491,-0.0826289464868546,-0.6569457133381224,0.1703147048160484,0.2152120041950522,-0.7017314720376004,-0.0329124853014946,-0.4907200634479522,0.5029670000076294
1761535977.6258,29.3148719871488,0.9089920046267322,7.5476293879716,0.0030701245093821,-0.4183247074326612,0.5757264126931287,9.097864797537769,0.0761199958449377,-0.0803180433069941,-0.6282008568847289,0.1619092149441957,0.223331665987954,-0.7269956631052964,-0.0208342019468545,-0.4587081670761108,0.5029715299606323
1761535977.7256944,29.13369055820152,1.7978850316845558,7.579066608262178,-0.0073565375029892,-0.4268227800338863,0.6359932071582017,9.074964420882369,0.1065055196552024,-0.0797711303361783,-0.6013608510586096,0.153454198913737,0.2318911672001108,-0.7484707324361067,-0.0270516797900199,-0.4701386392116546,0.5029994249343872
1761535977.8257186,28.886279461592807,2.668157585854942,7.612112169782628,0.0504903706318056,-0.4282516591382971,0.5829674916263026,9.051373284937936,0.1340619883689654,-0.0828244437087236,-0.5732521196886045,0.1435461591218733,0.2389004199077302,-0.7699335284515166,0.0031383929308503,-0.4738337993621826,0.5030208230018616
1761535977.925716,28.572125756452863,3.5140100757637875,7.646268014778895,0.029980832726892,-0.429903703925184,0.6949774702258364,9.027976659116126,0.1623023287901873,-0.0846436380486947,-0.543826653600173,0.1331837329297701,0.2448531521897716,-0.7909230351641274,-0.0123666329309344,-0.4781773090362549,0.5030328631401062
1761535978.025695,28.19354421616745,4.330469007932029,7.681055730090261,0.0463615703235117,-0.4147324363034494,0.6558282000871645,9.007010983379612,0.1206477064107972,-0.0831535985169986,-0.510572807426506,0.1240519471670066,0.2501556754056543,-0.8125517079852264,-0.0019157608039677,-0.4665762484073639,0.5030420422554016
1761535978.12567,27.75326425184016,5.112933444863497,7.716028510338567,0.0592279456832002,-0.409087747539642,0.6057294139368847,8.987472174274773,0.1703954111055547,-0.0811670675758468,-0.4810039353498828,0.1133643879143558,0.2542522806230811,-0.8306205273416704,0.0057431771419942,-0.4643499255180359,0.5030470490455627
1761535978.2257714,27.254215888147066,5.857110681678647,7.750130014314341,0.0439361196924414,-0.4097267401546422,0.7223866323550794,8.971182980862846,0.1590779787772074,-0.0831379118653449,-0.4472909130187377,0.1037094558267454,0.258119812447503,-0.8492468143896743,-0.0060762329958379,-0.4663779139518738,0.503048300743103
1761535978.3257968,26.69986947527897,6.559086698590611,7.783303171768376,0.0665680693010137,-0.3915509945823177,0.6204888799643464,8.957751242223596,0.149150307186294,-0.0798706429342943,-0.4135210650393016,0.0940531418068572,0.2608807863744073,-0.8664137799438767,0.0095729250460863,-0.4510476291179657,0.503039538860321
1761535978.4257407,26.093262463473867,7.21480062040571,7.814923233629934,0.0522271718358139,-0.3915649429805888,0.6777342981604619,8.947451339686646,0.1749203051753723,-0.0792999468233575,-0.3807907797367152,0.0841368577336582,0.2631900266324126,-0.881541284203556,-0.0003186310641467,-0.4526499807834625,0.5030341744422913
1761535978.525694,25.438537777082068,7.821220537156109,7.844530455176352,0.0571485674099766,-0.3814937461231202,0.6756460218771168,8.941072339643188,0.1480791836199722,-0.0783836301285969,-0.3449542266662408,0.0751288547498995,0.2651791200953136,-0.8963192483583223,0.0026631774380803,-0.4435136914253235,0.503017783164978
1761535978.6256807,24.739572150321173,8.375212662259873,7.872045565278803,0.0565922583863444,-0.3745195729673604,0.6382310818592505,8.937680801201688,0.1639217193961189,-0.0759622525885224,-0.3111691763398451,0.065674233342281,0.266349001524961,-0.908927190690673,0.0031783324666321,-0.437786340713501,0.503002941608429
1761535978.725644,24.00058150507605,8.874274685037976,7.897033201898554,0.0455943047477751,-0.372738848061248,0.6885579241059249,8.937962123583468,0.1547098341449099,-0.075683460622878,-0.2755798965807632,0.0567871752941857,0.2675503611651788,-0.9205154366311268,-0.0038329474627971,-0.4358584582805633,0.5029842257499695
1761535978.8257363,23.226035700136435,9.316417429991002,7.91954608333892,0.0534943255412622,-0.3635315876627747,0.638081789463987,8.9412876939043,0.1469264260258486,-0.0734082910866991,-0.240090952034475,0.047995613649593,0.2681819853750828,-0.9306565452809236,0.002090795431286,-0.4268661439418793,0.502963125705719
1761535978.9256847,22.41991984331468,9.69904711011337,7.939417696877196,0.0415840980711101,-0.3629778159508834,0.6627990545309292,8.947458080629646,0.1547559391284477,-0.0723321100798605,-0.2051893398377655,0.0391333824371144,0.268549639985523,-0.9392068531530294,-0.0052324091084301,-0.4259433448314667,0.5029430985450745
1761535979.025709,21.586920187121724,10.02091903555907,7.956631762284728,0.0435338675089102,-0.3573405109724944,0.6545992198291524,8.956512861848674,0.1382134487119402,-0.0709446046927018,-0.1689356799392623,0.030705136843893,0.2688109275284208,-0.9465686624966696,-0.0034561369102448,-0.4194969236850738,0.5029206275939941
1761535979.12564,20.73143768122973,10.280400803616375,7.971295060610835,0.0392186374320759,-0.3541416076925511,0.6371343065304275,8.967741943672417,0.1436533470954367,-0.0690284977289688,-0.1339363259491491,0.0220803912224265,0.2685973114301624,-0.952381906835212,-0.0054300725460052,-0.4155806005001068,0.5028994679450989
1761535979.2256036,19.85807355158172,10.476625070988415,7.983372101336936,0.0336631377570081,-0.3528647575529037,0.655147921821954,8.981243382012295,0.1351878231182214,-0.0679872878381592,-0.0981353682467342,0.0137128330617659,0.2683860715641489,-0.9568783624773975,-0.0084687937051057,-0.4128691256046295,0.5028778314590454
1761535979.3256612,18.971402862444045,10.608856836956116,7.993044229856011,0.0344823849195231,-0.3485911493992336,0.6291040657249914,8.996449838036732,0.1308709416812614,-0.0660235567562606,-0.0627574989702811,0.0053527036999324,0.2678086849941765,-0.9600233393445644,-0.0072544016875326,-0.4074614942073822,0.5028570294380188
1761535979.4256432,18.07598420247602,10.676678097235776,8.0003753863894,0.0269405515284418,-0.3483110906714542,0.6409089426641664,9.01318948638242,0.1301132360053104,-0.0646573516304445,-0.02765953849454,-0.0029933721087007,0.2670831469642499,-0.9618188781323868,-0.0113753592595458,-0.4056246280670166,0.5028373003005981
1761535979.5258083,17.17637595229951,10.679878609001532,8.005501792314572,0.0274664182524305,-0.3453857366672253,0.6282077650255603,9.03118651154228,0.1217999877415297,-0.0630008923065484,0.0076279126064224,-0.0112133788557519,0.2661768128565958,-0.9623084800678102,-0.0104593308642506,-0.4011031091213226,0.5028184652328491
1761535979.6256115,16.277108056276337,10.61866001491582,8.008580190088944,0.0223533614667603,-0.3443705532364174,0.6253833867627943,9.05009000773226,0.1224362151253261,-0.0612919557884715,0.0421980443161714,-0.0194890655749604,0.2649884409581736,-0.961543419029163,-0.0129789663478732,-0.3985068798065185,0.5028006434440613
1761535979.7259042,15.382493486570745,10.49473180974752,8.009731333808197,0.1394431391380207,-0.3435005170543389,0.4887077303133831,9.06929692454628,0.1465618698290848,-0.0603634130730559,0.0754596559589387,-0.0279628182878255,0.2620323964078502,-0.960071589068757,0.0517020598053932,-0.395878255367279,0.5027859210968018
1761535979.826514,14.4971972479726,10.306923626295896,8.008596521060207,0.346990036765847,-0.3464490809551129,0.3663931617074186,9.079138232698089,0.4366242621154984,-0.0652986948235216,0.0968786057088521,-0.0388354480853126,0.2480855110974157,-0.9614652440680116,0.1564441621303558,-0.3959233462810516,0.5027633309364319
1761535979.9262345,13.62812029417614,10.048262024331605,8.004292256825018,0.369605747039072,-0.3361692499530395,0.8812460527512742,9.09387542936802,0.4866879835990287,-0.0711365271483477,0.1341256859065127,-0.0454085962991693,0.2303935974018196,-0.9610512291307702,0.1461607366800308,-0.3835668265819549,0.50273597240448
1761535980.0260437,12.779994139709522,9.722645322808187,7.998445168601287,0.5808876916605193,-0.2103575522413197,0.3761839098642149,9.114537256768086,0.492772298600676,-0.0471736779146951,0.1706614322640582,-0.0468448545477828,0.2066205030990794,-0.9605787856287568,0.2657288908958435,-0.2689065933227539,0.502693235874176
1761535980.1257195,11.955925171738915,9.334368791566492,7.989075404826005,0.6296953216811649,-0.1504214193764453,0.6511790198105781,9.125785983776606,0.7517321106042141,-0.0349246109056391,0.193441033899062,-0.0456135354861104,0.1760335488378576,-0.962385210356033,0.2769049704074859,-0.2148872464895248,0.5026654005050659
1761535980.22568,11.159041586653304,8.886675508986002,7.974318121932737,0.7165118117596023,-0.0479682526565752,0.7030256019218529,9.17049015026292,0.6322370970966376,-0.014121787788153,0.2339583307997534,-0.0368686552983074,0.1449245722085137,-0.9589132626760364,0.3116892874240875,-0.1241311058402061,0.5026050806045532
1761535980.3256874,10.388294647417904,8.387996915019242,7.953444358686078,0.7830720887104692,0.061735657438529,0.3630911505718981,9.208522337024464,0.7457018376589907,0.0147303624924233,0.2567748193241718,-0.0236754878287651,0.1091067543869301,-0.958211061124509,0.3503254354000091,-0.0302973296493291,0.5025404691696167
1761535980.4256964,9.642099321212132,7.844906217134903,7.92345814785918,0.7584869288612336,0.1245996988369293,0.6745591419868062,9.266021787039971,0.736223675809475,0.0353776199517624,0.2830338245532997,-0.0063716494083836,0.0743030920798656,-0.9543652477238704,0.3215346932411194,0.0192025005817413,0.502463161945343
1761535980.5256643,8.91721944260473,7.264506615936151,7.882814843082819,0.7793135672432558,0.199054016896581,0.3867726856423127,9.340271853497422,0.641759421631404,0.0613532473325154,0.3073464934071236,0.014443180691447,0.0397283271309336,-0.9487796676896344,0.3335870802402496,0.0771020278334617,0.5023685693740845
1761535980.6256316,8.207983680155186,6.654868569432342,7.828657598296493,0.723893697334305,0.2337984857162325,0.3000002702348145,9.421218500189743,0.6121919060705829,0.0830697166473221,0.3225606491004839,0.0367523256423806,0.0083155920207753,-0.9438788696229892,0.3025391697883606,0.0977814346551895,0.502271294593811
1761535980.7277656,7.5092491377156305,6.022204715913381,7.758284328457222,0.6551563354367201,0.2458858130973145,0.2490874503558707,9.514216994465365,0.5617538537944423,0.0986320165685606,0.3338145372977088,0.0594960350029896,-0.0211081622654797,-0.93855966480777,0.2670810520648956,0.0995443016290664,0.5021684765815735
1761535980.8256488,6.81558554218046,5.372269479042652,7.670257256819887,0.5500534497384878,0.2335421607166674,0.2257686238929649,9.620768929109172,0.4314376653940844,0.1106974943506192,0.3438297883085588,0.0804998920692776,-0.0460741664788576,-0.9324414458159026,0.2175719588994979,0.0816868692636489,0.5020636320114136
1761535980.9277155,6.120430385728612,4.711485439279372,7.563069604538356,0.4960148177054062,0.1930386592877699,-0.0193285267162261,9.73323990779124,0.3457984896414721,0.1154892040282339,0.3462998316438464,0.0993529638340651,-0.0670376215660253,-0.9284093472853068,0.1959414780139923,0.0439758412539958,0.5019782781600952
1761535981.0259464,5.418015529130764,4.045381152128015,7.43708214369811,0.3641675103650648,0.1481765284235356,0.0470905391022883,9.849897682651816,0.3011175862601897,0.1153165443205575,0.3434806110813653,0.1149607557284094,-0.084286597737994,-0.9262366635022088,0.1412548124790191,0.0065441853366792,0.5019119381904602
1761535981.125734,4.703990125870273,3.378010728348648,7.294036565234804,0.5825058111031467,0.0797495638796792,-0.3580772754048673,9.966051414474476,0.3570881935410215,0.1074913514629616,0.3326485642848044,0.1299352655937153,-0.1046445500412082,-0.9261246684321646,0.2263468205928802,-0.0443000383675098,0.5017715096473694
1761535981.225966,3.97548274855234,2.7118788295787706,7.13825940578357,0.3310366227823813,0.0298954676793247,0.2660474802198049,10.082623196750705,0.2943108334383995,0.1023810901317515,0.3267265560194373,0.139989376431224,-0.1237597152625779,-0.9243997683426144,0.1087414026260376,-0.0795427933335304,0.5016760230064392
1761535981.3257964,3.227428504216205,2.053114300603403,6.972613651235847,0.1968953530145703,-0.1073913279692177,-0.3969968669289387,10.195909222446762,-0.0360568033363535,0.0808327384695634,0.3270333094667774,0.1419517492852643,-0.1360641389751379,-0.9222570486387186,0.0757080167531967,-0.1678594201803207,0.5015965700149536
1761535981.4256637,2.450439118038469,1.413728101422643,6.801450708138429,0.2497133539506008,-0.1676721817889034,-0.4381046710029005,10.289800959398368,0.1853385303226838,0.0584521416816874,0.2997677223000241,0.1417021946396639,-0.1443511758220268,-0.9302513565134524,0.0970913022756576,-0.1999720484018325,0.5015357732772827
1761535981.525669,1.6453856018698356,0.7946230116175164,6.633750464073881,0.1958886733834153,-0.1844625250099455,-0.0459498417281556,10.369906575027844,0.1577412451036907,0.0615057083884958,0.285393585439991,0.1395475595122602,-0.157665979833777,-0.9329265190092612,0.0633518919348716,-0.2091895639896392,0.5015226006507874
1761535981.62566,0.8120169806085235,0.2003633213665324,6.47082017756475,-0.2569371768386314,-0.2780081953808064,-0.0515877218595234,10.431157879653291,-0.3026269619911268,0.0420744072461758,0.2872019160777738,0.1271995575734887,-0.1578122497858327,-0.9341095964156556,-0.0840987786650657,-0.2622132301330566,0.5015666484832764
1761535981.7256837,-0.0562475894667374,-0.3537387851349369,6.314811246383435,0.0306480522013498,-0.3277824220707164,-1.1166236959552884,10.478439933772105,-0.0918693216874495,0.0183982181115049,0.2537182036610788,0.1156185057011916,-0.1525315030674152,-0.9460937635703672,0.039585892111063,-0.285713791847229,0.5016043186187744
1761535981.8256927,-0.9546746912172688,-0.8688381624682945,6.174263480191676,-0.1031552913434123,-0.1638023581167951,0.3282222898968185,10.503365634840966,0.1844311108755351,0.0560007437882968,0.2254197751287398,0.1085323602137785,-0.1547288436915303,-0.953700565188236,-0.0413888283073902,-0.1902102082967758,0.5016697645187378
1761535981.9257715,-1.874946620347236,-1.351827692177109,6.0441087631171815,-0.6678423777315406,-0.2186159635065346,-0.0490910678335765,10.496240725833283,-0.793181860861068,0.0501838161988532,0.2504736229475008,0.0909497483770062,-0.1373803874511568,-0.9519336280229456,-0.2107641249895095,-0.2234233021736145,0.5017939209938049
1761535982.025658,-2.8237577763889017,-1.7807418654577658,5.919328139605081,-0.062215683064553,-0.2080856920396005,-1.7939409891207454,10.530471576907193,-0.1818197922146535,0.0348690588123669,0.1960127822443252,0.0802693373093637,-0.1135011860804104,-0.9686416776109344,0.0284273028373718,-0.2126480787992477,0.5018410086631775
1761535982.125679,-3.790821064638674,-2.1717967157289584,5.807102431741887,-0.1640805853712981,0.0773172030443837,0.9348973291966084,10.528892927917516,0.4106589341156222,0.1221617233217928,0.1613175593961698,0.0830747476776014,-0.1139853185266902,-0.9747168201174962,-0.076939582824707,-0.054509837180376,0.5018952488899231
1761535982.225675,-4.765102341708263,-2.5462420599911537,5.691076484767327,-1.1433335671316294,0.0114523664512519,0.2424154324509502,10.46005087586054,-1.394907081536397,0.1016823577749465,0.2294216120315273,0.0718760378053391,-0.0788417878221067,-0.9653542440002466,-0.366703450679779,-0.0930211171507835,0.5019801259040833
1761535982.325968,-5.759730999111703,-2.8637072824658736,5.567909124999803,0.2717786521994249,0.0026946208670673,-3.120760434628064,10.560328697409968,0.2082657592486673,0.0928421642073069,0.1280381322776133,0.070315872532453,-0.0504579167958215,-0.9858621389664606,0.16827954351902,-0.0941997468471527,0.5019097328186035
1761535982.4257922,-6.760748228760655,-3.165545196650184,5.447278147768344,-0.0727496418641873,0.2572564428104173,2.897360775847539,10.549309336643866,0.7595590929414606,0.1717724784984916,0.1131585391764191,0.0800701608582488,-0.0653187200251465,-0.986032814515876,-0.0907613784074783,0.0441904962062835,0.501894474029541
1761535982.525862,-7.759900018679263,-3.474720965668904,5.313232592388918,-1.732594715194694,0.0946828306857831,-0.1619849015928771,10.364775214134731,-2.2344060206447764,0.0824974543146304,0.2366239170086599,0.0712999604643474,-0.0176372075009062,-0.9665505963065424,-0.537440299987793,-0.041843507438898,0.5019073486328125
1761535982.6257672,-8.779720209270925,-3.712975456055085,5.181541277698855,1.0051312434127015,0.0987260257370437,-4.589012307352774,10.591554101087882,0.5638351489701307,0.1081431832527411,0.0775484960924609,0.0613920261518826,0.0242636372919102,-0.9925089253204658,0.4365031123161316,-0.0367322526872158,0.5017737746238708
1761535982.725756,-9.798550500729853,-3.961200747037429,5.0635521856753645,0.1255892742530446,0.0840804370350802,4.873870766226822,10.37266688614237,2.151336050936856,0.0587828154135317,0.0363351011893688,0.0648905159365276,-0.0464386954021299,-0.9938058292459914,-0.099687248468399,-0.0426005348563194,0.5018705129623413
1761535982.825818,-10.80396553775561,-4.256696814951892,4.964373493872553,-2.9564607049961698,0.0041042089185122,0.8542323872966836,9.613258443481072,-4.341824084578684,-0.1132524365370207,0.3288266512847225,0.038436866984182,0.039946647038931,-0.9399839354195502,-0.9543380737304688,-0.0619680918753147,0.5019764304161072
1761535982.9257996,-11.8274583808176,-4.44352018858943,4.922566080146244,2.325602864343502,0.1026351017845868,-9.458607702214632,10.154966353471162,2.331805801479307,0.0429328045859646,-0.0350052767505023,0.0038011246523892,0.0431183788884164,-0.9955138747788492,1.0,-0.005384883377701,0.5020928382873535
1761535983.0258622,-12.823305020972253,-4.678954932931058,4.935308183059628,-1.7612884608543171,-0.2220897579152596,12.58634679321959,9.840601556777454,2.639122630914177,-0.0632223645398378,0.0293492328397081,-0.0237053139869631,-0.0356539340488108,-0.9954525131135648,-0.9801056385040284,-0.1952938735485077,0.5025702714920044
1761535983.125909,-13.772694882780543,-4.98596065854422,5.013020160915956,-2.2546176026720928,-0.1737465877347012,-3.6317619023375527,8.205925021955343,-5.618332539925485,-0.2639159313000428,0.4034543720046321,-0.0583606768461841,0.0753423227902423,-0.9058699526902878,-0.7327790260314941,-0.1644288599491119,0.503074049949646
1761535983.2258594,-14.714306376620309,-5.147070640725035,5.175998043204887,0.2071455052482931,0.0948367058486896,-6.844550444466893,9.34786350644446,2.395810742016089,0.0679904075556692,-0.0604110236018092,-0.1044226751157002,0.0647619186398135,-0.9863398800989304,0.319923460483551,-0.0195955298840999,0.5034591555595398
1761535983.3257437,-15.62613745749005,-5.337142344043278,5.341163881101366,-1.501956130483762,-0.1299828115630296,10.527603157850454,9.445572346037313,-0.4613913088302056,0.0503657694500314,0.1392544574840297,-0.0907233340925658,0.1334195753976452,-0.972409827662123,-1.0,-0.1808711886405944,0.5041134357452393
1761535983.4259205,-16.512694885003512,-5.554613270309586,5.503372627508476,0.8426371997567188,0.6777098104426681,-8.773010244321963,8.702649461524922,-3.1513504189504453,0.1771282917211056,0.2428066925664831,-0.0726716445646806,0.1828039616481188,-0.944961076431036,0.6688728928565979,0.4948371648788452,0.5039534568786621
1761535983.525794,-17.394204904547497,-5.713977117535343,5.658319788921309,-1.405417674156429,-0.2977038727955477,2.332537641877589,8.554390400962394,3.171546717680398,0.1286888809961937,-0.0853649673217589,-0.1059352949972071,0.1523602098832206,-0.9738065959998126,-0.7513965964317322,-0.3815673887729645,0.504146158695221
1761535983.6260571,-18.257415512764418,-5.942328849742461,5.757087174446483,-1.5528576111196746,-0.0832350853152903,5.505529460924381,8.570805624046907,-2.8585055706436,-0.0777136527572098,0.2750496351111114,-0.0516689260412097,0.2519409252602173,-0.9205528968396068,-1.0,-0.136674016714096,0.5038917064666748
1761535983.725887,-19.10869016842765,-6.171660577084375,5.86612277696974,0.3612754158958199,-0.8175565815602494,-8.029029975111019,8.93608571065325,0.3916087745082539,-0.0031856173169063,0.082882683261846,-0.0909911724658006,0.2181191089139776,-0.9623305105184408,0.5069866180419922,-0.8833507299423218,0.5035127997398376
1761535983.8258035,-19.948966601457595,-6.420669877240639,5.955246659516464,-1.062848730463034,0.272305957841541,7.39089252672208,8.821273755554092,1.1045455241559876,0.0395957333243455,0.0947852416252929,-0.0959207692462012,0.2562948990690719,-0.9511842858211108,-0.8411115407943726,0.1936812698841095,0.5036787390708923
1761535983.9257631,-20.767845244269036,-6.735256147719048,6.005140638647142,1.0023919725237056,0.2809131652280233,-3.5279222554955973,8.579036145133067,-2.3287595218495354,0.086187058857626,0.2875546668859615,-0.0370659898149648,0.2867790524481666,-0.906606935187342,0.6473312377929688,0.1863987892866134,0.5033881068229675
1761535984.0259051,-21.58206866346342,-7.059693968396766,6.053687301501602,-0.558493219939398,-0.4945548120997295,0.1841456130390922,8.599477540938368,2.1833656521114877,-0.0480276744918601,0.0750476952340396,-0.1141237236877361,0.2486402870985401,-0.9526488522372724,-0.2830479145050049,-0.568919837474823,0.5031661987304688
1761535984.1258469,-22.358760240975226,-7.46331322923615,6.079090619964563,0.0440982616940613,-0.5456082801024484,4.448662532457793,8.83710721952241,-0.9111791535894452,-0.0191476658718718,0.2905783909720202,-0.0683188614714332,0.29391909901561,-0.9012343335779875,-0.1556664556264877,-0.6292346715927124,0.5031556487083435
1761535984.2258003,-23.11295035618636,-7.915675041842314,6.086451404486806,0.0614260362051655,0.0282616392051162,-3.3806884047051304,8.927244855677396,0.2592467667035691,0.0730543292411493,0.2462441361477622,-0.075211021209203,0.2627056412452759,-0.9232277987899896,0.1555485427379608,-0.0674672946333885,0.5028720498085022
1761535984.3276508,-23.848663841963447,-8.407376692883691,6.069666720479181,-0.2573023392963807,-0.7896515761858861,3.7303747713561153,8.982209471214889,0.4470305394243745,-0.1101141059347457,0.2808302374978985,-0.0892770068654626,0.2807124202908646,-0.9066047179203012,-0.2659172415733337,-0.8256250619888306,0.5028075575828552
1761535984.4259467,-24.53947793608622,-8.966475672291416,6.045626434973163,0.4817438880682979,-0.2870065777566544,-1.3809618303234292,9.007830722876742,-0.4076115852014977,-0.0707828994497513,0.357011256964637,-0.0880583170570447,0.2672767268277971,-0.8836405440212535,0.2859039902687073,-0.3441344201564789,0.5025590062141418
1761535984.525912,-25.192707311422957,-9.574170238676045,6.028283929598928,-0.42978677118295,-0.5869027402037628,1.826607596607652,9.0393217110692,0.6059495047504869,-0.0837402708048601,0.341060024765755,-0.1124135668512068,0.2634285802802,-0.8882980512193078,-0.2734163403511047,-0.6222277879714966,0.5026041865348816
1761535984.6257415,-25.79275455345936,-10.238258520611028,6.009021191900561,0.3768459690656863,-0.4916645428197908,0.1675634209263359,9.063133665519258,-0.4415378749867288,-0.1167221408674051,0.4277974799038159,-0.1163820427372064,0.265396896458195,-0.8487371888858531,0.175282135605812,-0.5244274735450745,0.5026052594184875
1761535984.7256548,-26.34032126302272,-10.948032927162648,6.001358656064333,0.1525663539900819,-0.4911978766803632,0.0005023177633403,9.057681951031311,0.7661867965042967,-0.0829193671610622,0.4043951546993856,-0.1363935944879099,0.2382157610073393,-0.8651217352663759,0.0750504359602928,-0.5281872749328613,0.5026280879974365
1761535984.8260248,-26.82132762235628,-11.705518587125765,5.992982228742751,0.2595145318777582,-0.6055853167437347,1.7361099187629152,9.086675503278592,0.2288091878159927,-0.1406165445682761,0.4734525697737745,-0.1427753209485718,0.2293551074974951,-0.8307157090983844,0.0604164041578769,-0.624398410320282,0.5027080178260803
1761535984.9257348,-27.23005675911428,-12.503975018254966,5.99314347236747,0.6344058315075194,-0.3150087922517053,-0.4999023213073814,9.075475331529155,0.5073584255317359,-0.0732105336779902,0.4960058378565859,-0.1414366051758771,0.1985408340341837,-0.8256932986677024,0.3271101713180542,-0.3638685643672943,0.5026960968971252
1761535985.0256991,-27.57101527479938,-13.33409315401738,5.994866501136232,0.4215032131129073,-0.4025059065426555,1.5428257806309664,9.058641781660112,0.8195199766681973,-0.0916802817916973,0.5219788305197948,-0.1402635922377096,0.1727068752786065,-0.8155999226856432,0.148026242852211,-0.4431861937046051,0.5027840733528137
1761535985.12584,-27.83768087739367,-14.191418793845695,5.997481846430042,0.7626176748741238,-0.1861759535151949,0.2635062776302689,9.09436676129463,0.361738358241216,-0.0551546456215768,0.5764291821120935,-0.1260102318843368,0.1492894534870473,-0.7852837328249658,0.3578841686248779,-0.2465166002511978,0.5027706623077393
1761535985.2257829,-28.043335359946976,-15.066679788499371,6.001321240867592,0.6510100106001272,-0.1207481882533903,0.4610916407462945,9.066236025766251,0.9892307587251142,-0.0310667952388861,0.5803445987241515,-0.1091056030669882,0.1153194933626742,-0.7906208594538472,0.2968194186687469,-0.1900998651981353,0.5027980804443359
1761535985.3258336,-28.18566188543798,-15.956435873246615,6.0011193772382265,0.6687681534675814,-0.0520696775030583,1.215883751022507,9.124257540605283,0.569263580346501,-0.0211777210711382,0.6283116443661358,-0.0883036903699777,0.0933303340515538,-0.7587663064124073,0.2757570147514343,-0.127788707613945,0.5027891397476196
1761535985.425612,-28.276289087780917,-16.85570395017163,5.998067432754223,0.8269525367662811,0.0959889184424565,-0.1952541290763368,9.152267568889012,0.6655764109943931,0.0237356931381342,0.6451618692224671,-0.0596346283668376,0.0667426225113821,-0.7501552716653905,0.3974431455135345,0.0002476801455486,0.502758264541626
1761535985.5258002,-28.32473441705313,-17.762079335608316,5.9869380147535365,0.5482692101265224,0.1026087963434312,1.0522987550027594,9.182811701697483,0.8302288167374906,0.029517942967032,0.6586449381941081,-0.0321589762700161,0.0439620046049945,-0.7417348400083574,0.2164826691150665,0.0029349757824093,0.5027307868003845
1761535985.6256351,-28.33401597902062,-18.67430665473133,5.967041582843915,0.6431803704287657,0.1677067399563958,0.2271407131436584,9.269092946311362,0.2833718487453164,0.0584183141096966,0.6927413517177892,-0.0057684849964492,0.0287613636640581,-0.7114445598774755,0.2841550409793854,0.054307859390974,0.5026577115058899
1761535985.7256827,-28.32165934416232,-19.59203990192187,5.9354230176752845,0.5661456052478786,0.1834856091683707,-0.0156961135199231,9.31200928037848,0.6958502858533867,0.0690387428186339,0.6842448499848619,0.0232406863044829,0.0116279669986165,-0.7197318487032957,0.2538545727729797,0.0631384029984474,0.50258868932724
1761535985.8256152,-28.28768840239599,-20.51542715139665,5.891017075171203,0.4407971418225118,0.1787727812919223,0.750284864245175,9.40267120930818,0.354794807155573,0.0777592416410233,0.7041004215463954,0.0461774879989068,-0.0001767965615937,-0.6992476953972243,0.1675398349761963,0.0538248121738433,0.5024765729904175
1761535985.9257245,-28.242429784874023,-21.44513380755762,5.832988601586936,0.3683927613353698,0.156169224564938,-0.2464168475162053,9.487727687488189,0.1945028406000782,0.0853947401266827,0.7094952128602916,0.066655139206515,-0.0088918534529881,-0.6920233253166811,0.1637094914913177,0.0306077040731906,0.5023905634880066
1761535986.0257764,-28.19679050110878,-22.382088674324407,5.760667128356087,0.3004929858786085,0.1427980694640462,0.0882439159756697,9.57120690756991,0.3093766762765375,0.0870445367654354,0.7038381166444291,0.0830762963473683,-0.0142737702029976,-0.6959136679819945,0.1227171048521995,0.0162110794335603,0.5022687315940857
1761535986.125786,-28.15263243961629,-23.32670136206732,5.675001283864663,-0.6653763682362744,0.1134915871966254,1.034384460736423,9.661686355117183,-0.3216146097773689,0.0883802318436372,0.7234933980952466,0.0824274796348568,-0.007462150548309,-0.6756347206490576,-0.3078283667564392,-0.0089922212064266,0.5021750926971436
1761535986.2257135,-28.132523706227524,-24.27971817250964,5.577245816524184,-1.2352673695432106,0.0572895673580522,-0.4028522043561678,9.650683812351977,-1.3977313594938905,0.0331489919046551,0.7483111864314419,0.0453355370737208,0.0284865035737833,-0.6510464019700214,-0.4774847030639648,-0.0461918301880359,0.502074658870697
1761535986.3257127,-28.1619650832516,-25.2399644188612,5.482080545700259,-0.7775477739934835,0.1056910886464038,-1.4845115118704195,9.80603027261271,-0.483164020551937,0.0616629462645358,0.7021106233827458,0.0091808645220276,0.0649585712098235,-0.6995128121784655,-0.2510223984718323,-0.0155360987409949,0.5020001530647278
1761535986.4258947,-28.212644459652083,-26.206181140245917,5.387432621837901,-1.0627179100136326,0.09168680220722,1.2381093842247857,9.8781881212424,-0.4716577934002072,0.0891075227229526,0.699709521259524,-0.0171846489816494,0.100013101481365,-0.6975882476308877,-0.4362907111644745,-0.0298119951039552,0.5020523071289062
1761535986.5266268,-28.27162554528271,-27.178371045478865,5.290905605664876,-1.8423769200482276,0.0981501599341483,0.1089987112453368,9.797655674856951,-1.7179647188477631,0.0319835752310142,0.7305831980980987,-0.063197596386393,0.1560265364979419,-0.6513960097167916,-0.6907668113708496,-0.0182852391153574,0.5020322203636169
1761535986.6257994,-28.35529273947024,-28.15438165353537,5.215538039196403,-0.1340793037960984,-0.029292944000949,-2.63025533100618,9.963879219752997,-0.4374128006529917,0.0784712218497465,0.6738208774120168,-0.1146912085899879,0.1872162226569358,-0.6957678312489991,0.0437237806618213,-0.1173545569181442,0.5020653605461121
1761535986.7258055,-28.41762030350339,-29.13447880602353,5.144056284597512,0.1780088110208806,-0.593943629519239,1.7337806246442569,9.899886084269156,1.3520630595018637,-0.0467395294184102,0.6372835088418799,-0.1243382072082719,0.1572936319205027,-0.7348097726009974,0.0113058723509311,-0.4947408437728882,0.5022413730621338
1761535986.826098,-28.39877004218231,-30.11622078297953,5.0813909086759566,-1.50042696772843,-0.414538237978598,2.718287289519932,9.782513379179417,-1.8612285870220455,-0.1016476671437226,0.7594122380505341,-0.1462573894013835,0.1921930171239759,-0.59242499897183,-0.6421648859977722,-0.3568122386932373,0.5022084712982178
1761535986.925912,-28.3550974650855,-31.09367325250988,5.069704656656149,0.0478197106583426,-0.0005919045587043,-4.47940620135462,9.895371149105795,-0.2752208706784779,0.0841090434161443,0.6985252891142333,-0.1914502709521386,0.1911467050849232,-0.6517063760756924,0.1573962420225143,-0.0968412011861801,0.502345621585846
1761535987.0257864,-28.272742830801626,-32.06342364212399,5.064793198379841,0.5692079943856008,-1.132615084139453,2.9288755865333247,9.6553538768093,1.8812290558370537,-0.1913946720495601,0.6668556229633449,-0.2067702961460818,0.1398018652113251,-0.6919541616246601,0.1284013539552688,-0.8889086842536926,0.5027551651000977
1761535987.1257453,-28.06869924004047,-33.003198723737626,5.076360558336407,-0.8886226401183808,-0.4756429837955662,2.600973215251721,9.544795244523211,-1.6596460158761428,-0.1593246143219155,0.8014075771978914,-0.2200259715349071,0.1644403793517475,-0.5175417855708461,-0.4497652947902679,-0.4182624220848083,0.5026792883872986
1761535987.2259736,-27.81641523453051,-33.91620952127719,5.137844705604202,0.4726580494873089,-0.1509339592498247,-4.134770191904646,9.58348717477562,0.3115432936748442,0.0623426834571058,0.7460029527883884,-0.2389991223289381,0.1353456857962141,-0.5945221412184226,0.3353804647922516,-0.2113267332315445,0.5029603242874146
1761535987.3256447,-27.513813016591385,-34.80438406504071,5.195417392392222,-0.1101645109972307,-1.0573097202575004,4.28541409008992,9.39275440591781,1.344646681507027,-0.1801879899977836,0.7510800616256694,-0.2525925172966368,0.1026688084234991,-0.5889586091278736,-0.1891117841005325,-0.9203986525535583,0.5032933950424194
1761535987.4258518,-27.11272299270343,-35.63773403052003,5.261981042702915,0.2601444934870621,-0.2208641089394769,-0.0928759768807156,9.21548955347648,-1.5662404866175432,-0.0789705604246765,0.8449695209920516,-0.2612188870183504,0.1298822558507362,-0.4313336031899127,0.119437389075756,-0.2576571702957153,0.5031615495681763
1761535987.525736,-26.67499871656628,-36.43798157725168,5.3503266894326975,0.3592493442176328,-0.2943079183170139,-1.754268397943207,9.133267592332343,1.5778431733489302,0.0119741903858219,0.7795817037510779,-0.2526641625280703,0.0724900753110857,-0.5550707164165944,0.235746830701828,-0.3435256481170654,0.503345251083374
1761535987.625689,-26.17321117240533,-37.19192612297984,5.418314653645881,-0.6556967403672398,-0.6637043037672755,5.328475827969256,9.173974382499551,-0.2801919396788475,-0.150731369616438,0.8516305766934947,-0.2756243090889481,0.0949215567980974,-0.4177366206255839,-0.5048712491989136,-0.6552914381027222,0.5034298300743103
1761535987.7258976,-25.614136531508603,-37.8924662606812,5.495042232254318,1.0869350785119951,0.0433962106803618,-4.341539034519185,9.094197992381266,-0.4119110003684382,0.0505734485824855,0.866589849149596,-0.2590630542748697,0.0839396578334226,-0.3994311211901999,0.6824121475219727,-0.0452128946781158,0.5032763481140137
1761535987.8257155,-25.024466208320213,-38.56110460178488,5.561963459062859,-0.6269060444834661,-0.7512253568093177,3.808548404596841,8.902310278058913,1.6979532382565372,-0.0753670156200078,0.8392071377779936,-0.2617124499271652,0.0495086846476994,-0.4575257594391304,-0.4538786709308624,-0.7770227193832397,0.503423273563385
1761535987.9258535,-24.37165996045611,-39.16236954664304,5.611825973063286,0.1787107169635937,-0.2706919558833908,0.8899111467313001,8.832357565615755,-1.7403802978773997,-0.0831984478675773,0.9141054289988664,-0.2783709340503693,0.0950534171459788,-0.2493482452408864,0.0434375591576099,-0.3293611407279968,0.5032494068145752
1761535988.0257323,-23.69497822075311,-39.72886091870978,5.672027978609849,0.3501560370612412,-0.1493345099527748,-2.669732086955692,8.844993775169057,1.5679137706610164,0.0330342055911603,0.8698345375428079,-0.2533041456312259,0.0390075104946023,-0.402260752683506,0.2904714345932007,-0.2309954613447189,0.5031898021697998
1761535988.1257675,-22.9763931235646,-40.23995420444569,5.705753498121138,-0.5835281504746561,-0.6880919316595612,5.694975216639075,8.954671938063191,-0.129393625093577,-0.1553036530241016,0.9135825392512856,-0.2818195388439195,0.0591044053490241,-0.2573828919331926,-0.5218064785003662,-0.722792387008667,0.5032170414924622
1761535988.2257106,-22.21776108466756,-40.68350186447519,5.742703477065274,0.9237353743712982,0.0411519906286626,-4.127597344905684,8.923474738833312,-0.4738545036754489,0.0338955191562845,0.9289903658757168,-0.2598389528733071,0.0537436761988985,-0.2241983620459777,0.62567138671875,-0.0430872701108455,0.502993106842041
1761535988.325786,-21.43881583643194,-41.09102106595103,5.771854650589686,-0.5951450762249598,-0.7139578681809832,3.3670739218099857,8.858390011481765,1.2900816588601092,-0.0711324597103901,0.913915355331812,-0.2690587321590398,0.0277248289209427,-0.2742816021858288,-0.4290972352027893,-0.7667021751403809,0.5031111836433411
1761535988.4259589,-20.6240992610254,-41.42242499028811,5.786256223281196,0.447436394818171,-0.2829384003567431,0.2339923289070084,8.887462562193488,-0.9671484596844018,-0.0902314657499584,0.945112816539257,-0.2730426791205118,0.0464703992214528,-0.1161962957160582,0.2122870087623596,-0.3467290103435516,0.5029429197311401
1761535988.5256536,-19.790836988698256,-41.7034657059715,5.8090928775114765,-0.1386819047887186,-0.3217832806964595,-0.510895133535444,8.90773050590285,0.941957776907482,-0.0143019500787672,0.9372305650117766,-0.2598167809932862,0.0151281067936019,-0.1930140905410761,-0.047496348619461,-0.3931813538074493,0.5029119849205017
1761535988.6257703,-18.93697428539943,-41.92093879324288,5.818597758041771,-0.0731006986352307,-0.5570695950502583,2.6388110025540104,8.962035189557007,-0.2117390933292194,-0.1255836902332574,0.9484320870153444,-0.2758671878757,0.0198093338370836,-0.0849183603117813,-0.1415226310491562,-0.6031296849250793,0.5029430985450745
1761535988.725652,-18.068585781259795,-42.07030168699599,5.834262856688569,0.2689045356148695,-0.2089866074272636,-1.5193716388701188,8.968149712750007,0.0885320393987243,-0.0343103507807773,0.9533391425451542,-0.2621370977515357,0.0053405905953393,-0.0748479767385267,0.1892838329076767,-0.2798203825950622,0.5028300285339355
1761535988.8256428,-17.191133007529416,-42.16239630289191,5.848235628547392,-0.2530665212857123,-0.5495078243080134,2.2191134211668606,8.971011295152419,0.45844145099614,-0.0922277625595428,0.9526431181820404,-0.2695337423660841,-0.0087044943723279,-0.0539480660189445,-0.2115076631307602,-0.5992050766944885,0.5029202103614807
1761535988.9256864,-16.30852193211893,-42.18080052339702,5.860786774271355,0.5333288846504736,-0.3101896807619297,-0.5265674200407223,8.98074305942448,-0.1768215805621005,-0.0726674772472913,0.9560314112711884,-0.2621704987710859,-0.0122554182739131,0.0148244327887763,0.2869357764720917,-0.3697681128978729,0.5028612613677979
1761535989.0258052,-15.426458365520835,-42.13635892991212,5.876313452251388,0.3421904391906349,-0.4094285311111497,0.5763401631474298,8.927747093143601,1.069286997772699,-0.0773342115714982,0.9619779477656364,-0.2370756195043377,-0.0357619171593109,-0.0136585389571013,0.1521017998456955,-0.4657570719718933,0.5028872489929199
1761535989.1258144,-14.551840493598714,-42.01164018087644,5.88683708450887,0.4529534253007616,-0.3647446223488945,1.636655173818771,8.986022338317364,0.2328061764468451,-0.1009317697946142,0.9618590439904,-0.2247633881085357,-0.0361985566542307,0.0771900948777471,0.1631160527467727,-0.4180422127246856,0.5028828382492065
1761535989.2257,-13.68964827530048,-41.81752421775605,5.900732563608294,0.8979168000639046,-0.1194783689938725,-0.8561125324336868,8.963458844788509,0.825153333326395,-0.0349375741792131,0.9702361096798672,-0.1838148807181378,-0.0410237994449805,0.0780471073186799,0.4820416271686554,-0.1914433985948562,0.5028549432754517
1761535989.3257298,-12.842919369056228,-41.55914002165405,5.909659537424488,0.5558470408870471,-0.2058964708075146,1.9830401877548045,8.959879812407664,1.013216010204489,-0.0631300610527505,0.9724281176866216,-0.1523770189919786,-0.0423806321842784,0.1106138070099361,0.2019660472869873,-0.2701874375343323,0.5028817057609558
1761535989.4257224,-12.017350995313432,-41.23476324611024,5.916819699456661,1.0664795902522868,0.0506424462457964,-0.1630716816562823,9.028907045013222,0.4396464320496109,-0.0085515386423076,0.96888577718127,-0.115240475521939,-0.030781962995254,0.1727642925684199,0.5337516665458679,-0.0329256653785705,0.502825140953064
1761535989.5257556,-11.207975311043352,-40.86456014627858,5.920087266511918,0.9134469931190674,0.0656821260293802,0.4268076699324302,8.981242140564934,1.2999638096492656,-0.00186631806406,0.976708633662246,-0.0660937347236413,-0.0204724166432806,0.1549990918793839,0.4310987591743469,-0.021944498643279,0.5028266906738281
1761535989.6259377,-10.419372238701376,-40.44463058155844,5.918068073186372,0.785270886144118,0.1286086056727902,1.320736858950631,9.09706353982738,0.5161627748467171,0.0185164096951317,0.9649439185257748,-0.0327423162605969,-0.006450794692983,0.2246091374940742,0.3287306427955627,0.0321083776652812,0.5027751326560974
1761535989.7256835,-9.643714985917162,-39.99263807348146,5.910571044359608,0.9744238253287516,0.1872888762745425,-0.7634860330828966,9.125930694560886,0.8089903106530117,0.0469864634304999,0.9659988195238732,0.0122045843480642,0.0135901004113143,0.221665249500039,0.4892649948596954,0.0804613456130027,0.5027434825897217
1761535989.8273854,-8.87724658718358,-39.515795065022985,5.895075591576175,0.6555741590265847,0.1836804388393593,1.252037194585498,9.172230063877851,0.8823295543096004,0.0498051726916399,0.96169410804871,0.0478434945665869,0.0300687966854378,0.2335203391083643,0.261407196521759,0.0721046701073646,0.5026873350143433
1761535989.925654,-8.118455842646188,-39.01711024126802,5.872390269730231,0.7471833199671152,0.1440029119242711,-0.1968247209544205,9.269789275362037,0.2902930541359899,0.0656382487215625,0.9497201107663156,0.0808575501545177,0.0452303289701508,0.2682546451234915,0.3466182649135589,0.031906746327877,0.502628743648529
1761535990.0256977,-7.355587640396423,-38.513926040953486,5.839280438258009,0.5553817021019728,0.110834256957902,-0.0643856633371365,9.316325584934566,0.6562212840214463,0.0584786518270708,0.9516688598021106,0.1090157168507914,0.0611791418070062,0.2473491390851421,0.2513650357723236,0.0023365071974694,0.5025670528411865
1761535990.1280906,-6.587433132716932,-38.00764853536932,5.798653393769411,0.5235455397836449,0.0730794382393843,0.2370713930945178,9.39923912310698,0.3377984560177873,0.0638293251758226,0.944377349335282,0.1337939240503743,0.0708151343147852,0.2601774953379317,0.220594897866249,-0.0330862253904342,0.5024822354316711
1761535990.22817,-5.808172657187117,-37.50717648350062,5.749433252834841,0.3121624927781307,-0.0335298659330447,-0.2231847592268825,9.470137484805594,0.2296081049530111,0.0480045605007125,0.9424140622024786,0.1535458101870854,0.0778845187604471,0.2542748535571839,0.1396150141954422,-0.11951694637537,0.5024302005767822
1761535990.3282442,-5.011632598820614,-37.02281498093414,5.6936851516815,0.2720411578330518,-0.0818300784619648,-0.2284176458642024,9.535667094809003,0.1327379386084446,0.0380469145262771,0.9427028443731942,0.1661137507127754,0.0798249495683213,0.2444968292758147,0.1221482083201408,-0.1564467251300811,0.5023583769798279
1761535990.425984,-4.195219520127434,-36.56093546148636,5.634148346703657,0.1666759862076777,-0.1418922816065337,-0.2938699641738528,9.594138396198904,0.1358460569729216,0.0266190175378816,0.9449194552173604,0.1776296450109213,0.0801450758078849,0.2270875690363702,0.0764758735895156,-0.2007082998752594,0.502317488193512
1761535990.5257752,-3.3577667972511014,-36.12690799942799,5.573520864118335,-0.0323568676102229,-0.1821537291830837,-0.1070967260835837,9.645328584405515,-0.1042583085726695,0.0183002423737159,0.9465477583341392,0.1808960074683395,0.0740470022622873,0.2196714761616212,-0.0109914075583219,-0.2291764318943023,0.5022929906845093
1761535990.625703,-2.497098926236246,-35.729921227827305,5.51290310680782,-0.0596478765244346,-0.2321518549326967,-0.625360154201125,9.68682172792895,-0.1478699175212185,0.0035059396793012,0.951924691864679,0.1798800242013684,0.0671071487577613,0.1984161475511764,-0.0056956713087856,-0.2631825804710388,0.5022932887077332
1761535990.7258687,-1.614386590422334,-35.37439054783694,5.455277393707257,-0.2186815248969415,-0.1876625865514526,-0.2003527013361503,9.720480396795407,-0.1382701498200745,0.0104398916167565,0.9579523482692104,0.1737504639760659,0.0596733414040531,0.1759268286991707,-0.0821778699755668,-0.2280376404523849,0.5022974014282227
1761535990.8277893,-0.7123038651761423,-35.06132752074513,5.400668738570012,-0.3198025213533209,-0.1844616640966461,-0.389861558054524,9.743550853978434,-0.3685987946406834,0.013196968784572,0.9626738506201556,0.161557919503211,0.0505236234408147,0.1641968689367655,-0.1152047142386436,-0.225351482629776,0.5023284554481506
1761535990.9256027,0.2073895394127396,-34.79477635519864,5.34787668472378,-0.3899427310019656,-0.1349058948297418,-0.5134522432085762,9.76889975226826,-0.3367340100627288,0.0180410043951247,0.969688030517759,0.1442857446085793,0.0435724997945124,0.1389101076505906,-0.137374460697174,-0.1872181594371795,0.5023456811904907
1761535991.025796,1.141118787507479,-34.57205663905975,5.297058719796553,-0.4444082990255117,-0.0589746683505481,-0.319972456150622,9.791479891111765,-0.3685038533571952,0.0388017822036994,0.975253034745622,0.1238858870914432,0.0388716797823212,0.1195909294031567,-0.1634273082017898,-0.1332518607378006,0.5023624300956726
1761535991.1257057,2.086046410509813,-34.38985168835772,5.244992902443558,-0.5086068054416739,-0.0136359431975773,-0.3812365805180964,9.814650235200489,-0.4501282103283772,0.0521070421198605,0.9798747611901804,0.099840176991096,0.0362618024758682,0.1039212183531183,-0.1850269138813018,-0.1012001633644104,0.502373218536377
1761535991.2257388,3.0400368521108336,-34.24521919984741,5.189210871676091,-0.4963069742567039,0.0450860491078023,-0.4191930068536992,9.846819352362724,-0.4097775131091254,0.0697037092456286,0.983984046887892,0.0742541259324599,0.0366833994396008,0.0842643637840736,-0.1767898052930832,-0.061456561088562,0.5023572444915771
1761535991.3256874,4.00113496433381,-34.13186546573828,5.127403497394215,-0.4031900513626191,0.0973984976328715,-0.3512179917011607,9.883220579150098,-0.4101353434263979,0.0872644314944622,0.9865914592412174,0.048435183308957,0.0393379301640833,0.0700456485829453,-0.1399451047182083,-0.0265103429555892,0.5023272633552551
1761535991.425874,4.968254739331043,-34.04396729757624,5.056686117239217,-0.4882958143498197,0.1243296664417171,-0.2117454828806357,9.931113495460204,-0.2978158336978164,0.1014832487541742,0.9882556716180616,0.0259246966293293,0.0442668477095921,0.053503241917007,-0.1775408238172531,-0.0104545010253787,0.5022773146629333
1761535991.5258665,5.940790533189576,-33.97538167280134,4.974893269108732,-0.4966769763187209,0.137536790132516,-0.118447243810359,9.976437846961566,-0.450359103608622,0.1085517997552007,0.9883798006575352,-0.000382551385878,0.0495581180388492,0.0526243014319144,-0.1779185980558395,-0.0037170904688537,0.5022091865539551
1761535991.6257432,6.918662131730462,-33.923762234747336,4.881642755131171,-0.3148874662492839,0.1334283706564971,-0.4034184277348213,10.041487537770587,-0.1991286077405983,0.1157317231855358,0.9886926578097074,-0.0199595759483885,0.0551849919918574,0.033746229687121,-0.1010171771049499,-0.0092844413593411,0.5021257996559143
1761535991.725668,7.901631810025221,-33.879690887161075,4.776359039474185,-0.3531219217379638,0.1103993370894201,0.2302588409606402,10.10396833851424,-0.2126497898996869,0.117252039228802,0.987853197876346,-0.0371737234026212,0.0607971817622481,0.0338678196426242,-0.131762608885765,-0.0267015118151903,0.5020334124565125
1761535991.82575,8.88985590129899,-33.83858981141702,4.660088058995295,-0.3211000559958772,0.0873427961132683,-0.1996425414371249,10.1670859443851,-0.2979317180146485,0.114321544883355,0.9866762585191248,-0.0541707708788398,0.0651410902759996,0.0368141589544662,-0.1058442592620849,-0.0431529022753238,0.5019504427909851
1761535991.9258215,9.88353988474142,-33.79949857031269,4.535285451922452,-0.1461187709331637,0.0393897537842581,-0.1086069109293731,10.236636877914156,-0.0602863980812191,0.1096693148361709,0.9860397937422564,-0.0670445548595721,0.0674301507382909,0.0271863739113959,-0.0448311977088451,-0.0749893561005592,0.5018762946128845
1761535992.025926,10.882414607501948,-33.752416544514226,4.403862122762398,-0.1440859235476366,-0.0063131120121732,0.2699093964871482,10.29938807140094,-0.0263421786678836,0.099586787599435,0.9854579616666498,-0.0724573093200573,0.0683225570294812,0.0317322967835088,-0.0551514029502868,-0.1027987673878669,0.5018311738967896
1761535992.1256876,11.88619000886127,-33.693905420207315,4.269889417573684,-0.627979946702733,-0.0351017855208018,0.4567012675354137,10.351086726716463,-0.2956971523771947,0.0907289311753968,0.9836453390335,-0.0860710979661385,0.0678609491694377,0.0497047124140973,-0.2243696004152298,-0.119300253689289,0.5017885565757751
1761535992.225697,12.895218504959471,-33.632613992728174,4.140303144853266,-1.4661900108779615,-0.0722573215852823,0.5278158131711256,10.332814504371232,-1.1418700137036022,0.0550190301987981,0.9748111798159816,-0.1395822688709732,0.0651859605468859,0.0894180178033598,-0.4945181012153625,-0.1365495175123214,0.5017839670181274
1761535992.3257172,13.909608026418615,-33.58145414558278,4.031432563811794,-0.8530614781065097,-0.1393562282674195,-1.2883755936672068,10.390326820242535,-0.5718441788373465,0.0595356045181397,0.9687327233775034,-0.1937449031622413,0.049523906342185,0.0591272471409337,-0.2406518459320068,-0.1808355450630188,0.5018388032913208
1761535992.4257467,14.924972291138785,-33.51516260960734,3.941086088970142,-0.0625470031412745,-0.5581774490550916,0.4225942634487815,10.394973485698404,0.1990018951853656,-0.0127575714726199,0.9660889974730626,-0.2145263445137646,0.0271448841584646,0.042749433852278,-0.0264409985393285,-0.4317469894886017,0.5020231604576111
1761535992.525923,15.933459034157435,-33.391894123512365,3.873802682406641,-0.8399159853214393,-0.6174131139815912,1.401480066451472,10.332969142130471,-0.3589615031439404,-0.0750655621678446,0.959582117942544,-0.2276402061495177,0.0060175119335163,0.0960480905185899,-0.3215090632438659,-0.4622246325016022,0.5021289587020874
1761535992.6261172,16.928027809949718,-33.2157515607864,3.850810705606324,-0.2444480781222515,-0.5149408334176259,-1.0305850432107002,10.2013526053268,-0.8872650997825513,-0.0574362508114404,0.9453558406330508,-0.2637780156335118,-0.0180353958851069,0.1349417774963424,-0.0508174449205398,-0.4104762971401214,0.5023546814918518
1761535992.7259388,17.902106226053906,-32.99250891990989,3.868304413942816,0.3180132017948178,-0.9030469606070768,-0.1709541840132739,10.051417308150972,1.1764725460585437,-0.1147169620417154,0.9553664938564496,-0.2442940186118953,-0.0667420688055255,0.0700678421484787,0.117347352206707,-0.6766958832740784,0.502708911895752
1761535992.8257103,18.832645902616623,-32.6753128094435,3.912405182712201,-0.851763221777656,-0.9506930739181771,3.707813820837463,9.9155805700076,-0.5339971351517769,-0.2037410401964823,0.9307573222362324,-0.260064844472753,-0.0863377441784529,0.2005245460431129,-0.4284446537494659,-0.725851833820343,0.5029172897338867
1761535992.9257867,19.71105253264848,-32.2887302210618,4.009262274451647,0.8324542635438072,-0.2978918326534147,-3.8794745440309866,9.724738841456588,-0.5117830311695093,-0.0132950283958432,0.9257707712899657,-0.2582231824559972,-0.1110572924733027,0.2132410310601341,0.4469560086727142,-0.3031678199768066,0.5031852722167969
1761535993.0260513,20.5460597648152,-31.85708639432743,4.126399137599381,-0.3493141669350119,-1.0379953693453965,3.2466544606644825,9.371299711138704,1.9207658591154155,-0.1536640211668961,0.9421267722330112,-0.2196269640470212,-0.1556286188025421,0.1460477827899625,-0.2517877221107483,-0.8878682255744934,0.5036006569862366
1761535993.1259367,21.30449173345847,-31.337283988391107,4.249941238909789,-0.3651135008955154,-0.4471829632655119,2.192849878534683,9.06979768015088,-2.2703724502892806,-0.1514213829743773,0.854930574554316,-0.2892916779216476,-0.1419030030009362,0.3825346528774057,-0.2367888540029525,-0.4365545511245727,0.5036464333534241
1761535993.225902,22.014290180643297,-30.793267524237407,4.409091444373554,1.2825724279456736,-0.290969360867291,-6.006901722758266,9.014076258878683,1.7599928281288957,0.0250428388457907,0.9295057088175082,-0.2042847364174141,-0.1835506306393522,0.2032600439639593,0.8179096579551697,-0.3420813381671905,0.5038084983825684
1761535993.325827,22.65999066493185,-30.195152878518314,4.5474819659862495,-1.322133305255237,0.1615445826838829,9.246282683832916,8.94207066875495,1.1555182826525143,0.0485509673338053,0.8947966358348435,-0.2293235356521308,-0.1869807617726759,0.3038057450145644,-1.0,0.0803584903478622,0.5040773153305054
1761535993.4257963,23.23294414887093,-29.537711352356546,4.660201669542372,1.5874686089119066,0.390096781611546,-5.530357782754058,8.55694506067194,-2.5147224960181487,0.1329706036707836,0.8051592536735137,-0.2666834531552121,-0.1396808670058567,0.4912474803111977,1.0,0.2890214622020721,0.5038036108016968
1761535993.5258586,23.783875698601072,-28.87796283059194,4.781898763539469,0.6067334863774423,-0.6249698281586975,-0.947773208153592,8.03360821378642,3.554965243136888,-0.1721583524446801,0.9274938301687742,-0.1448847290660815,-0.2127846103498085,0.2301919525112016,0.3856651484966278,-0.69268798828125,0.5037381052970886
1761535993.625812,24.225045752292235,-28.154492793748496,4.880907299511929,-0.32337927455147,-0.4606598731933617,8.450368626561534,8.688023054835423,-0.2943001429099437,0.0280482094861297,0.8120052457710953,-0.2113223008616312,-0.1703488001002432,0.4961670718782553,-0.5298808217048645,-0.5978617668151855,0.5037771463394165
1761535993.7258787,24.609405215485825,-27.39782386653719,4.946846350163611,1.339114830257592,-0.6714694342055745,-6.116723655073607,8.700800532325037,-0.0727628219507892,0.0376362699466592,0.8254415991172628,-0.1653472596513664,-0.133999711249495,0.5024024446392625,1.0,-0.7983117699623108,0.5035320520401001
1761535993.8256369,24.95903826508456,-26.62517569816121,4.999714552305255,0.4689128838475112,-0.7253419486122898,3.626245325549509,8.157651160116053,2.887835695935067,-0.1840746556190012,0.8825250000940306,-0.0982487640698879,-0.1523979293269395,0.4089016317404794,0.1197391599416732,-0.8339425921440125,0.5032699108123779
1761535993.9257092,25.20072228040725,-25.817376540083703,5.0498107201437055,1.350871688669584,-0.0278414579042672,2.232115820200285,8.59614643292704,-0.7051543982885454,-0.0690907735074081,0.7473710141649192,-0.1120102295504801,-0.1216260296364698,0.6267847721572104,0.6624501347541809,-0.1054393276572227,0.5032047629356384
1761535994.025825,25.398436094985048,-24.99718339862437,5.0977886884127175,1.175046552592806,0.1298195865844569,-3.3097956510832045,8.49858345914788,1.6109884858969843,0.0106354028490786,0.8238464109361093,-0.0497757238522005,-0.0789357038409039,0.5395454298550505,0.8033040165901184,0.0616946667432785,0.5032075047492981
1761535994.1258647,25.54341281003964,-24.163913020583884,5.133270371863524,0.3980681995089224,-0.0932852147710048,4.454851708711476,8.511913583328644,1.5672509010911242,-0.0804914450565147,0.7961043223850324,-0.0224959689489154,-0.0615431513228439,0.583364935300506,0.0313069373369216,-0.1714591532945633,0.50315260887146
1761535994.225882,25.62406465057621,-23.32131459768449,5.1723575836394335,1.2789008825197947,0.1183297801451017,-1.27256399900502,8.672752966394775,-0.1775882654029328,0.0011916706547466,0.7213829600599881,0.0019075010440612,-0.0289714330265149,0.6760420841146563,0.7629871964454651,0.0459495484828949,0.5030710101127625
1761535994.3256671,25.688398963490744,-22.47445088863995,5.208607932228958,0.6317871783827879,0.0953481114748004,-0.0706325059037561,8.515368250709763,1.8022798311138757,-0.0214711494451658,0.7848153367446317,0.0403880763260291,0.0134137993991789,0.6003215071806982,0.3592113256454468,0.0223984271287918,0.5031169652938843
1761535994.4256847,25.71593659639047,-21.623494641517254,5.2457875342557605,0.4758702529844618,0.107430127820222,2.4946306163665084,8.725490668841712,0.1179854793832531,0.0060332418424708,0.707503802822838,0.0529487871718811,0.0231820909109605,0.6885089453463232,0.1544239223003387,0.0276192780584096,0.5030738115310669
1761535994.5257576,25.734793620372542,-20.76918890214596,5.278594255614087,0.7858040310017252,0.020276558728212,-2.295031308981519,8.759102758873096,0.2687542132716209,0.0023532017471619,0.7163273013453962,0.0760054156840636,0.0528124146816695,0.6754077002929486,0.5183234810829163,-0.0603092312812805,0.5030933618545532
1761535994.6260083,25.761032193044887,-19.91147545259068,5.306904529667527,0.1027550562869522,0.0976404386023984,1.54931506366715,8.752594163195093,0.8821577738684004,0.0103547679728767,0.7358006242748771,0.0858257739832226,0.069434415661555,0.6513378244356663,-0.0066752489656209,0.0156695023179054,0.5030320882797241
1761535994.725707,25.783885147425533,-19.050148382640483,5.332332288099917,0.3769999716832722,-0.0202154217896167,-0.2245241124690887,8.828573610451274,-0.3755293070362374,0.0122817528040151,0.6907255390556702,0.0960933811590346,0.073655953884446,0.6971315791601795,0.2048645168542862,-0.1065733209252357,0.5030156373977661
1761535994.8256707,25.83065894075161,-18.185630318366623,5.349657408046033,0.091056352725933,-0.0441963580565904,-0.8611993532581452,8.869127238784518,0.3594551592263161,-0.0121478448818618,0.7286088606806345,0.1031476204556244,0.0868475768268961,0.6547114143928087,0.0827300995588302,-0.1251517236232757,0.5029715895652771
1761535994.926028,25.898358765590395,-17.318607985474898,5.3646335889359245,-0.1257333126651049,0.0128019043395657,0.7936646939483153,8.91579389729218,-0.1380960667148625,0.0111903188917434,0.7172116126448876,0.1006871885528703,0.0819778960516334,0.668152726150758,-0.0961316004395484,-0.0728485584259033,0.5029057860374451
1761535995.0257456,25.99227172201697,-16.44983098430584,5.373427805075994,-0.0709727635474494,-0.0836235721854573,-0.9998597598516022,8.953949639132576,-0.3250151680221324,-0.0108773455681811,0.7243121895797514,0.1002181575079325,0.0798642594750297,0.6607611234848995,0.0007716768886893,-0.1632226705551147,0.5028882622718811
1761535995.125914,26.12174439215342,-15.581525029008658,5.378170248520831,-0.3655294517536359,-0.0159032452451786,0.0934143138312724,8.99991203216205,-0.1161733142392043,-0.0020292934834854,0.7447428164674501,0.0907965111393113,0.0729885753807114,0.6398612268914731,-0.1868695318698883,-0.097863033413887,0.5028279423713684
1761535995.225727,26.281919573633616,-14.714174408055664,5.379904744034037,-0.3228734795837928,-0.0303989468579854,-0.3159891652472698,9.026681790909151,-0.5508564572319898,0.0007521636614766,0.7428852718245648,0.0783006637264521,0.0604791787770047,0.6449475398359197,-0.1483430862426757,-0.1126976609230041,0.5028043985366821
1761535995.325696,26.478198453605035,-13.850056960286254,5.377799151841334,-0.5330488092343272,-0.0049591865494959,-0.4847747363826381,9.078207962118572,-0.3532007729272144,0.000877414486086,0.7640594582116599,0.0630873182824404,0.0496281619561349,0.622383128292315,-0.2448992729187011,-0.0882244557142257,0.5027700066566467
1761535995.425712,26.706136687393297,-12.98952639655714,5.3736472781053815,-0.5076636438221461,0.0311771222291849,-0.0851604277722183,9.113843053928573,-0.5011426150899524,0.013300763393794,0.7704250761403179,0.0424539353653233,0.03495807434582,0.6172482614909209,-0.2384504079818725,-0.056809201836586,0.5027445554733276
1761535995.5257676,26.962919853040848,-12.132810486693836,5.366782491095784,-0.5347293635244639,0.0397834931017717,-0.3967211297993926,9.1554120934877,-0.5206079861926141,0.0166679537236078,0.7803930182282945,0.0213725324491181,0.0211479519695242,0.606325427156649,-0.2394641488790512,-0.0501755103468894,0.5027268528938293
1761535995.625856,27.24560878476294,-11.279998104909575,5.358032519686417,-0.8531752215168805,0.055280242619795,0.1681410384107673,9.192338756909942,-0.5977149552273323,0.0200973298057099,0.7860800254587494,-0.0066800721194968,0.0030032315751111,0.5996198299066527,-0.4041332304477691,-0.0369816087186336,0.5027059316635132
1761535995.725602,27.552372835119947,-10.431611101373877,5.349981599730618,-1.2194362697046035,0.0531611642332326,0.1335527794224167,9.167744590497255,-1.1878248453257727,-0.0010030183220227,0.7743815121843243,-0.0513533702219777,-0.0276552031481182,0.6118637043292248,-0.5713735818862915,-0.0357856526970863,0.5026918053627014
1761535995.825558,27.88755689143644,-9.591781488199976,5.352267120230171,-1.2166931219211905,0.040863835564693,-0.756522919165675,9.190669030151629,-1.1040661618140504,-0.0059779308824793,0.7827235586610349,-0.0988295489910563,-0.0643508309112508,0.5922545910945238,-0.5333508253097534,-0.0471858046948909,0.5027095675468445
1761535995.9258409,28.239185736190908,-8.758361658026837,5.369285912454424,-0.7589584332332363,-0.0753560514460363,-0.4303534574510666,9.225804152607608,-0.7532373895133248,-0.0014475021762146,0.7902561244124298,-0.1393024268092071,-0.099007280492956,0.5688336416642488,-0.3294185101985931,-0.150418534874916,0.5028281807899475
1761535996.025875,28.584271775990484,-7.923044420981083,5.396499457620316,-0.4253596250887541,-0.1811386285698329,-0.2227353575519122,9.246193995563264,-0.1568997264634289,-0.0073525088294081,0.799060816349113,-0.1536888089379787,-0.1220979020824004,0.5479402933359643,-0.1880290359258651,-0.2433537542819976,0.5029298067092896
1761535996.1259043,28.900632555572827,-7.07802150420364,5.428534624600155,-0.5578536817215182,-0.2882966662161865,1.031240535526392,9.223191208390556,-0.3397934315566318,-0.0370505329669382,0.7775592434247521,-0.1710433087165999,-0.141718341260732,0.5685817999825853,-0.2947708666324615,-0.3336972892284393,0.5029973387718201
1761535996.2256663,29.180450948867197,-6.223166841148753,5.469299965479289,-0.1761187732602084,-0.254675555393677,-0.4316811296279727,9.191930144125465,-0.3651972514039538,-0.0310091537062558,0.7628772529772774,-0.1791797158730579,-0.1592222124912303,0.5811804933748169,-0.0657933726906776,-0.3075376451015472,0.5030342936515808
1761535996.3257337,29.419651721026256,-5.359833893897677,5.517393188542856,-0.1914091604617047,-0.4178004965842974,0.5922427658805263,9.161035228490142,0.211003840727096,-0.0590649278830862,0.76283063316695,-0.1749573115128563,-0.1784495270311682,0.5769169396204141,-0.1109400615096092,-0.4545924663543701,0.50311678647995
1761535996.4258432,29.60034293827913,-4.487057401567894,5.5702565588395965,-0.1266042538917602,-0.434916985185334,0.8025989531824304,9.110605817510136,-0.1903229996774857,-0.0844463441431354,0.7270551448392311,-0.1778255495709461,-0.19253713749732,0.6163073605973812,-0.0914751887321472,-0.4711329936981201,0.5031622648239136
1761535996.5257432,29.72189663920548,-3.610037776148956,5.632752374311236,-0.0056477354022896,-0.4043398821347093,-0.000942913741331,9.058583642492298,0.1076729089646033,-0.0677074179461023,0.7175295345229609,-0.1677535834841159,-0.2052636237516004,0.6261027205038965,-0.0026499587111175,-0.4534957110881805,0.5032202005386353
1761535996.6257215,29.781115886272712,-2.732294301935696,5.69948565940194,-0.0870415148495817,-0.4936687660172655,1.076944929342628,9.001676564429687,0.1455358957543174,-0.0943091284507537,0.6930825654129978,-0.1621017921735328,-0.2189471373693417,0.6500071996403429,-0.0840474069118499,-0.5411277413368225,0.5032975077629089
1761535996.7256503,29.772301196470178,-1.858836729876597,5.770976712483899,0.1181471442878608,-0.4086883370202974,0.251107039850035,8.942115293970048,-0.0090783621581583,-0.0852941769782451,0.6625379039330772,-0.1551669806266421,-0.2276465040709463,0.6798449676457529,0.0499939545989036,-0.4687040150165558,0.5033265352249146
1761535996.8259077,29.69871338342071,-0.9945330652333988,5.8463809410842815,-0.0268087827889129,-0.4664896351049128,0.7068040763267168,8.88053889940634,0.3159868842773923,-0.0908560662694598,0.6486208957046891,-0.141413056865388,-0.2370677434868044,0.6929094101435702,-0.0422001890838146,-0.5337021350860596,0.5033817887306213
1761535996.9277425,29.55619270105503,-0.1446402781881559,5.922264242328847,0.0679688007697021,-0.4390470137815176,0.8765003991200219,8.828731223668001,0.0243496596718976,-0.0991801737000029,0.6070614875206157,-0.137544671580147,-0.2454771692633056,0.7274921980782861,0.0023583939764648,-0.5125638246536255,0.503397524356842
1761535997.025942,29.348643252577467,0.6859708857035298,6.000325645004541,0.1625293452109173,-0.3976242791042369,0.186931730226489,8.774253087192331,0.2369225303564562,-0.0859286836363292,0.5885016789420434,-0.1233196929847599,-0.2500112545403179,0.7435541713356139,0.0794336125254631,-0.4804843068122864,0.5034055709838867
1761535997.1260715,29.07703497519356,1.4930374865337153,6.076537104625809,-0.0046875698651366,-0.4584156459565807,1.140041613885299,8.72588963490164,0.2961278942614599,-0.1024024665491432,0.5586224587320247,-0.1131625848763409,-0.2561229643840464,0.765779598098104,-0.0508478693664073,-0.5477715134620667,0.5034315586090088
1761535997.2257502,28.7406373123774,2.270607098449497,6.151030267225596,0.1725643968690287,-0.3745995697379292,0.4712101974861444,8.68791853118786,0.0369739419196371,-0.0917068759854506,0.5156021522444585,-0.107561512206031,-0.2595428259366841,0.7950112577515407,0.0755840465426445,-0.4669679999351501,0.5034104585647583
1761535997.3260007,28.346296298336927,3.016411473970741,6.223999645728839,0.0873873168587209,-0.4038615170744581,0.5171711416098689,8.646840739776199,0.382583918262624,-0.0903092085109269,0.5002799366932141,-0.0920041920672965,-0.261155000858178,0.8061378264456427,0.0261583589017391,-0.5040460228919983,0.5034093260765076
1761535997.4255908,27.893440734847736,3.725027755743741,6.292167005447355,0.0279097709868684,-0.4189692897470194,1.1577091290843926,8.624302437380544,0.1403685138486921,-0.103695806485874,0.4531254201391723,-0.0873638164958119,-0.2660244725854571,0.832467076644594,-0.034335009753704,-0.5218973755836487,0.503391683101654
1761535997.525806,27.38640258278264,4.39286175708898,6.35809964265784,0.187774054264369,-0.3483476468797918,0.1934540682541827,8.601470547222478,0.1661058062873978,-0.0867985582629761,0.4224039090899005,-0.0770554470752353,-0.2656769989304033,0.8495617879619312,0.0988411903381347,-0.4511668384075165,0.5033515095710754
1761535997.6261349,26.829965272495752,5.018141380447165,6.419963002789847,0.0245551276910649,-0.4181113926190306,0.9931819810006914,8.580682096284635,0.349971759471324,-0.0998935274285604,0.3959346839210983,-0.0653369552267721,-0.2678006728087979,0.8625119192722813,-0.0300834495574235,-0.5283547043800354,0.5033401250839233
1761535997.7261374,26.224446646491344,5.59437342914047,6.477304274097481,0.1234894420864367,-0.3673310793471992,0.6967590488879719,8.57466251197775,0.0763986587678443,-0.0969998312441121,0.346165916650874,-0.0605366929132787,-0.2694130544916111,0.8834710813490121,0.0388133823871612,-0.4740879535675049,0.5032960772514343
1761535997.8257313,25.57651570390753,6.121424549985562,6.531861976708501,0.0933518479817134,-0.3620892760108855,0.4615328302850955,8.565692897061295,0.2988796997218623,-0.0891993367831049,0.3235232240264921,-0.0480900545982625,-0.2678591709711928,0.8932262453573154,0.0326535180211067,-0.4707188010215759,0.5032650828361511
1761535997.9257863,24.888783174482228,6.595507334897441,6.58134816431389,0.0399812019653086,-0.3945066620946496,1.0191431440289331,8.56781371625967,0.203109855515487,-0.1005170425531915,0.2809433007199184,-0.0410187996557261,-0.2698593174979057,0.9072333824255252,-0.0220305658876895,-0.5043879747390747,0.5032379031181335
1761535998.0258827,24.1653762808612,7.013655078560129,6.627453086530116,0.1320510349722903,-0.3426499431740572,0.4420846003417096,8.572624543453548,0.1530984517234712,-0.0892598669138311,0.2430746528432757,-0.0329659180508958,-0.2683614261866919,0.918846359182634,0.0565819032490253,-0.4481024444103241,0.5031909346580505
1761535998.125779,23.411357796751368,7.375715030007756,6.669808094051039,0.03519456128059,-0.3779249239329063,0.8000342485679317,8.579223552968738,0.2722157403284616,-0.0925869583158475,0.2130502777876311,-0.0228930374578781,-0.2678177712677431,0.9267119392885452,-0.0156359635293483,-0.4859329760074615,0.503166139125824
1761535998.2257576,22.63014263764783,7.6778078517991775,6.708092903840503,0.0800970126132955,-0.3613599440133316,0.7270728092120848,8.593724029460773,0.1179155430318549,-0.093513901270332,0.1679392667321132,-0.0165326030380654,-0.2683568386261706,0.93587057892249,0.0136025799438357,-0.4653550982475281,0.5031306147575378
1761535998.325786,21.826912088170857,7.91994894943247,6.743805531695279,0.0741330658919146,-0.3537877653213802,0.5280817976580399,8.607020592274726,0.2175365682391724,-0.0871394389631005,0.1379115858195901,-0.0066886262067937,-0.2661407469394469,0.9414895029688172,0.0180668737739324,-0.4566229581832886,0.5030973553657532
1761535998.4259372,21.00595079721536,8.100612046332316,6.776098505802975,0.0342878654553468,-0.3737532377544559,0.8237889667166634,8.624744901057326,0.1771106421011982,-0.0924968143160692,0.0987538822459281,0.0013477448441308,-0.2663749502177711,0.9463039386847134,-0.0166843067854642,-0.4746931791305542,0.5030763149261475
1761535998.5260336,20.17206258823979,8.219375746621463,6.806059414795768,0.211208637745661,-0.3486982016708463,0.3635351393894113,8.642256433831378,0.2024222744194472,-0.087506701640863,0.0642114730427215,0.010485814631562,-0.262201400412334,0.9503597405298584,0.1046961322426796,-0.4460938274860382,0.5030425190925598
1761535998.6255956,19.329602993170496,8.273565587086955,6.833182375314525,0.2642165875439154,-0.3714803523887355,0.61071366455965,8.650698742989812,0.4735930044837914,-0.0942659989908114,0.0406431279294579,0.0231608354683009,-0.2514032806419885,0.9543254605027564,0.1223891600966453,-0.4677439332008362,0.5030243396759033
1761535998.7257142,18.483713010877896,8.258187421155927,6.857039532836793,0.3601035039409299,-0.3346554064113402,0.7885560150032455,8.671556476184994,0.4167067788658778,-0.0953052656075256,-0.002639722761107,0.0308887374657105,-0.2386883340633644,0.9581783908364672,0.1676874458789825,-0.4246675968170166,0.5029946565628052
1761535998.8257153,17.639827966004674,8.175238485261357,6.8790256424191325,0.4774331946972819,-0.2616982827919717,0.4356436725443721,8.686453062541387,0.5533905741689406,-0.0799803129932591,-0.0330777234403633,0.0380428210977498,-0.218127766130915,0.9622280114377808,0.2461989670991897,-0.3466721177101135,0.5029694437980652
1761535998.9257743,16.802634512069023,8.025711108026139,6.897787371485411,0.4950479486664901,-0.2266330206888311,0.8038921679582057,8.707577624712068,0.6360199601798538,-0.075005388508621,-0.0669287339251677,0.0423102667671506,-0.1957528261270095,0.9650581153025728,0.2387824803590774,-0.3086160719394684,0.5029527544975281
1761535999.0257463,15.976214297737895,7.813442037342974,6.913615754365662,0.6186520377749166,-0.1342667023595417,0.5312352218799155,8.741012588050886,0.6101398532997889,-0.0568326903156313,-0.1040238632706951,0.0420240441053875,-0.169435707464152,0.9667385389931014,0.3134954571723938,-0.2130116671323776,0.5029196739196777
1761535999.1256382,15.163169337216477,7.543435196708162,6.926211084675723,0.6058321401852738,-0.0777639063745819,0.6001100743402766,8.769965894824926,0.7266711912760202,-0.0424150123797662,-0.1306528863930277,0.0395586587862797,-0.1397608841016572,0.968321721901492,0.2996010184288025,-0.1557974219322204,0.5028982162475586
1761535999.2257977,14.365231388560138,7.220975231806698,6.935080276292157,0.6501024746511889,-0.011550933823884,0.6303690362518654,8.818487503071678,0.653049217820904,-0.0259276845303851,-0.1647297658782548,0.0330766635609258,-0.1105382095474582,0.9671007746587058,0.318317174911499,-0.090393915772438,0.5028657913208008
1761535999.3256814,13.582096369339723,6.853434090318996,6.94005425637125,0.660987791133564,0.0472835496501249,0.4073293235771336,8.865144077732863,0.6807686735042079,-0.0075601576550112,-0.1885169221562261,0.0239065450101144,-0.0789995080415242,0.9660820000632876,0.3265166580677032,-0.0346464291214942,0.5028365850448608
1761535999.4257178,12.812537511261311,6.447507544193608,6.940241157771403,0.6755748016902904,0.0848856035563393,0.4916212912441727,8.921356796887878,0.6459692345216471,0.007320637708958,-0.2121035130811882,0.0127923066907904,-0.0490325484579127,0.9633554533847444,0.3261333107948303,-0.001430639065802,0.5027989149093628
1761535999.525848,12.054337923041194,6.009853657777234,6.934993140577889,0.5803924258745625,0.1172245522110687,0.4149778653697503,8.988270326173007,0.5195360900897431,0.0247307069992224,-0.2353453989509648,0.0004555492430221,-0.0220930412903119,0.9590135983240512,0.2719261348247528,0.0250770207494497,0.5027608871459961
1761535999.6257093,11.303614714735463,5.547985137409329,6.922809821914429,0.5523448238924098,0.1326485030232023,0.1367998881258683,9.05263484549825,0.5159113994292,0.0370499870784028,-0.2467920895845458,-0.0127033687955568,0.0039991035367582,0.9562745109252108,0.263974130153656,0.0351371355354785,0.5027080774307251
1761535999.7257047,10.557171871295555,5.067475228604328,6.902824245880238,0.4650726298744143,0.1342737214149711,0.3288242989111749,9.12286667619692,0.4768928740794886,0.0458469358830114,-0.2570618229380561,-0.0254169466292922,0.0273127480279641,0.9529102678069375,0.2103545665740966,0.0322561711072921,0.5026525855064392
1761535999.825731,9.811680891903418,4.5734296677284565,6.874479993748314,0.3995779239321064,0.1234060312199577,0.1491458794883822,9.202430101311526,0.3015712212284236,0.0542161501908859,-0.2695280400745878,-0.0368134179549535,0.0464774713166049,0.9483246182717658,0.1807807981967926,0.0179887842386961,0.5025821328163147
1761535999.926515,9.062090949545752,4.073068407119307,6.836789600850514,0.3311902225296392,0.1087116097734599,-0.0297398935055557,9.279279178371846,0.2686452563521974,0.0585152010852666,-0.270228212072088,-0.0470998770446225,0.0620161213111711,0.9467701420654894,0.15191750228405,0.0020979340188205,0.5025256276130676
1761536000.0256686,8.305331276598816,3.5708373413243124,6.789809920646062,0.2362102438968752,0.0880583383332663,0.0480032179496787,9.35919089211584,0.2046618029308272,0.0613527774388594,-0.2702500675231935,-0.0555629988849874,0.0741396590696189,0.9454287648620132,0.102630540728569,-0.0184658523648977,0.5024356245994568
1761536000.1257963,7.538418513296112,3.070829922332164,6.73351661904202,0.1557372864103159,0.0636415425662379,-0.0673868016392687,9.441002974372273,0.0837973504318519,0.0624159973684685,-0.2700681563572544,-0.0617766837866027,0.0822704510539482,0.9444193597238344,0.0693132430315017,-0.040779385715723,0.5023722052574158
1761536000.2259054,6.758254632676602,2.578064909490952,6.668337532330904,0.0740251577676662,0.0399437950495356,-0.1508481156999113,9.521742169863955,0.0351847914205025,0.0618947641816932,-0.263880462005955,-0.0661960294185234,0.0864817230825471,0.9454905272866416,0.035425990819931,-0.0611667558550834,0.5022908449172974
1761536000.3257074,5.962960861315749,2.095923884826684,6.59517978645583,0.0105993763457003,0.0275661769293885,-0.1497637062517174,9.601583201336986,-0.0179909557682127,0.0634576711817059,-0.256796258357024,-0.0690043328568499,0.087515911558138,0.9471420386247388,0.0083168288692832,-0.0720380321145057,0.5022326707839966
1761536000.4258573,5.151604529746244,1.626805046747826,6.514844670475182,0.0317950586922963,0.0154539336943585,-0.2714448375940407,9.680055779218645,-0.0187768561800261,0.0650958266182665,-0.2463140120422081,-0.071282305966437,0.0877651907498311,0.9497263674811186,0.0211402811110019,-0.0820558592677116,0.5021747350692749
1761536000.5256395,4.324468615259994,1.1714421872661498,6.428368319541866,-0.0242051199150272,0.0120362694495625,-0.1354240970064148,9.756505646495189,-0.0131345622780608,0.0688118909011767,-0.2359140677943376,-0.0729938447426816,0.0872826521222102,0.9522744861471802,-0.0058997450396418,-0.0854071080684661,0.5021239519119263
1761536000.6256888,3.481630293091568,0.7307865102837717,6.336213267081682,-0.0637969885737808,0.0006388047465997,-0.1976250360534442,9.829990546720976,-0.108099970789586,0.0708042857058912,-0.2297682065685682,-0.0732648711388029,0.0842788302719953,0.954023555415116,-0.0189145226031541,-0.0945135354995727,0.5020811557769775
1761536000.7256792,2.622622012744671,0.3072613176362087,6.238941562543242,-0.0662790632594555,-0.0050050322965295,-0.2815417100807315,9.901230687536373,-0.0730129215454413,0.0725224187484199,-0.2169287821466037,-0.0734607400121419,0.0803054243365154,0.9573426573917952,-0.0170251205563545,-0.0984597355127334,0.5020424723625183
1761536000.8258812,1.7487733025266,-0.0998825294562267,6.137658775452799,-0.0989586572074816,0.0007740387783852,-0.146327640051354,9.968824602938078,-0.0838844052783614,0.0781986474436375,-0.2073972959509386,-0.0733526067459566,0.0756399486502681,0.9598356086348092,-0.0328578986227512,-0.0952383354306221,0.5020095705986023
1761536000.9258945,0.8607657940938601,-0.4905129283516385,6.032417505488586,-0.1352520449857961,-0.0038032159413963,-0.2086400119332742,10.032815638885385,-0.1390423007882339,0.0810694713164569,-0.1998193968702963,-0.0726615093170586,0.0692694635366689,0.9619698738387416,-0.0438035540282726,-0.0989101305603981,0.5019848346710205
1761536001.0256772,-0.040979277962747,-0.8637484051787191,5.923642217401875,-0.1301243605915326,-0.0015951869066337,-0.2366326151183791,10.0941894123887,-0.1153399309532272,0.0845138478280421,-0.1888521477571287,-0.0719792146029929,0.0620015663127608,0.9647198746855504,-0.0393179915845394,-0.0976685360074043,0.5019603967666626
1761536001.1256273,-0.9549155177697082,-1.2212271247617936,5.811936259664098,-0.1413982473268096,0.0042575861350289,-0.1526657060720333,10.152080292718091,-0.1081899650463387,0.0897548260590925,-0.1798908942738963,-0.0714633707498797,0.0549288478762644,0.9668916891062972,-0.0455969013273716,-0.0944991484284401,0.5019378066062927
1761536001.225675,-1.8800269562979297,-1.5639182620109342,5.697350849619555,-0.170163326508977,0.0033805940354116,-0.1573937331583627,10.206199646804818,-0.1483787863644054,0.0928879596706302,-0.1736312130177793,-0.070608729989248,0.0466290851187731,0.9685287318590874,-0.0543339811265468,-0.0956500843167305,0.5019221901893616
1761536001.3257065,-2.8155679083805456,-1.8920700454954933,5.580265754825202,-0.146478906845676,0.0024549430833432,-0.2047536710385885,10.257708697138254,-0.1194776144022429,0.0954675344241121,-0.1646744575048463,-0.0698146996824559,0.0382980491338791,0.9705075694760502,-0.0436519496142864,-0.0965271517634391,0.5019028186798096
1761536001.4256656,-3.760324693432469,-2.2076061419440034,5.461293834438555,-0.147217759063669,0.00278812491467,-0.1063951432658344,10.305412335731283,-0.1000101226925148,0.0986256049167122,-0.1576296484487305,-0.0690859234279766,0.0308220662970961,0.9719893408148292,-0.046607606112957,-0.0968119800090789,0.5018897652626038
1761536001.5257003,-4.713000497039568,-2.512432092287828,5.340931585538804,-0.3074650389876697,-0.0044347513065123,0.0746575563820963,10.34694685555018,-0.2323581356775487,0.0983752189185384,-0.1581181933471855,-0.0671534670980331,0.0188881575022333,0.9723466314395808,-0.1026476621627807,-0.101248875260353,0.5018800497055054
1761536001.6257825,-5.673782652414438,-2.804481316553148,5.2201927328726265,0.0199021408750574,-0.0148583043208894,-0.6529554553202292,10.387566974421444,-0.1227239387954086,0.098358479573772,-0.146258864604702,-0.0653916050105033,0.0093934154819998,0.97445498844747,0.0243552010506391,-0.1076969280838966,0.5018743276596069
1761536001.7256804,-6.640454437969061,-3.089593671462464,5.100341568571127,0.0318117855805388,-0.0150812031797716,0.2305188720760401,10.418292555291432,0.2714943405182287,0.0998553973248935,-0.1276351442386639,-0.0654734751575987,0.0128860477064018,0.9770162356536586,0.0030605806969106,-0.1079047098755836,0.5018765926361084
1761536001.825833,-7.609629638256963,-3.377542724068892,4.982115618115779,-0.3226606857697495,-0.0336738273115615,0.3954455641116935,10.444077097962875,-0.3565800035110137,0.0970074187364841,-0.1559179745668331,-0.0629581824827704,0.0076160900642283,0.973116784474348,-0.1151559427380561,-0.1188416182994842,0.5018874406814575
1761536001.9257424,-8.58513635671187,-3.653497196980648,4.866895498594936,-0.0216527967012993,-0.0592607036344872,-0.9002634663876918,10.469786318663944,-0.1585579853569556,0.0890117260135741,-0.1387078642296289,-0.0585777902725039,-0.0046742259371844,0.9760029415555525,0.0200301613658666,-0.1331053227186203,0.5019015669822693
1761536002.0256574,-9.564785426164612,-3.923027176905562,4.757527502364314,0.2122185175263605,-0.0652428912458153,0.3289308534011706,10.471645735910071,0.4994754934078425,0.0861385672382089,-0.1107564493159722,-0.0567867817105791,0.0049287993983747,0.9796644552128392,0.0594512037932872,-0.1362856030464172,0.501929759979248
1761536002.125672,-10.543272603724477,-4.202354935957553,4.655402350160478,-0.5804835860099763,-0.0809804977170091,0.894713005514665,10.463588062294136,-0.698942742827983,0.0791982303153256,-0.1675808720448163,-0.0507874662105471,-0.0068275271352134,0.9718496898769148,-0.2099016159772873,-0.1444139778614044,0.5019754767417908
1761536002.2256923,-11.527055309095555,-4.464686434413993,4.562851839417651,0.3775672584808944,-0.1013884330500097,-2.1615492721213947,10.478412275069388,0.1245627831585896,0.076315671468189,-0.1178008427895891,-0.0443289614132919,-0.0131172022356961,0.979358492605926,0.1777890920639038,-0.1559876650571823,0.5020288228988647
1761536002.3258815,-12.510226768376407,-4.727954105227275,4.481773847499804,-0.553052096987285,-0.117753187009781,2.6305952114625755,10.447936231157968,0.5204065574026525,0.0733905156826514,-0.1119502236862305,-0.0395893160132433,-0.0045373511043622,0.980302291033849,-0.2520349323749542,-0.1654403805732727,0.5021089315414429
1761536002.4256847,-13.489352385252136,-4.999280138414528,4.415937020318808,-2.28619930980761,-0.1407687694759964,0.1581717887902395,10.09522950149552,-2.556249689422407,-0.0512070886308515,-0.2419270067208523,-0.020668206382908,-0.0792361530882014,0.9537655501740876,-0.7555461525917053,-0.1629071235656738,0.5021870136260986
1761536002.5257163,-14.47603246777075,-5.212522945700002,4.400688926792974,0.11587592559253,-0.1241775103204352,-3.9983270644345215,10.30664540448892,0.1658965978864484,0.042017431446536,-0.0882084536617978,0.015217060484672,-0.1306631842826147,0.9744761080656624,0.1654411703348159,-0.169088989496231,0.5023450255393982
1761536002.625726,-15.449896710694194,-5.4386071763156,4.41142051479686,-0.967503863605569,-0.5621510248668619,4.651384445267807,10.191276324554943,0.6111557620804947,-0.0296795407116699,-0.1000955047651491,0.0324122593523796,-0.1384286602586899,0.971783240247266,-0.4634988605976105,-0.4454857110977173,0.5027317404747009
1761536002.7257357,-16.39835914635605,-5.7092461070911,4.454783209190929,-1.358574516091031,-0.0879550326728861,-1.47573517426903,9.439949340989392,-3.405859188935596,-0.1255741900431932,-0.2813776341076689,0.0396880563736554,-0.2365585732192716,0.9152018684463992,-0.4467975199222564,-0.1225205212831497,0.5028459429740906
1761536002.8257492,-17.3285972548058,-5.95379710353351,4.566248537274648,1.2157865636968253,-0.303521321649685,-4.547321857870469,9.517291703727324,2.578457105640518,0.0308725739375166,0.0085904842026425,0.1080484935477845,-0.19069863401411,0.962155829107157,0.6139660477638245,-0.3061119019985199,0.5031865239143372
1761536002.925713,-18.21506398379118,-6.279447353783594,4.666897258471331,-1.70602242500495,-0.9125743567124104,10.048635607823568,9.677493013207515,-0.3760586438543439,0.0684921409105357,-0.2041949145744389,0.0868382479134083,-0.2367915610127408,0.9318373007483076,-1.0,-0.8245205283164978,0.5036078691482544
1761536003.0260563,-19.06115184520438,-6.659862538035969,4.778133457680178,1.4981091389205023,-0.9238616799068674,-9.1552465712229,9.149941810385489,-2.5842830149084075,0.1070202573260376,-0.2942428657879048,0.0841619645007914,-0.2628335028502206,0.9003788239986935,0.922657310962677,-0.8847019672393799,0.5035019516944885
1761536003.1256533,-19.882998851139643,-7.034581755322204,4.925872074993817,-0.7019270256475587,-0.0345796625941715,3.77140372371813,8.424692802427872,3.948705246711928,-0.0678688657869226,-0.0106704854071385,0.1801063739816689,-0.1843187978289566,0.9520745961309354,-0.4401063621044159,-0.0689927116036415,0.5038145780563354
1761536003.2258003,-20.63442113749596,-7.513044284628692,5.03701621315158,-0.7846627645235674,-0.3298759152817538,5.688665784733675,8.574754481720369,-3.3049893901929086,-0.0138445141166438,-0.4180098712226662,0.0881863640168864,-0.3040201360666937,0.8350060219330722,-0.564940333366394,-0.3679171800613403,0.5039209127426147
1761536003.3257031,-21.370356359039626,-7.99451799107686,5.153353489280508,0.8579098720356467,-1.0027610417566035,-9.298238995728354,8.983195558290447,1.2464600158817751,-0.098967897980871,-0.1883937554839657,0.1592806513581735,-0.2208148819690638,0.928416111513421,0.7694498300552368,-1.0,0.503571093082428
1761536003.4256833,-22.060951837586316,-8.517155006514338,5.263197812674425,-1.0842619401879805,-0.4275488454602016,9.480384728729074,8.73660254163688,1.8721683225076728,-0.0369245811736623,-0.2291560831602891,0.1760851716782041,-0.2390800770151078,0.9114361187796358,-0.9308727979660034,-0.4831718504428863,0.503770112991333
1761536003.5258377,-22.680139159778303,-9.116993141343254,5.336673654316585,1.675553415374093,0.2827575728637874,-4.184994652305686,8.4351882707825,-2.806767424375396,0.1219233361288921,-0.4756781260868476,0.1025613748261802,-0.2864223619879751,0.807521089826935,1.0,0.1863025426864624,0.5035446286201477
1761536003.625686,-23.28453824652288,-9.723226924194789,5.416431945592151,-0.0025684810194119,-0.7604558064796182,-1.5223408371742275,8.181886389636333,3.2696727313309,-0.1551911922350729,-0.2056641397351528,0.1884970364981213,-0.1783517026347203,0.9277041556288086,0.0750095546245575,-0.8345786333084106,0.503398060798645
1761536003.726018,-23.79498402906852,-10.399353798833657,5.479009283874246,-0.152736912860932,-0.7052714750058219,7.877379472534677,8.74987950482978,-0.1342123797762159,-0.0225770362057586,-0.450544251715364,0.1516541153502641,-0.2314916437019368,0.830928168693046,-0.3996050059795379,-0.8385081887245178,0.5034466981887817
1761536003.8256693,-24.243953412136424,-11.119140830140324,5.520143542462985,1.4109902852062617,-0.8556969891854522,-5.740161944640348,8.767475587969415,-0.0598754117019464,-0.0196857451788374,-0.4678467854547485,0.1258632485790287,-0.1805817357314184,0.8381752382551162,1.0,-0.9638469815254213,0.5032197833061218
1761536003.925798,-24.65230983638876,-11.86168704923225,5.558298316441226,0.1715950085376289,-0.8419745636871496,4.065623653981697,8.347256047022343,2.563598161217428,-0.1716498164792096,-0.3901603647296816,0.1489041558994695,-0.1260794816983989,0.8827877356504819,-0.0655686780810356,-0.9382722973823548,0.5031077861785889
1761536004.0258863,-24.96226895966764,-12.646983921357162,5.593331439041831,1.1369076713468411,-0.1727148573379964,1.5439840163204412,8.663193643858794,-0.94484999472465,-0.0842560525161067,-0.5985535413461018,0.1203500382907504,-0.1400797193511644,0.7596049576869137,0.554600715637207,-0.2537243664264679,0.5030797719955444
1761536004.1256778,-25.231859638679964,-13.44735484486819,5.632214091017446,1.2811709823934174,0.0305194861843423,-3.1900858802193985,8.537943795921995,1.838165280410829,-0.0203472682765178,-0.4905269320517708,0.0908501623881349,-0.0693687234963448,0.8457973015775102,0.8467508554458618,-0.042309496551752,0.5030750036239624
1761536004.2256763,-25.441127077849696,-14.266158581392776,5.664210241001554,0.1672912476700473,-0.245677006149748,5.268597461094122,8.642259755216356,1.2044842855274531,-0.0995763026011439,-0.5663575606880089,0.0835069642235571,-0.051321454572013,0.7990500454413719,-0.1304569840431213,-0.3250402510166168,0.5030863881111145
1761536004.3257763,-25.586740795357457,-15.098117498468907,5.7034640970841055,1.4123751527273156,0.091043833346312,-2.6030411724086724,8.725150848575158,-0.4416897699852294,0.0132727522841197,-0.652169527518042,0.0532614398368562,-0.0296061434458962,0.734636322533059,0.8748293519020081,0.0146023267880082,0.5030458569526672
1761536004.425785,-25.7167533475374,-15.93444440056948,5.741142460346971,0.4921277261226046,0.0083966579687018,0.5785362585692762,8.463199679081999,2.238280020364893,-0.0371240497731717,-0.5494467413149338,0.0172144102517234,0.0167357266061903,0.81611746049831,0.255061000585556,-0.0678088217973709,0.5031266212463379
1761536004.5265913,-25.79512788812333,-16.777636188935006,5.781222340989815,0.3979034558744564,0.0380125789292164,3.10865590736359,8.753332757524968,-0.3753640585886061,-0.0082688188122216,-0.6851739001695374,0.0157113326265417,0.018885508520881,0.7057638488829261,0.0818910375237464,-0.0436300747096538,0.5030865669250488
1761536004.6257603,-25.863860711060397,-17.623363548330026,5.819764010917324,0.9801269508724844,0.0350228317435061,-3.614882323728666,8.773255139572763,0.4828639917603375,0.0068621764586645,-0.6433405293569661,-0.0200676467332114,0.0494050916163787,0.7424734631661696,0.6720759868621826,-0.0436885543167591,0.503122866153717
1761536004.725918,-25.93031645157491,-18.471467542480283,5.855898678827659,-0.0516952989905585,0.074865692388001,2.9594459003251075,8.724171225322577,1.1911900721933784,0.0049287572340383,-0.6241563601151152,-0.0337286912646609,0.0608738129026302,0.7573197935741286,-0.1445140540599823,-0.0066641219891607,0.503089427947998
1761536004.8257227,-25.977006791124666,-19.322674247586043,5.892286045561126,0.6109345428923708,-0.0440693496773913,-0.6926334443087776,8.798870732559411,-0.7388577722715887,0.0087151132991597,-0.7014069312745139,-0.036877592369595,0.0709840258036049,0.6851483796624205,0.3454990684986114,-0.129548579454422,0.5030946135520935
1761536004.9257064,-26.044910985136735,-20.17513588939888,5.923028037418837,0.2200079244894316,-0.0286637793030114,-1.174493536762537,8.811546411493083,0.8674699040947256,-0.0144500398732576,-0.6258669174732457,-0.0598537560361881,0.0852973399232969,0.7517330376822263,0.1706911325454712,-0.1093170568346977,0.5030748844146729
1761536005.0257337,-26.11753742025252,-21.02927498422658,5.955297419809894,-0.0835705101950825,0.0279013320151911,1.965116610864923,8.875807731155186,-0.1569848148417384,0.0162141957020038,-0.6696134067746071,-0.0523570511833214,0.0832663638853598,0.7138223100980151,-0.1220505684614181,-0.0583554245531559,0.503031849861145
1761536005.1257834,-26.20603829034521,-21.88443949862721,5.983023594963191,0.169412897053825,-0.1024263649712512,-1.890722935581764,8.892857745103875,-0.430751250634275,-0.0131712376964362,-0.6658339818646973,-0.0540757878300002,0.0875958837781037,0.7166694942968372,0.1609265357255935,-0.1829476505517959,0.5030465126037598
1761536005.2258039,-26.326140119854543,-22.73814733044337,6.008481556105333,-0.3122228196949452,0.0089684261188355,0.577964339909593,8.920791341989244,0.3209716615414846,0.0030738698671626,-0.6264831525000714,-0.0538652683235515,0.0822291646973225,0.7519004331644333,-0.1781679093837738,-0.0745966061949729,0.5029906034469604
1761536005.3257062,-26.462355166832182,-23.591941977552693,6.032801025141964,-0.1616415868018188,-0.0248024444985828,-0.0084898061414243,8.927071154453042,-0.6943432901914424,0.0040138794660837,-0.6598864294023505,-0.0410782979804153,0.0727448425706761,0.7245918133809018,-0.0836878567934036,-0.1086559519171714,0.5029894709587097
1761536005.4260523,-26.63015479870357,-24.44276125042204,6.05330373579702,-0.6496965872030539,-0.035400988232564,-0.5984720105394263,8.974899022301612,-0.2701181351534988,-0.0115397863418584,-0.6277733813106803,-0.0325050957645926,0.0612994642575923,0.7540053764358109,-0.3070506155490875,-0.116073340177536,0.5029646158218384
1761536005.5256665,-26.828232553055784,-25.28929781672825,6.07458383839554,-1.0764433640008635,0.0130642441430883,0.8982942335051798,8.929182818267943,-1.1170200133448136,-0.0192684582693899,-0.6511890273775885,0.0006479044499802,0.02366364663486,0.736737538737225,-0.5734577178955078,-0.0661760047078132,0.5029406547546387
1761536005.62564,-27.06432949152388,-26.12682864756261,6.102173129113033,-1.0357256673070154,0.0140855334880344,-1.3851612951095396,8.923984405851304,-1.168451247642181,-0.0349611752869317,-0.6330198612217092,0.0325946851327015,-0.012013142229642,0.7519237749183293,-0.4689817130565643,-0.0651594996452331,0.5029507279396057
1761536005.7258368,-27.335688837883943,-26.95269980525986,6.142295754197185,-1.380319624440949,0.0200303262745933,0.4421888857051468,8.948615178499278,-0.8960308635302225,-0.0218320087883136,-0.606891010041422,0.0700358823106951,-0.0590143805675396,0.7684639668834968,-0.7088675498962402,-0.0596357658505439,0.5030347108840942
1761536005.8257,-27.623885930700105,-27.77050725008292,6.196208714406978,-0.8966760020830188,0.0075441704992842,-0.5919378532405148,8.85546301051284,-1.418918561127867,-0.0333576268182023,-0.6148195790811375,0.1075060939300714,-0.1091045643524029,0.7521237065178245,-0.4288845658302307,-0.0703874379396438,0.5031379461288452
1761536005.9257312,-27.921926262814694,-28.58017310264708,6.266854963134187,-0.5394392916286583,-0.1049448771557242,-1.1761986589993148,8.932566349200433,-0.2085399394135528,-0.0069627867522904,-0.5569146851193498,0.1357084028957337,-0.1243079000078808,0.7893527475168841,-0.2287012934684753,-0.1866295933723449,0.5032774806022644
1761536006.0258408,-28.20067871645143,-29.392956561451868,6.34099950221862,-0.6082926280544562,-0.2598789192981163,1.4467068272606551,8.898654969528911,-0.2111015335980906,-0.0439229603670842,-0.568692137558807,0.1571107921819841,-0.144558464699941,0.7733468959614885,-0.3712090849876404,-0.3330358862876892,0.5033842921257019
1761536006.125641,-28.444323401076808,-30.212578107252558,6.419453728071696,-0.1599796766970291,-0.1531291019983421,-0.4696311371811184,8.838494710851267,-0.5966057584027876,-0.0312081028343936,-0.594626324735211,0.171089840739609,-0.159147171581497,0.7475609154158074,-0.0653620064258575,-0.2320176213979721,0.5033993721008301
1761536006.2256556,-28.656008469001605,-31.03652981140425,6.501955597381934,-0.2442693291113921,-0.2853574846199109,0.2444263521543105,8.81784576836624,0.2447300638567338,-0.0395888006999763,-0.5743430943104935,0.1880669434184071,-0.1550960207362718,0.7600760250435465,-0.1360792368650436,-0.3679814338684082,0.5034515857696533
1761536006.3256447,-28.818312671305375,-31.868013142624125,6.581140098794666,-0.1515762926696192,-0.3397415646936669,1.1261593136877062,8.776361223275071,-0.2141160829126388,-0.0748314406347934,-0.6151898608508889,0.2007095188485096,-0.1655562889110804,0.7216667493877916,-0.1277076601982116,-0.4213104844093323,0.5034672021865845
1761536006.4257963,-28.928180295431552,-32.70365127276691,6.662342837259164,0.0479287144126571,-0.2763972892661747,-0.3139517472846133,8.738684612896973,0.0313888126347949,-0.0536993377250377,-0.6250514904663376,0.2092696018941381,-0.1585098186604259,0.7122745007978382,0.0394013039767742,-0.3640881776809692,0.5034469962120056
1761536006.5256963,-28.984442458462343,-33.54118297827206,6.741102356679779,-0.1695552075633723,-0.4238785221187507,1.2407434660831569,8.699758859262976,0.2379730779813105,-0.0849263333315085,-0.6411992328572401,0.2216538013401759,-0.1548261207140928,0.6947532247504835,-0.1453244388103485,-0.5188477635383606,0.5034765005111694
1761536006.625716,-28.977630582164668,-34.377106160638185,6.81741758870725,0.110460243150579,-0.3360642908595211,0.3239183774789342,8.664316639823193,-0.1281442763099005,-0.0802179474359513,-0.6785888959094521,0.2281158938621669,-0.1551657101424871,0.6559452473607712,0.0478897430002689,-0.4305671155452728,0.5034412145614624
1761536006.7256026,-28.9126834943252,-35.20736248764419,6.892962787781409,-0.0134750121278766,-0.3939144757284507,0.4510649003894662,8.628551105485123,0.3735589850080142,-0.0804832924527858,-0.6838294088695391,0.2354025450468217,-0.1407398291628251,0.6511609770077039,-0.0266525577753782,-0.4979400038719177,0.5034399032592773
1761536006.8256624,-28.78305232944825,-36.02766730825954,6.963224158802057,0.0076085268156651,-0.4102961004695665,1.196446509006985,8.608611460217956,0.0709630290272676,-0.0984882683834536,-0.7198599886690802,0.2426682223650204,-0.1402451554372419,0.6082975337392958,-0.0473539419472217,-0.5160179734230042,0.5034224987030029
1761536006.9264967,-28.590313353722944,-36.83318802629734,7.0311640020116055,0.1783813179415144,-0.3272156300618914,0.0480300714304305,8.587303429717137,0.162685111074772,-0.0769136788408558,-0.7396355359687987,0.2444687107798923,-0.12983323376316,0.5857326668648818,0.0998953506350517,-0.431578129529953,0.5033772587776184
1761536007.02798,-28.33746760397972,-37.62078400544097,7.093875617180864,-0.0303614797541829,-0.417457768458706,1.1220722547469293,8.569450864656774,0.3666599165758138,-0.092978031966708,-0.756762412923025,0.2494377267353666,-0.1198929784608439,0.5634405392293355,-0.0672492533922195,-0.5305953025817871,0.5033602118492126
1761536007.1266458,-28.02107239450009,-38.38436417679503,7.150825164102769,0.131772537546087,-0.3476783858837993,0.6861379974777275,8.568212761942902,-0.0031484621245787,-0.0899688219707689,-0.7896866337874944,0.2524086690129175,-0.1181986186045691,0.5151572703311874,0.0465848669409751,-0.4541457891464233,0.5033032298088074
1761536007.2258005,-27.647921959643924,-39.121654268228646,7.204562990384533,0.0723106147240527,-0.3649410928961172,0.3633902549214579,8.563216217505996,0.3144602541131297,-0.0818813163479603,-0.8005968074368722,0.2536964996284458,-0.1048159979403235,0.500357681265843,0.025057366117835,-0.4754719734191894,0.5032651424407959
1761536007.3258233,-27.21775224287929,-39.82785877122394,7.252240013598264,0.0435356302746113,-0.4008666834384562,1.103026601644718,8.569864100709143,0.1931384001076095,-0.0978825646181839,-0.8237558720024826,0.2579440732118144,-0.0992894818624967,0.4600399845734348,-0.0227968916296958,-0.5114485621452332,0.5032301545143127
1761536007.4259684,-26.73214120507487,-40.497897781841374,7.296235046564421,0.1365050062476441,-0.3378467865558481,0.3673837821408385,8.57806603265336,0.1351812263611629,-0.0841014691554001,-0.8430928169476092,0.2579848160573916,-0.0911544143093984,0.4253155367938512,0.0610375702381134,-0.4431494474411011,0.5031745433807373
1761536007.5259304,-26.19602735267102,-41.12987992812049,7.3361730618536924,0.0249546379496246,-0.3853805172974988,0.8321452120834814,8.58790546003128,0.2884413950318366,-0.0887416070487187,-0.8562156112197347,0.2598820103420243,-0.0808995794064722,0.3991822650588596,-0.0226293504238128,-0.4935725629329681,0.5031532645225525
1761536007.6257763,-25.61036027803325,-41.71841159796786,7.371434965528796,0.0932661997712137,-0.3625407910887814,0.7159222901826429,8.606921711895854,0.1138850892525184,-0.0890263530508101,-0.8751413035772457,0.2613450693830566,-0.0750849430155642,0.3558613217664219,0.0216484311968088,-0.4655396342277527,0.5031091570854187
1761536007.725696,-24.98017356429992,-42.26169228939837,7.40370403572287,0.0698228890501751,-0.352632902095714,0.5447023076051979,8.624536906188858,0.2228859287898184,-0.0814806820875634,-0.8867406873336258,0.2611645298681432,-0.0650138682028091,0.328127284997844,0.0155959408730268,-0.4538484513759613,0.5030739307403564
1761536007.8256738,-24.308569417721674,-42.75644542721731,7.43200648728494,0.039455549264227,-0.3753109127866639,0.8248881129337277,8.647394480225413,0.1666357673013822,-0.087113453871355,-0.8998209473448292,0.2630463740402273,-0.0575858177917104,0.290060155204358,-0.01322818454355,-0.4742619395256042,0.5030449628829956
1761536007.9256842,-23.599407256453365,-43.19977279409133,7.457584909437778,0.0837988417275864,-0.3500644031593811,0.5344698123047191,8.670763189485957,0.1536456739944764,-0.0805644838577724,-0.9108149225106268,0.2628182856259768,-0.0490988395975243,0.2553267248889856,0.0235042367130517,-0.4452157020568847,0.5030099153518677
1761536008.0256796,-22.85704939174543,-43.59011360258602,7.48043095235267,0.0322143386123997,-0.3691019239805119,0.7340552141190306,8.695216408511163,0.1922508385905997,-0.0815617632765669,-0.919610886737102,0.2634191482734706,-0.0401049433580191,0.2225221820008587,-0.0138173019513487,-0.4624280035495758,0.5029875636100769
1761536008.125738,-22.08504493758515,-43.92415551265058,7.500761950801636,0.0626510637296414,-0.3570470776827236,0.6359759988793818,8.721603089017202,0.1287071915960564,-0.079739553916651,-0.9281613815386854,0.2637685517503503,-0.0322827589678437,0.1843912155339175,0.0078852688893675,-0.4455821812152862,0.5029616355895996
1761536008.225652,-21.288123040699077,-44.20103344629653,7.519263094160879,0.0438217429411731,-0.3577417922108682,0.6149040497785452,8.747270802235837,0.1767532943542554,-0.0761183071974055,-0.9343352489888088,0.263156514520563,-0.0230221568878884,0.1525148959101675,-0.002604023553431,-0.4446698725223541,0.5029411911964417
1761536008.3258271,-20.470458677582588,-44.418856786287925,7.535690916061831,0.0351663592399879,-0.3616479200404371,0.7004387189692051,8.774290196964898,0.1385382109003398,-0.0766190736958033,-0.9396564570784418,0.2634093102157653,-0.0148427272464989,0.1155695362189755,-0.0097065409645438,-0.4447771310806274,0.5029245018959045
1761536008.4256759,-19.636660084716407,-44.57692300723253,7.550752993090107,0.0491124241603297,-0.3518768341752289,0.5820959163505817,8.800600827257215,0.1397827820354783,-0.072320565563948,-0.94350722243908,0.2625975438405621,-0.0061648378539314,0.0814024605889543,0.0020944611169397,-0.4324329793453216,0.5029057264328003
1761536008.5257187,-18.791132379187147,-44.67458895413904,7.564416758069903,0.025706049291252,-0.3599657331842902,0.6652282398937005,8.82665724035745,0.1485497977489707,-0.0718495702051261,-0.9459503725050514,0.2620327555709034,0.0026392302888898,0.0474162397507478,-0.0139362858608365,-0.4376909732818603,0.502895176410675
1761536008.6258929,-17.938341730129142,-44.7109407800276,7.576970552877041,0.036677367715434,-0.3540137590191292,0.6160635207170344,8.852280125821947,0.1216189341655331,-0.0697338463549668,-0.9471498749190044,0.2613094096959527,0.011057708139489,0.0118235317908883,-0.0056878421455621,-0.4287562668323517,0.5028822422027588
1761536008.7257109,-17.082804611055362,-44.685891540860645,7.5887626974274,0.028841716440659,-0.3547804379825852,0.6107572428732045,8.876675097172052,0.1383548780182862,-0.0674978785629012,-0.9471335267395188,0.2600528344605854,0.0199846791894552,-0.021163056207268,-0.0096352696418762,-0.4271750450134277,0.5028733611106873
1761536008.826752,-16.228878280681563,-44.60128240988576,7.599695224622717,0.2818524904462712,-0.3562105774031461,0.2824198348243597,8.89709577611413,0.2658045789591982,-0.0691047757739955,-0.9477982775601808,0.2527263418983294,0.0302580891303033,-0.0490194450227217,0.1345443129539489,-0.4256338775157928,0.5028663873672485
1761536008.9258993,-15.381841920184444,-44.45157365798238,7.609077439526796,0.4034742483410392,-0.3615261110954645,0.5867006864379436,8.90132604985766,0.5919846804058497,-0.0784278353274848,-0.9506734067700616,0.2345025385095339,0.0420163757979061,-0.0702542202906627,0.1849607527256012,-0.4269316494464874,0.5028583407402039
1761536009.0260615,-14.548354202662294,-44.23215527367882,7.616957171303694,0.5403187868766058,-0.285786218522906,0.7913425420726778,8.92291667182498,0.5291933965064742,-0.0734383735402663,-0.9512064844824408,0.2133941906861824,0.0468137898516508,-0.1134569562834472,0.2470804154872894,-0.3509803414344787,0.502841055393219
1761536009.1260557,-13.732772578144647,-43.94768554018463,7.624444186577077,0.7264558835736722,-0.1741270366897265,0.3031188766862494,8.933202266515636,0.7122404045561264,-0.0499663167035582,-0.9539646359672204,0.1823306901673704,0.0484433838331586,-0.1404411109180131,0.3570371568202972,-0.2440362423658371,0.5028321743011475
1761536009.2256126,-12.938897506531529,-43.60112036683568,7.629353241413186,0.7459292581898777,-0.1230976945992381,0.8058956139614154,8.946799822136173,0.8683847038143141,-0.042369781535182,-0.955445613804615,0.1471514413150894,0.0455188472149871,-0.1693112555288115,0.3444177806377411,-0.1953513622283935,0.5028289556503296
1761536009.3262005,-12.16907821562796,-43.197963245603,7.632010212481672,0.8976640873684819,0.0130391206220059,0.5205640269177798,8.98870146215173,0.7656783956517332,-0.0142493293586269,-0.9533271668271124,0.1094665202573872,0.0354961620100463,-0.2077297254327917,0.4272918403148651,-0.0684117376804351,0.5027996301651001
1761536009.4256847,-11.422322545458217,-42.74655354034638,7.631303080601732,0.9254192369167062,0.0860321193819401,0.4307852105633893,9.013374761166668,0.9379053362604032,0.0072584944000984,-0.9532925351420788,0.0669282710624908,0.021272222318822,-0.2268191686903362,0.4387122690677643,-0.003729741089046,0.5027868747711182
1761536009.5260963,-10.697231943204088,-42.25367899028435,7.625772232824397,0.8668204321339233,0.1456032956500877,0.6600617053998906,9.073378767323964,0.8017191154307761,0.0289866038713672,-0.9474874712458438,0.0276718280343607,0.003738214333426,-0.2579621424210481,0.3939507603645324,0.0464509613811969,0.5027524828910828
1761536009.6264803,-9.989376414813144,-41.7282140830086,7.61415131679028,0.8914219473348014,0.190839934722712,0.1972722177203853,9.130736740943387,0.7707993459666524,0.0503285586709939,-0.9425377827118346,-0.0123156065767446,-0.0166897803460179,-0.2759312460723778,0.4152737557888031,0.082258328795433,0.5027108192443848
1761536009.7257488,-9.293248454732977,-41.17864700204337,7.594829440306252,0.7870393788312581,0.1968555250341234,0.4147954584933997,9.19340847994417,0.7446947969324448,0.0634201713182305,-0.9368303546417224,-0.0490267796094299,-0.0370449916926929,-0.288871682359944,0.3508554995059967,0.0815560296177864,0.5026552677154541
1761536009.8256996,-8.603899570525435,-40.61133899129071,7.566725245065204,0.7261961316152475,0.1730131761378953,0.1520189706621664,9.272564987280468,0.5635506228200663,0.0741006689390225,-0.9290538229323771,-0.0821135733949403,-0.0560000579196586,-0.3029466591387261,0.3239889740943908,0.0551435202360153,0.5025908946990967
1761536009.9256918,-7.913952965848301,-40.03506048312305,7.528741939182449,0.6137354306405391,0.1262551655192014,0.0420946838326025,9.346120348276504,0.5171430428429555,0.0740168271394433,-0.9244803883345676,-0.1109584057020279,-0.0726350410396566,-0.3041608004618777,0.2708590626716614,0.0118870269507169,0.5025154948234558
1761536010.0258057,-7.217645523151529,-39.45628416315466,7.481375301749721,0.5362016569120246,0.0637804403593908,-0.0139041352898296,9.4246915813702,0.4026092322696713,0.0706949743077001,-0.9200098923925354,-0.1360767980337126,-0.0855286616205579,-0.3041226383966326,0.2327085733413696,-0.0422964952886104,0.5024363994598389
1761536010.1263072,-6.509127515325888,-38.8821058632826,7.425667604488425,0.407151238870969,-0.0185442009958383,-0.110267580978559,9.501189743545597,0.2904899999461381,0.0590529182107134,-0.917529932957334,-0.1569589031951608,-0.0938429932609079,-0.2990392256119075,0.1754892915487289,-0.1087681204080581,0.5023636221885681
1761536010.2258863,-5.782537566584477,-38.320450225534906,7.3637301164277424,0.3134686233082316,-0.1003063988527002,-0.2342845179105358,9.572106346077115,0.1908643589377324,0.0449818875727928,-0.9173450252391674,-0.1734218301692977,-0.0975209365496243,-0.2891540670797027,0.1369296759366989,-0.1714190244674682,0.5023018717765808
1761536010.3257327,-5.033409362310414,-37.77891504368229,7.298362793545244,0.201082278331707,-0.1691494155740693,-0.2552854734102697,9.634449558742496,0.1176140226310422,0.0303631757789555,-0.9193518842435976,-0.1859205015526936,-0.0969575155002901,-0.2748314724746417,0.0892950370907783,-0.2213429510593414,0.5022612810134888
1761536010.4257998,-4.258809499512601,-37.26467029911564,7.232483861598227,0.0694020029856127,-0.2326265953932772,-0.2961292802744508,9.687112534978544,-0.0040268339316196,0.0173123706943726,-0.9225637083691732,-0.1935551146155011,-0.091939877883663,-0.2601127171618381,0.0356177352368831,-0.2662447094917297,0.5022439956665039
1761536010.5257585,-3.456686100092551,-36.785479586727305,7.168368832991969,-0.0337738374380607,-0.2662794755208106,-0.3921057297513151,9.727830729107822,-0.0963040977529724,0.0062886346287301,-0.9278988106131958,-0.1958091235171483,-0.0837592222215729,-0.2415115916129236,-0.0018718661740422,-0.2874833643436432,0.5022457242012024
1761536010.6257772,-2.6274057817383825,-36.34706628891572,7.1080765024313,-0.1632349090745266,-0.2646070483481112,-0.3715155803030751,9.758188832337474,-0.1643955505153095,0.0036948122905725,-0.9344843309817444,-0.1929320682867415,-0.0740210327829093,-0.2206833810190332,-0.0543398186564445,-0.283660888671875,0.5022674202919006
1761536010.7278228,-1.7725779380212603,-35.95385239701876,7.052301585885925,-0.2623445934607117,-0.2443329776704544,-0.418335046887296,9.779374858704143,-0.2799461345397121,0.0064850126714592,-0.9413616314570492,-0.1840603263364543,-0.0632824279613908,-0.2014761741793848,-0.0906066745519638,-0.2675175964832306,0.5022979378700256
1761536010.8279176,-0.8949618119047774,-35.6084094046678,7.000493769580625,-0.3432023828555037,-0.1966927633635288,-0.4716365390763806,9.797323915806588,-0.3056946716498643,0.0144140590614435,-0.9491269860158368,-0.1708007031070256,-0.0540115892216016,-0.1779361718339781,-0.120297834277153,-0.2318768501281738,0.5023338794708252
1761536010.927874,0.0015511869974031,-35.30960601063163,6.951371305773307,-0.4306565287547569,-0.1294851634007336,-0.3815063400634371,9.812588641404645,-0.3851845842199524,0.0320139543198577,-0.9560982143263338,-0.1522571363602516,-0.0465180374835176,-0.1584074193062686,-0.1549825817346573,-0.1845122724771499,0.5023597478866577
1761536011.02585,0.9137671959176408,-35.05598159284588,6.901786464250547,-0.4700609104171729,-0.0531958191362941,-0.4816165277523904,9.83180087904482,-0.4223789258111533,0.0497795136702641,-0.9627246790848364,-0.130114511981798,-0.042037272890607,-0.1377952394868768,-0.1659915298223495,-0.1299427300691604,0.5023801326751709
1761536011.1258183,1.838641562525459,-34.84391608660023,6.848508300419491,-0.4957620083281387,0.0371095937194661,-0.3961436697560829,9.859338228448086,-0.4036230320235653,0.0744225647477441,-0.9684457577978944,-0.1057607430972408,-0.0414074391370688,-0.1170496749362705,-0.1769594103097915,-0.067758172750473,0.5023699998855591
1761536011.225717,2.773667386919542,-34.66797164687471,6.787276559947795,-0.5046636355288184,0.1023095502910636,-0.3576687116017008,9.894480445608597,-0.4224628783092696,0.095995092506457,-0.9725875578421088,-0.0801647270785581,-0.04387673903862,-0.1008415110770446,-0.1791022568941116,-0.0244056433439254,0.502335250377655
1761536011.325652,3.717173122278764,-34.52303187146956,6.71425189374668,-0.494090623316835,0.1552312359099992,-0.2895394884400895,9.941075592454842,-0.4156545859775042,0.1145299257460251,-0.9755816223070364,-0.0534753670394599,-0.048984645546048,-0.0859593339579106,-0.1721904426813125,0.0092056412249803,0.5022615790367126
1761536011.425904,4.668021201758556,-34.40354664213972,6.626567080913199,-0.3835254827757468,0.1911358892635843,-0.399515708195559,10.003784207788874,-0.2625211074259977,0.1333579762576249,-0.9775548900996182,-0.0321197493726663,-0.0568112745401059,-0.0671976338675363,-0.1290954798460006,0.0294571053236722,0.5021654367446899
1761536011.5255957,5.625433927860515,-34.30215053465512,6.521045439109858,-0.4779873086613762,0.211343804643545,0.0651694977822927,10.070812183617427,-0.3478266686802251,0.1456290627612216,-0.9776854784598936,-0.0091609383931761,-0.0654692977599868,-0.064223081381369,-0.1725431829690933,0.0388031043112278,0.5020609498023987
1761536011.625774,6.589351378268358,-34.21625785361375,6.396397857571274,-0.3422736133050563,0.205817791441193,-0.4598814269035047,10.151390262765704,-0.3324809553320104,0.1514077890197788,-0.9775008838214134,0.0125247400270229,-0.0742967108258202,-0.0562108265710288,-0.1061098128557205,0.0307151395827531,0.5019077658653259
1761536011.7258625,7.55989362805562,-34.14204596917376,6.252326021630257,-0.2583019176626848,0.1959810503256147,-0.0268624409826969,10.245756632171751,-0.0844360622002369,0.1594603908163922,-0.9771454304557176,0.0283708265917269,-0.0832012102874323,-0.0421961409423686,-0.0862815603613853,0.0195454657077789,0.5017830729484558
1761536011.8257031,8.53662973517343,-34.069712259794706,6.088692399890983,-0.3124072558094342,0.1714233232333643,0.1418851837776523,10.340636511713516,-0.2265741605677683,0.1594197521417668,-0.9755759372949344,0.041380383120808,-0.09167909933537,-0.0494187073389007,-0.1076820865273475,0.0008010369492694,0.5016416311264038
1761536011.925903,9.520189570725178,-34.00006051372526,5.907469785990479,-0.2775855076762507,0.1433005682040214,-0.1760760949885652,10.441053767606345,-0.2536224786079756,0.1587575741236087,-0.9740152747343748,0.058081245375583,-0.0984631678213312,-0.0501979370461987,-0.0830224752426147,-0.0194198954850435,0.5015074014663696
1761536012.025747,10.510796278548124,-33.93091285901787,5.711110516558609,0.0252617579488842,0.0932505888175426,-0.176865800029281,10.545775632562869,0.1050348477703502,0.1550363227851721,-0.9737533975865864,0.0643787256200958,-0.1030576895700091,-0.0364383542024914,0.0134500553831458,-0.0512217506766319,0.5013923048973083
1761536012.1257832,11.507867336141311,-33.85010176652522,5.501693926689118,-0.1937510849928133,0.0337062416662486,0.6285828813133701,10.646388316724565,-0.0586730946808392,0.1430389539144121,-0.9725686988846088,0.0660477292385269,-0.1067022912317609,-0.0514190542984294,-0.0752219781279563,-0.0851611047983169,0.5012999773025513
1761536012.2257876,12.512362837455528,-33.76177669119354,5.285694749699491,-1.6003975480086086,0.0174969589745729,0.872070899479526,10.690448706361389,-1.0048696276759652,0.1166226958405369,-0.96558879025614,0.1052661295733267,-0.1077686597800361,-0.0958830496893988,-0.500515341758728,-0.0898333638906478,0.5012229681015015
1761536012.32579,13.528160263264631,-33.69115213925804,5.081655666143393,-0.8581978495131556,-0.0312163670868456,-1.7457905567704275,10.738980283827264,-1.1181682069817171,0.0963009481707223,-0.9559805052589117,0.1791279340081333,-0.0971272819860508,-0.0934819881126289,-0.1999351233243942,-0.1160976290702819,0.5012105703353882
1761536012.4257443,14.552308629746776,-33.62420280190904,4.895842283147101,0.2315222842731586,-0.3791162921557535,0.2036007092851264,10.808838710322757,0.7970110916092609,0.0788609483804617,-0.9587122902683776,0.1974354424296554,-0.0739948402831354,-0.0226481123005989,0.0703030750155448,-0.3063171505928039,0.5013357400894165
1761536012.5261235,15.574800050746015,-33.49799415085866,4.720353474465419,-1.393891084955849,-0.6480413315500285,2.4745862978701165,10.811563525858912,-0.6851249961256343,-0.0687523400865642,-0.951267005493274,0.2037267577646266,-0.0586949774941296,-0.1190518473675853,-0.4753005504608154,-0.4272880852222442,0.5014374256134033
1761536012.6259322,16.59519245742557,-33.32933870292709,4.606074313356627,-1.076213496827343,-0.3503946566639132,-1.9333348788439648,10.581098371585064,-1.895451339268549,-0.0531972746779241,-0.9231340250451388,0.2846872442303263,-0.0310195238456914,-0.1724101086145465,-0.2511634826660156,-0.2735737562179565,0.5015943646430969
1761536012.7257836,17.606370305115373,-33.134420930677535,4.556762190680213,2.367418620398718,-1.1982000240429456,-2.8410649035832045,10.323044549750348,2.569325374878649,-0.179642555228236,-0.950746856637112,0.2398842211353115,0.0480355466996253,-0.003800131738401,0.7868950963020325,-0.7517314553260803,0.5021457672119141
1761536012.8258767,18.55455524141017,-32.79501404423097,4.551752068961157,-2.209308947721824,0.3848131256620371,9.33221306481946,10.295901125348829,0.3632415707701985,-0.1109428828568065,-0.9364733525756864,0.2125027675427853,0.0739688846590007,-0.1895570322575812,-1.0,0.2093211710453033,0.5024245977401733
1761536012.9256935,19.429365599476903,-32.362199799827096,4.635133317232672,-0.0402116162593692,0.326839007208195,-5.94067370725947,9.198268571681458,-3.972185132437693,-0.0741260167977754,-0.8541041736697078,0.3036494044074235,0.0835138193960833,-0.3670785626628537,0.1856555342674255,0.1687766462564468,0.5028428435325623
1761536013.0256975,20.27827531391719,-31.954495197831022,4.787921261802916,2.3152668645420635,-0.8754915726046437,-2.429256051851988,8.567072584931148,4.761830707656364,-0.1368534629538482,-0.9473309090654988,0.1800544834676833,0.1801370994928917,0.0210765754375243,1.0,-0.7071974277496338,0.5035807490348816
1761536013.1267056,21.03756616393224,-31.428537470223727,4.893827550789228,-1.4746537846965944,0.5894107330887284,11.834142505987066,9.366052404589777,-2.1070951820473347,0.1160277372066747,-0.8485179179453225,0.2800872281966232,0.1009832786094893,-0.3916871849916201,-1.0,0.3871459364891052,0.5038535594940186
1761536013.225776,21.758231149388344,-30.874380683585144,5.002336707554935,1.3107997159614413,-0.3255119139689044,-13.196932994363856,9.326917360186464,-1.4116632405184064,0.1376819549431357,-0.8769869629203181,0.2592511879892029,0.1253467827331184,-0.3306435754803922,1.0,-0.359496146440506,0.503433346748352
1761536013.3258667,22.45677117190532,-30.324621255862446,5.123946732646085,-0.3227312755542356,-0.6264347297234268,7.381199470710456,8.134214105232395,4.403848501886323,-0.0664440120441369,-0.935060505245438,0.1830208904265171,0.2013376797964383,-0.1117923131778048,-0.4033950269222259,-0.6250555515289307,0.5037817358970642
1761536013.4256775,23.046588088148884,-29.671198121669065,5.195029895051752,-0.0586178651794464,0.0085632527573377,3.9307364793815807,8.290101273529446,-3.908151092126208,-0.0130399533210872,-0.742719741803205,0.3045950586810751,0.1033901587818181,-0.5523257454731764,-0.1488519459962844,-0.0648951977491378,0.5036737322807312
1761536013.525709,23.62796491479429,-29.020761968130127,5.275541365726943,1.0570771087461546,-1.0142875731887566,-8.473025645529491,8.821537942165262,2.193574217293492,-0.1177608342762401,-0.90456711872103,0.1939475164839047,0.1776487762568373,-0.2687808195519403,0.8437620401382446,-1.0,0.503298819065094
1761536013.625952,24.136838849887937,-28.327379324911423,5.3482313517982,-0.4942859010584689,-0.3045935734823839,9.542161816995735,8.622150070469143,2.395640538048684,-0.0888843648361622,-0.878900984267411,0.1806266983518684,0.1820289493621334,-0.3479368697289,-0.6393463611602783,-0.3581261336803436,0.5034684538841248
1761536013.725988,24.53965971373034,-27.571215769462075,5.389605833796573,1.7340156397134971,0.4305649764303604,-3.5906311862198064,8.655587425660935,-2.2625936568674203,0.1692548761434948,-0.7475124180747318,0.2159480851199575,0.1075178013657183,-0.5849297606067044,1.0,0.3162910342216491,0.5032923817634583
1761536013.82583,24.9344844636686,-26.809472326619723,5.419134045785942,0.5051790753529031,-0.3168591544745801,-1.3169637900043578,8.363420788309599,3.1662731298358358,-0.1020125111117318,-0.8913576950547396,0.1202404189351986,0.1407399649046577,-0.3606482674071246,0.3254106938838959,-0.370957463979721,0.5030909776687622
1761536013.9257753,25.23091828572561,-26.008998371569568,5.443385881172063,0.3712269397169421,-0.4167058559243525,6.57951352170695,8.901288550907111,0.3678388536251917,-0.0434584389317764,-0.7849706534181068,0.1292151605140475,0.1158424153603732,-0.5588502582582213,-0.0624148547649383,-0.4939435720443725,0.5030047297477722
1761536014.0256789,25.46024400463125,-25.18556616701059,5.461392930959311,1.6059916103204992,0.3636753476977863,-4.799177299253439,8.938990212390985,0.0257939560982616,0.119975913763289,-0.7748076966785397,0.0914372882199721,0.0704393554580804,-0.5871675378413584,1.0,0.2624103426933288,0.5029305219650269
1761536014.1259224,25.663522681813213,-24.351054241719748,5.46035032666789,0.5477027507787149,-0.0628725276730674,3.118043022146257,8.613170360768166,2.558377960759473,-0.0260106962424167,-0.8347990705408783,0.0458564093350673,0.0455672366629857,-0.5071299433344901,0.1710464507341385,-0.1417368203401565,0.5029240250587463
1761536014.225808,25.79065751768409,-23.498260723577367,5.453440381163479,0.8117342494618256,0.1086121032338967,1.679820976392499,8.997744465074831,-0.6715623892583596,0.0225530119782944,-0.7091859321558772,0.0338896649407159,0.0221125370187757,-0.6733520393731957,0.3241558670997619,0.0150656355544924,0.5027135610580444
1761536014.3257127,25.90395996312214,-22.63844815268455,5.442063771123048,0.6998095734672908,0.199492019110017,-2.609037678012031,9.031172072043756,1.0114363050517203,0.0698605208422545,-0.7702864954389622,0.0059737256257875,-0.014631805073681,-0.6035106337502808,0.4371610283851623,0.0934717804193496,0.5027189254760742
1761536014.425755,25.996862417700346,-21.77016064424274,5.41795587590919,0.404390153067686,0.1525457209898112,2.86299441970491,9.113565259439037,0.8616419599404397,0.0497991485372337,-0.7499674739299126,-0.0076577890260119,-0.0331880057515301,-0.6277677071134873,0.090732604265213,0.0465311184525489,0.5026375651359558
1761536014.525652,26.063236176583622,-20.893024751286443,5.386022030184056,0.464373808883961,0.1116141313566393,-0.8575861553764623,9.227458523664248,-0.1949886223214481,0.0693127033323036,-0.7109251400483237,-0.0252933371592962,-0.0560511909544473,-0.6696516141878109,0.2391800433397293,0.0045772646553814,0.5025517344474792
1761536014.625778,26.13778898740221,-20.009445209099287,5.342419396684624,0.1533379659048807,0.1165160399091803,0.0667601643819021,9.300907261481251,0.4242549875910969,0.0662170907923809,-0.7347775091614039,-0.0270312770001101,-0.0674547463780579,-0.6422069485600431,0.0706841275095939,0.0071828882209956,0.5024778246879578
1761536014.7256398,26.213235921516464,-19.118551043285898,5.289351414461779,0.390657081027467,0.0989824403230858,-0.0588105517449401,9.391321126914296,0.232204235599726,0.0738875670282114,-0.7273314474865155,-0.036821830250934,-0.08308741862001,-0.6483278519761639,0.1708087772130966,-0.0122751370072364,0.5023845434188843
1761536014.8258595,26.29347735529932,-18.22059341092623,5.226633093769529,-0.1622085631550042,0.0681957883614652,0.4877519657758504,9.478968022451628,-0.0169688388117739,0.0719495054652045,-0.721787482959239,-0.0381753739886929,-0.0884727801393214,-0.6537082733650985,-0.0869202613830566,-0.0391748882830143,0.5023142695426941
1761536014.9259796,26.3897144120325,-17.316748253688672,5.154501981603585,0.0939472995646054,0.0219251297241515,-0.7843155901193646,9.559577901270783,-0.2701085210419113,0.066041280967039,-0.7214460744849882,-0.0342711380427496,-0.0878708688545379,-0.6543762716374625,0.0648784562945365,-0.0768036767840385,0.5022322535514832
1761536015.0258048,26.50828327391106,-16.408119518927307,5.074776013821625,-0.0917070219849233,0.0478245763555998,0.0131303419069439,9.64279628534078,0.2293523318889604,0.0724565513018226,-0.743751363115165,-0.0312301207747193,-0.0910670556982659,-0.6285858084872397,-0.0354258641600608,-0.0577308163046836,0.5021664500236511
1761536015.1256833,26.64001458574876,-15.493938849852926,4.9889907417661945,-0.2402857152245996,0.0431910103176757,0.260944638958704,9.71855900704104,-0.4017360900022605,0.0806008846839246,-0.728492371975136,-0.0238983816978458,-0.085886379416307,-0.6472165028454157,-0.1042772457003593,-0.0639155060052871,0.5021164417266846
1761536015.2258072,26.796448657351544,-14.576560772274007,4.895699498276478,-0.3135827132091764,0.0037577640108715,-0.7229697996427071,9.800720606644289,-0.2966061524179103,0.0681303574686843,-0.7422846634171477,-0.0112632876192907,-0.0773026408349003,-0.6327850251780225,-0.0999771431088447,-0.0915964543819427,0.5020674467086792
1761536015.3257794,26.97718624523443,-13.656648459572464,4.798755231759514,-0.1555210325703526,0.0450460964343205,-0.0887490168972969,9.878738509184622,-0.1165569974208632,0.0841789849253978,-0.7538018662624155,0.0013391908624324,-0.0698720574779002,-0.6199918041617806,-0.0539662912487983,-0.0639290884137153,0.5020197033882141
1761536015.425896,27.172820949083643,-12.73300736419613,4.69742458608715,-0.3839866233321762,0.040652806671293,0.0972780175791218,9.94965282993025,-0.2212683259777232,0.0905334821091418,-0.7547889539070858,0.0114381444670153,-0.0645722246871242,-0.6192579615348814,-0.1478793770074844,-0.0688188821077346,0.502000093460083
1761536015.526003,27.38600410120465,-11.806838029912017,4.591849752148333,-1.2465741706743638,0.0272809360983203,0.5712478710609895,9.977122717592591,-0.9160542064392128,0.0701074939647804,-0.7394998575938393,0.0434285763544373,-0.0395922672007601,-0.6380825497012632,-0.4717347919940948,-0.0749844089150428,0.5019676685333252
1761536015.6257887,27.632138189166778,-10.88269129504666,4.491464353669529,-1.0385816709092583,0.0219722909123793,-1.0586028253360322,10.004169866375632,-1.105143354156499,0.0507104600574033,-0.7424757416339954,0.0897931437662368,0.0004638372891121,-0.6308808985500619,-0.3383841216564178,-0.0771678164601326,0.5019476413726807
1761536015.725682,27.90608444746677,-9.961331869342064,4.404624979592362,-0.9594405364128034,-0.0475989244235333,-0.1586670489846567,10.092347164926553,-0.3298538342629247,0.0752592702682073,-0.7655515210479389,0.1254242991319433,0.0343873069834504,-0.595209706526939,-0.3392691314220428,-0.1282330304384231,0.50202876329422
1761536015.82577,28.179680640287657,-9.036347387929345,4.326175064922371,-1.210839574703876,-0.1517355596907355,0.6976512256891195,10.064991317650025,-1.0328968339881162,0.0363100761107305,-0.7350747186016089,0.167530876750113,0.0680076207140656,-0.6197992028760775,-0.4472405612468719,-0.1916273385286331,0.5021138787269592
1761536015.925897,28.44994711013044,-8.108460207087456,4.26769734006727,-0.380625702530791,-0.1940517549701338,-1.5859173230776062,10.10503347801276,-0.3393652477693905,0.0466137609875633,-0.7495329978347599,0.1861045577434641,0.1033065613820375,-0.5916308894545215,-0.0857464522123336,-0.2235979288816452,0.5021827816963196
1761536016.026045,28.69239372175426,-7.173682801096271,4.222807715087936,-0.1272012993925086,-0.6305786630234224,1.3390368443687497,10.076765266415444,0.4784448275452984,-0.040465303401464,-0.755532940977844,0.178147253045635,0.1260313030691984,-0.5819483496479566,-0.0792391821742057,-0.5094977617263794,0.5023574829101562
1761536016.1257982,28.870612861402904,-6.22834965491132,4.197427113413063,-0.6541525443338345,-0.5061153760185264,1.0124316630485817,9.984704442225516,-0.8382057467999765,-0.0727239048236305,-0.6943677808223453,0.1875819802389209,0.1472842559611657,-0.6465313064112669,-0.2694137990474701,-0.4225941598415375,0.5024240612983704
1761536016.225664,29.00351786637957,-5.28301652700005,4.210615510773038,-0.0336738871690114,-0.4182418322133022,-1.4676912684804455,9.934032701840442,-0.1452683127589993,-0.0156908535500646,-0.703658840647273,0.1840011145418914,0.1799613475250962,-0.628987573300249,0.0334844030439853,-0.3806319236755371,0.5026163458824158
1761536016.3257377,29.079349889582435,-4.340929695620895,4.244849805674992,0.1307511952019306,-0.8572916355590561,1.441764394470342,9.787351327809237,0.8855654797631957,-0.1315838899983258,-0.7108177117413343,0.1506982822114645,0.1999884679235162,-0.6237090076278354,0.0067399702966213,-0.6962800621986389,0.5029239654541016
1761536016.425756,29.06180158978186,-3.4100255175504266,4.303034207263964,-0.3962068289680766,-0.5721963128925368,1.697067003652988,9.642661545666275,-0.7944383619115383,-0.126009455662727,-0.6227178189111813,0.1588259187559803,0.219104642495973,-0.704178421016828,-0.2120221555233001,-0.5047971606254578,0.5030451416969299
1761536016.5257733,28.98353929962528,-2.4990196937471847,4.396146046553703,0.5284717434235251,-0.3673627616282342,-2.181461605667061,9.53840571064758,0.3079403119017138,-0.0186024910072775,-0.6490912848714107,0.1307816795852509,0.2323103064934259,-0.6814998100289125,0.2965118587017059,-0.3760066330432892,0.5032839179039001
1761536016.6256995,28.842330270741567,-1.6090470588874808,4.495455537552363,-0.5071793104888339,-0.8102375478433884,3.3883514901489447,9.375287819012954,0.7952845424920083,-0.1295710866322091,-0.6306877328514396,0.1103078448476295,0.2473264006038951,-0.6968921346368093,-0.339051216840744,-0.7414213418960571,0.5035513639450073
1761536016.725836,28.618245611132046,-0.7521903552628776,4.605580347160207,0.2613175598777917,-0.3200184854788492,-0.5832102562184741,9.169689643031678,-1.2734178465417667,-0.0623641853453308,-0.5219118897618447,0.1337612962474255,0.2608588437175723,-0.7734777631678638,0.1351214796304702,-0.3545982837677002,0.5035549402236938
1761536016.8258255,28.35299674419572,0.0769444508111186,4.732044347855829,0.2117834708973126,-0.5747677301781563,-1.082272956253807,8.98348847594948,1.6900565524055735,-0.0518687328546548,-0.623331002536015,0.0683548594241214,0.2562515665906124,-0.7054150385878717,0.146625742316246,-0.6009165048599243,0.5037466287612915
1761536016.9257755,28.01199692570197,0.8659706520415431,4.847058193457479,-0.7210381575569984,-0.64627006232519,5.379835493248479,8.981774981120308,-0.5854890406989892,-0.1581303493925129,-0.4768129027546107,0.1039315881673078,0.2859333313488253,-0.7977226461557408,-0.5614251494407654,-0.6712702512741089,0.503797709941864
1761536017.0257072,27.61267295517321,1.6104235549791068,4.975089503127806,1.439902667360639,-0.0089721808563725,-5.426756365622592,8.878206080347226,-0.2852206707285789,0.0511318338882776,-0.4809665411217932,0.0809975625729727,0.2686926592703389,-0.8037387686282315,0.9552015066146852,-0.0910406038165092,0.5037301182746887
1761536017.1256092,27.17718186780534,2.3243326980685284,5.0936413332585,-0.6728619411967689,-0.8523161113279133,4.646042297997934,8.508916807068053,2.207206549401705,-0.1109695940492926,-0.5477693821012692,0.032241939760245,0.2716135310047666,-0.7622643894337215,-0.5341325402259827,-0.9387871026992798,0.5039069056510925
1761536017.2260406,26.663102164718847,2.97431626503078,5.194315209345896,0.9638300344319354,-0.1019451890650194,1.0080425896414378,8.390066584420717,-2.256295282248283,-0.0586683955094232,-0.2922143264489789,0.1079875090002207,0.2910976289779639,-0.8796864764276909,0.4877429008483886,-0.1804220974445343,0.5036998391151428
1761536017.325728,26.12666501376866,3.595838550199606,5.299548362816985,-0.0045991243254476,-0.2585975102843171,-3.563024370660875,8.416245906281183,1.9914125645753684,0.0330228459398449,-0.49428554301607,0.0281665775347164,0.256262702220447,-0.8028138464232241,0.1518460810184478,-0.3709735870361328,0.5036931037902832
1761536017.4258833,25.542588357378477,4.173053128979196,5.368204784592401,-0.7656561457885173,-0.6776377115672944,7.419246489218874,8.629350838728367,0.0767919605298138,0.0140533530857954,-0.3412363037088287,0.0773805653777875,0.2828914182796478,-0.8675476958232051,-0.7497755885124207,-0.8417130708694458,0.5036235451698303
1761536017.5256927,24.91190331515088,4.702350150560976,5.414682323290314,1.3757251065785912,-0.8531126526905652,-5.411897669789281,8.587730246103895,-0.9717339451577158,-0.019511480276542,-0.2739965411227643,0.0774192149363624,0.2566995137435905,-0.8988656245295177,1.0,-1.0,0.5032861828804016
1761536017.626975,24.258396466064607,5.203425097442773,5.461448219578357,-0.7264337521223355,-0.862144099749801,3.4844870145418367,8.385897631751183,2.0823526232985583,-0.0949281160654623,-0.3895456013469676,0.0216453645085408,0.2627275803578119,-0.8564942744024114,-0.546924352645874,-1.0,0.5032011866569519
1761536017.7283113,23.554648511250956,5.636301334864157,5.480778732288176,0.4381618182685712,-0.3415582173151349,1.7754921485018635,8.561270281518341,-1.437578869674749,-0.069928099375296,-0.1646411132219994,0.0826804639688863,0.2670696592444066,-0.9215969248898636,0.1644610315561294,-0.4373852610588074,0.5031459927558899
1761536017.8278592,22.827150650779785,6.037740425712111,5.494573553100189,-0.049778108616857,-0.117508765967357,-2.4147773691444505,8.67966506271203,1.0126874995527388,0.037520346923446,-0.2816545109987963,0.0451995260985829,0.2453030045643756,-0.9016207048753724,0.0804770439863205,-0.2119972705841064,0.5028834939002991
1761536017.928176,22.0703341279694,6.394501583050579,5.485073389211912,-0.203315716201614,-0.7160083852489587,4.105930280086109,8.7908405815976,0.2555200329743903,-0.1365243630526257,-0.1906765700610375,0.0498749092606231,0.2618412525707401,-0.9202483740864296,-0.2762981951236725,-0.7968499660491943,0.5028709173202515
1761536018.0257351,21.28144788299573,6.684762878582734,5.476030332481401,0.4068543386809315,-0.1645394135423691,-1.7557762248433066,8.821820096849699,-0.399829334567825,-0.0398444617956785,-0.1312072095487837,0.0457413127378402,0.2479277018071096,-0.9345854497919354,0.279890775680542,-0.2421337217092514,0.5026344060897827
1761536018.1256769,20.473316015853975,6.932127370371458,5.470725136768476,-0.3268750574367803,-0.5489492207275664,1.7295116031855795,8.862785551918712,0.6359373758459367,-0.0690865273832505,-0.153132623609893,0.0264131044565296,0.2563948053923009,-0.9296811720332568,-0.2332334071397781,-0.6206796765327454,0.5027358531951904
1761536018.2258983,19.64434327334024,7.115643386883755,5.462538919588156,0.2313769196948471,-0.4553526445175553,0.372755279330754,8.906601277372502,-0.3119621976486486,-0.1042648736268312,-0.0666960457364438,0.0234564728270301,0.2572661583731273,-0.9396400437220352,0.098609559237957,-0.5161165595054626,0.5027137398719788
1761536018.3265293,18.802269071281536,7.241208850408695,5.464941235804203,0.0234249709687027,-0.4246955310500486,0.1366838895726877,8.923656033393156,0.5100309905502712,-0.0690715533752132,-0.0800860526703627,0.0013923434589401,0.2493828285864672,-0.9410045922125504,0.0098864873871207,-0.4892944395542145,0.5027299523353577
1761536018.425866,17.95106043297325,7.301707429946557,5.469419830991517,0.2851001683054725,-0.4726980781582185,1.183693001193439,8.949461969282586,0.1936277460034502,-0.1062463293178831,-0.0236983455335696,-0.0087037827962463,0.2470988577865505,-0.9446407083752894,0.1019527688622474,-0.5271588563919067,0.5027983784675598
1761536018.525636,17.097035244064394,7.294189166564243,5.481387743294044,0.432075847627448,-0.325029035212734,-0.1278082947140345,8.947877179252403,0.4382049286117315,-0.0719055378163336,-0.0030113073192545,-0.0229060285771008,0.2278298649658974,-0.9495158382876068,0.2221990525722503,-0.3875673115253448,0.5028173923492432
1761536018.6259027,16.245436288644886,7.221392153936348,5.497079507691242,0.3315619403487599,-0.3630090483622552,1.1699103761884737,8.945953306856417,0.5948524844397239,-0.0796010602579008,0.0269122161288868,-0.0337975888740026,0.2118501813057947,-0.9524895749501394,0.1242382824420929,-0.4228211939334869,0.5028892159461975
1761536018.725906,15.401693377947945,7.082263348550371,5.515753094695215,0.6196637627888941,-0.2076044819200002,0.260876860557948,8.963310444181179,0.3725164972128463,-0.0540736240747902,0.0729672204758992,-0.0375372603787554,0.1904157958532726,-0.954437935233702,0.3029482662677765,-0.2751257419586181,0.5029033422470093
1761536018.825804,14.568607207710574,6.885843441352772,5.53657700472003,0.5026641493156123,-0.1779974876944206,0.573042777717404,8.947430452215094,0.7963964811686756,-0.0404603440353294,0.083186269807614,-0.0425656113075608,0.1614023019896568,-0.958718065512704,0.2307003289461136,-0.2488652765750885,0.5029398202896118
1761536018.9258404,13.749827566658356,6.632451710384404,5.556415469922461,0.5915039317722739,-0.0990126661159162,0.8947582865633972,8.983674465973058,0.4701024059351003,-0.0285509148923683,0.1328503728126419,-0.0399305604207252,0.1385929264930143,-0.956771728417659,0.2631515562534332,-0.173812597990036,0.502941370010376
1761536019.026124,12.945442825026843,6.33179316728993,5.575737494051117,0.6700999195320892,-0.0044103815770199,0.0185230830327376,8.99274242463363,0.662626545034612,-0.0003160730719952,0.1480728456598727,-0.0350927219086716,0.1065659830352635,-0.9588151314598036,0.3313128650188446,-0.0872460082173347,0.5029369592666626
1761536019.1256824,12.1554060400355,5.989320473330034,5.591394565404137,0.5183330174199396,0.0102990559765107,0.948640206569896,9.017969178843224,0.672836407451299,0.0049171486302693,0.173392266744301,-0.0284285850103611,0.0795039036658252,-0.9574001075203108,0.22011099755764,-0.0745797157287597,0.5029259920120239
1761536019.2257288,11.37951666129902,5.609555430882377,5.6033653613719725,0.6451313886276612,0.0833167789865842,0.1604813822632579,9.065387859286565,0.4104866023533087,0.027933590947373,0.2062111867752815,-0.0182781443708183,0.053301600628908,-0.9529257181005912,0.3089155852794647,-0.0096444878727197,0.5028888583183289
1761536019.3258023,10.613508673073111,5.202867925143731,5.60999420497689,0.4611566206522036,0.0969049133915515,0.3206071294923375,9.085733737373296,0.7030697099253038,0.0362247546549021,0.2065532692227387,-0.0073699393948292,0.0244043525790988,-0.954164915847011,0.2085847407579422,0.0001406073424732,0.5028592944145203
1761536019.4258854,9.857078151113315,4.770812765958155,5.6104280860677855,0.473817294888919,0.1103347495402522,0.6237704661528232,9.150769012975095,0.2944767230061637,0.0474495332966446,0.240865669403327,0.0026759165688515,0.0053872104381265,-0.9463924161390938,0.2044627517461776,0.0091642700135707,0.5028082132339478
1761536019.5257976,9.104784216993506,4.322974633442557,5.603711624608524,0.5153892825864077,0.1156066212341632,-0.3273933260463251,9.195100706546926,0.4143202482104186,0.0554766364226851,0.2402062648527547,0.0145133340101611,-0.0174894451303806,-0.9462925251936558,0.2519745826721191,0.0113619687035679,0.5027594566345215
1761536019.6256485,8.354130115370705,3.863323867410015,5.589468251372488,0.2828165633125196,0.109911252639669,0.6273446785599974,9.247926458243786,0.4008296289045833,0.0591035050688977,0.2471634928893417,0.0240431046000536,-0.0341216207089863,-0.943844472690022,0.1074280440807342,0.0036045121960341,0.5026871562004089
1761536019.725737,7.603170995350637,3.3946004861198307,5.5676514734763805,0.321039627936831,0.0876538257074497,-0.1397289394174865,9.31245229683686,0.0763787433705269,0.0634918166497028,0.2635859983720267,0.0320098605776858,-0.0473177210303197,-0.9385684122797944,0.1494227945804596,-0.0181491691619157,0.5026355385780334
1761536019.8256087,6.84603927341898,2.925850024911841,5.537796799597683,0.1993116163267518,0.0730722777891289,-0.058954640210276,9.367222614489352,0.2833175000958187,0.061615325631297,0.2504977359731554,0.0397888044309285,-0.0585130818640819,-0.9412148070112132,0.0899499580264091,-0.0313926041126251,0.5025610327720642
1761536019.925774,6.082529381828903,2.457080865113188,5.501249655696897,0.1601579549832557,0.059388275641474,0.1412953930334165,9.430856915364997,0.0750626166295595,0.0648264211747409,0.257994910888694,0.0447030205721659,-0.0661007632223408,-0.938459079229402,0.0644657090306282,-0.0451834648847579,0.5025092959403992
1761536020.0256813,5.309761093679436,1.9931427785397189,5.4581049943155175,0.0771751577163537,0.0221944177455563,-0.2030343897772231,9.49125771025386,0.0144364265080968,0.0596105622518436,0.2539953037894911,0.0481749140672988,-0.0706917598774327,-0.9390421738784996,0.0407904163002967,-0.0751627907156944,0.5024469494819641
1761536020.1259124,4.525377803426372,1.5381589464520904,5.409798604998066,0.1408722548175028,0.0145344910117782,-0.2294559288542006,9.549168980255672,0.0819828196200922,0.0596726616227968,0.2433647569474316,0.0511057671676863,-0.0747618635191348,-0.9413799204875176,0.0668113231658935,-0.0814829021692276,0.5024021863937378
1761536020.2257,3.730245943036714,1.09152760483681,5.357895596628478,0.0270149653455992,0.0011707942505659,0.0241944703944403,9.60523288969335,0.0682535806005816,0.0606895764405987,0.2372103972671214,0.0531801300297099,-0.0790549597998993,-0.9424824826513262,0.0090569956228137,-0.0925266370177269,0.5023630857467651
1761536020.325719,2.9236405232768794,0.6552732452289332,5.302969119024852,0.0028340478652238,-0.0221415309386736,-0.1847124617770982,9.657834328025,-0.1021576345364103,0.0582652302986953,0.2365591965496526,0.0527611585401487,-0.0791728852694215,-0.9426592273513572,0.0064925933256745,-0.1102082505822181,0.5023401975631714
1761536020.425626,2.10395709105276,0.2336978639693191,5.2459810961775,0.0149969297432962,-0.0318450686544289,-0.3119113925947298,9.70697157124653,0.0243703945168693,0.0564210067734272,0.2205166943772207,0.0528876528258472,-0.0797757324005036,-0.9464752851902458,0.0153438569977879,-0.1169392243027687,0.5023166537284851
1761536020.525704,1.2726011661272636,-0.1744080371262635,5.188593491518853,-0.0552666307310297,-0.0296682561443934,0.0193897220751634,9.751204416899268,-0.0433572993003812,0.0603599144430097,0.2154748805895002,0.0517070545069075,-0.0788426281721682,-0.9477774472504344,-0.022955885156989,-0.1157473474740982,0.5023065209388733
1761536020.625805,0.4295816832135837,-0.5674612333290089,5.13082543087556,-0.0841380181832836,-0.0511610221498711,-0.2768056561450905,9.790292967970393,-0.1443753000083847,0.0571445532823278,0.2099896657104852,0.0493549768947996,-0.0753878914043451,-0.949411036681442,-0.0248464699834585,-0.1309466660022735,0.502307116985321
1761536020.7256756,-0.4254602778839235,-0.9427060201174902,5.073705515629073,-0.0829338050116068,-0.0470182298943598,-0.2338157822121041,9.825944156427465,-0.0555229008635461,0.0581894517005624,0.1957289304162262,0.0472368420926702,-0.0713500567000934,-0.9528625192728428,-0.0250359401106834,-0.1273383498191833,0.5023049116134644
1761536020.8261688,-1.290613632882073,-1.3022993029447074,5.018114812568891,-0.1289391621231519,-0.0429300307908416,-0.0794045810027194,9.85576970148656,-0.1165089973535863,0.0615962659113614,0.1898585271808487,0.0445934205054885,-0.0663864897458047,-0.9545327670648306,-0.0472308807075023,-0.1248018741607666,0.5023146867752075
1761536020.9259696,-2.1654755090826066,-1.645280688928248,4.963963543496497,-0.1498415128955637,-0.0482143653904757,-0.2380957419916153,9.881043458569392,-0.1648864237515525,0.0610283142628759,0.1825617351840938,0.041481109935589,-0.0593904781848836,-0.9565503320950756,-0.0498245581984519,-0.128216341137886,0.5023297071456909
1761536021.0262015,-3.049298946473101,-1.9713085280580736,4.911825929706462,-0.1338850618768766,-0.0422108699117345,-0.2103092138621124,9.903320556345172,-0.1020674527358346,0.0630100923612793,0.1708140389755731,0.0387537928518889,-0.0526286608561107,-0.9592191194674122,-0.0442792437970638,-0.1237983107566833,0.5023403763771057
1761536021.1256204,-3.940378102290421,-2.282918574210361,4.86198539058964,-0.1759390760423569,-0.0370362847151605,-0.0726592199329344,9.920606852155004,-0.1361169047922093,0.0657860960345004,0.1650191340217035,0.0359675846019642,-0.0453715023684166,-0.9607086258374692,-0.0639896318316459,-0.1205138713121414,0.5023573637008667
1761536021.2257192,-4.838018443691591,-2.580288781976721,4.814366119982996,-0.1643368863657321,-0.0386761410304036,-0.2007476368733536,9.933945393162436,-0.173596352904476,0.0656669302875035,0.1591911361164137,0.0329347888891857,-0.0368039009785652,-0.9621614930904806,-0.0549438782036304,-0.121527299284935,0.5023778080940247
1761536021.325725,-5.741321512506556,-2.8641509541958494,4.76931548684958,-0.2525907138481977,-0.0368940661343416,-0.0075148374586909,9.944418748362336,-0.1531371517944257,0.0661247487079232,0.1516186061264148,0.0298149583342283,-0.0269645937676756,-0.9638062207048737,-0.0926504135131836,-0.1202003136277198,0.5023927688598633
1761536021.4256947,-6.649258714233529,-3.1359906117776544,4.727229773354588,-0.0527345866970503,-0.0379725051523072,-0.3609445060096779,9.950372092397554,-0.1780350267679802,0.0666256157592451,0.1465943686987508,0.0267957813970252,-0.0181941775368368,-0.9648745626133974,-0.0075680459849536,-0.1210503801703453,0.5024159550666809
1761536021.5258076,-7.560572346714213,-3.3983217617035826,4.6883923054573735,-0.0343414245840463,-0.03777648320699,-0.0793371504796932,9.95398510830735,0.1186199339289758,0.0671539611206803,0.1292975460025435,0.0252162669651489,-0.0176646754431902,-0.9673907106599244,-0.0119139105081558,-0.1208974570035934,0.5024380087852478
1761536021.6259463,-8.47284570633461,-3.6581155255532978,4.653050976167136,-0.1516399140737791,-0.0443708897264534,0.2739377299128737,9.952398678841805,-0.175500598610813,0.0658014280849231,0.1421169437487125,0.0223600788320953,-0.0128398655784441,-0.9657336983760788,-0.0635125339031219,-0.1254757791757583,0.5024664402008057
1761536021.7257843,-9.387065527632526,-3.9104097614226,4.621543826365465,-0.1547405260516646,-0.056293215571131,-0.424104007014062,9.948351140593775,-0.1097263511593543,0.0612273807050291,0.1336357413253962,0.0191853203652596,-0.0077237237671844,-0.9670639773920766,-0.0473764203488826,-0.1333159357309341,0.5024937391281128
1761536021.8256764,-10.302692358829209,-4.15533746287564,4.595044191091636,-0.1818855394857745,-0.0579048224648219,0.2148177470529071,9.939064648728232,-0.0679839816547626,0.0597390497356383,0.1298256334230081,0.0154034825938093,-1.786617993623622e-05,-0.9676758697218354,-0.072072185575962,-0.1342430561780929,0.5025222897529602
1761536021.925618,-11.218290041128132,-4.3964933338853625,4.573987802769186,-0.0266723649825697,-0.0668028150415775,-0.277163885446886,9.924470143324102,-0.1133854564962595,0.0564657778199006,0.1296554514279582,0.0117871500017219,0.0037721566734942,-0.9677409983107028,-0.0018300926312804,-0.1403678059577942,0.5025666356086731
1761536022.0256624,-12.1333064347952,-4.633983723331267,4.55905775405205,-0.1323600451985561,-0.0733590611277142,0.1474112501848105,9.90604924631807,0.0083195022331571,0.0534137928343957,0.1233321501099602,0.0078861316187524,0.0072675694884358,-0.9685847169205324,-0.0549214482307434,-0.1448879390954971,0.5026057362556458
1761536022.1257548,-13.046423149793288,-4.870890303911122,4.550790332451808,-0.0647804301149387,-0.0799130728401846,-0.0858890175289753,9.88083474163359,-0.1448927144926398,0.0492738324324946,0.1301711938632042,0.0035406009192405,0.0118156493492834,-0.9676683196283762,-0.0224522221833467,-0.1493666917085647,0.502654492855072
1761536022.2256844,-13.95795475937754,-5.103855725586369,4.550004823226868,-1.0722587667133257,-0.0869972121320236,0.9533835780666398,9.835964744026654,-0.5546915414304843,0.0370096499747366,0.1468744189138948,-0.0038223976451589,0.0389008255043258,-0.964554206474,-0.4430217444896698,-0.1522609144449234,0.5027075409889221
1761536022.32583,-14.869262014617886,-5.321421500691239,4.562866260018071,-1.1408331401935894,-0.0895528623879011,-0.690765313069244,9.71627595405869,-1.2844698606091298,0.0018225970307522,0.1685262465158747,-0.0168018368708148,0.0945802304695231,-0.9569568621559432,-0.4235731065273285,-0.1511349529027938,0.5027660131454468
1761536022.4257822,-15.779092477850446,-5.516131902635976,4.5987955653989125,-0.9752640325257506,-0.153992285474798,-0.3742940026634284,9.7304416737903,-0.2546856130498779,0.0212994497490301,0.1103318262343141,-0.0345819833237213,0.1342260942683424,-0.9601764384554174,-0.3721096217632293,-0.2050316482782364,0.5029020309448242
1761536022.52573,-16.679843846293956,-5.716653733749079,4.65121388545569,-0.95583564238333,-0.2874802821878818,0.9828880527861598,9.590507477822044,-1.0996122167451523,-0.0323154434256938,0.1563965073644625,-0.0455761978552014,0.1901487418990163,-0.943696159906199,-0.4141004085540771,-0.3009673655033111,0.503081738948822
1761536022.6256855,-17.56691272890579,-5.927705363927242,4.729342149078469,-0.0527798406824974,-0.2645997357546251,-2.0167636974865437,9.549067326680996,-0.0719969026389975,-0.002981323139686,0.1093031559102801,-0.0708050209786982,0.2022886672362414,-0.9462134136738176,0.0460078306496143,-0.2965885102748871,0.5032138824462891
1761536022.7262247,-18.433643874620177,-6.171211021862366,4.820654619616613,-0.745709301347645,-0.6378924062588757,2.659660627428367,9.43538852260617,0.1823295274041659,-0.0866110373394028,0.1260718019627582,-0.0922909028232618,0.2208543788323884,-0.9380652218736568,-0.4152324497699737,-0.599126398563385,0.5034382343292236
1761536022.8257415,-19.268698169172374,-6.467257618805896,4.929645271196438,0.0935642068454824,-0.3423823681515737,-1.0983615594989475,9.24407754608563,-0.9884415237147666,-0.0623842241732521,0.2020362157694663,-0.1012575959274254,0.2435460248918626,-0.917984810617676,0.0795016214251518,-0.3707721531391144,0.503514289855957
1761536022.9259202,-20.07422700397607,-6.795937404914722,5.059225333242739,-0.0304710969547805,-0.5909409964977534,-0.0163788401364409,9.098645662959145,1.1110526756154202,-0.07137150956353,0.1240554760626667,-0.1376763615221935,0.218426828996171,-0.9332439708029088,-0.0085110552608966,-0.608111560344696,0.5037257075309753
1761536023.0256944,-20.83572110191958,-7.187068506670758,5.190061554782961,-0.5564334497783048,-0.6304168603565694,3.3338446954911887,8.979851678542063,-0.7570250917642991,-0.1482515710109183,0.2576695194349873,-0.1422518208223135,0.2589328162107689,-0.8939226046174795,-0.4072975814342499,-0.6585169434547424,0.5038586258888245
1761536023.125739,-21.5508824234987,-7.623843330043373,5.339848428515375,0.965918905297704,-0.2483588909010721,-3.935692458201505,8.867032183915358,0.1254843095629313,-0.0219369056545873,0.2335266232468835,-0.1608044466364804,0.2294078590407659,-0.9053478365605326,0.6611546277999878,-0.3243626356124878,0.50389164686203
1761536023.225773,-22.222978711868382,-8.101888737574408,5.488577516634451,-0.6880538711744947,-0.8830667071674673,4.364378597419191,8.621451304003292,1.3601686962151516,-0.1565951102245275,0.2202981727314127,-0.1933741449552918,0.2171672749598142,-0.9052624891731292,-0.5595861077308655,-0.9810249209403992,0.5041128396987915
1761536023.3256867,-22.825271510585083,-8.644795410344921,5.63367404640422,0.999833248618234,-0.2616774321161499,-0.5743474872249086,8.44605927724826,-1.5097013669516268,-0.0801183820121308,0.398231676968691,-0.1750149275844339,0.2577063037903305,-0.8347014210162506,0.5958756804466248,-0.3566961586475372,0.5040416121482849
1761536023.4258232,-23.384456981885773,-9.21394255977719,5.784410616205261,0.9797608260084752,-0.4451572406661523,-2.746110474822497,8.165680993005743,2.279640539139199,-0.0978286263005138,0.2410544776839678,-0.2032006508973804,0.1610342381244427,-0.9092267234205698,0.7145015597343445,-0.5736229419708252,0.5041018128395081
1761536023.5256796,-23.86838899179116,-9.836909232564112,5.915968162573865,-0.6663051117398858,-0.6655470558106943,7.151525498070573,8.314844624324916,0.66438975847258,-0.1817146524279032,0.3918500276029301,-0.2102665943269288,0.1912726260453265,-0.8470221364604088,-0.7661922574043274,-0.8450685739517212,0.5041106939315796
1761536023.625748,-24.27318620286532,-10.50379284482277,6.040836428481978,1.2645338800295003,0.1068535978686665,-4.021994496069971,8.268465913181345,-0.3729447592443144,0.0251822868017125,0.4738555507785546,-0.1754234076218001,0.1707419146070478,-0.816828374304043,1.0,0.0515012554824352,0.5039270520210266
1761536023.7258298,-24.640919241728888,-11.189700948242375,6.149607057066407,0.5361093646470424,-0.4585935163145854,1.2533558774097893,7.8102369732215235,2.62140991338378,-0.1315864205337058,0.36529376381863,-0.1796147961814017,0.1010143864075793,-0.8806591694564931,0.3028056025505066,-0.6330243945121765,0.5039381980895996
1761536023.825704,-24.920545007849928,-11.911906296978827,6.242496340223515,0.7721118901335344,-0.1734458601195823,3.984920408919804,8.176673375117137,0.1095551455769501,-0.1284423314369952,0.5475661466435198,-0.1671525574134349,0.1189478862120846,-0.7805177245483604,0.3122341930866241,-0.2874835431575775,0.5037165284156799
1761536023.9279225,-25.13796534281937,-12.652801743269832,6.332354062510226,1.2804879542437158,0.1217956976196474,-2.807634558635215,8.114537901788939,0.9982575865018726,-0.0277044361644172,0.5332593927249609,-0.1286445685590509,0.0651875167549263,-0.8036288178690616,1.0,0.083285316824913,0.5036319494247437
1761536024.027801,-25.30551188676983,-13.407145839402368,6.412284451113891,0.6313985754727294,-0.1487414866279818,2.6382043550274017,7.887049403479901,2.0991972052320413,-0.1255858407265494,0.5209452320413902,-0.1077110912846783,0.0212806877805359,-0.8169829133480212,0.293026715517044,-0.252509206533432,0.5036070942878723
1761536024.126276,-25.399452516504947,-14.171974682728694,6.493879210795619,1.2327137181978411,0.0540339997374346,1.099219264542444,8.142953413880157,0.274067619388222,-0.0757953177899481,0.6406404087072325,-0.0852591330787579,0.0067295003965984,-0.7300677395331929,0.7661183476448059,-0.0012862143339589,0.5035147666931152
1761536024.226088,-25.45540244330486,-14.940204360825886,6.578007009529079,1.1490617490326491,0.0878799588763811,-1.57186102177895,8.01537989491008,1.4852579636405066,-0.0702557999838119,0.6022311763602255,-0.0391887234034185,-0.0420309532412718,-0.7645979119357437,0.8551223874092102,0.0475153513252735,0.503560483455658
1761536024.3256671,-25.47312461402683,-15.70920502730117,6.66611489122062,0.4254203501620683,0.0746919869679688,2.9076718312783143,8.053412770804647,1.1819077068999062,-0.0617937336538792,0.6391802990419555,-0.0210879932970285,-0.0628161823999864,-0.733192959926848,0.1400758773088455,0.0245393346995115,0.5035732388496399
1761536024.4256673,-25.45853932874646,-16.47717864630417,6.758163093320518,1.0621306331242626,0.0481540484865087,-0.9459616801774272,8.140862647504271,0.1385519375993129,-0.0392140578038102,0.6911164253544835,0.0019914875113068,-0.0849982355963351,-0.6823085029688148,0.7626221179962158,-0.0116252219304442,0.5036293864250183
1761536024.5256624,-25.44004351864052,-17.24550390135962,6.8495011669639565,0.4188069618813616,0.0723957207047088,-0.0392024745951753,8.035743862997695,1.3177590947153734,-0.0506607795898845,0.6417149641824285,0.0390205929124299,-0.1115721585431613,-0.7242808106698712,0.2894583642482757,0.0209095254540443,0.5036485195159912
1761536024.6257987,-25.41015881861113,-18.012923194140484,6.943728718823028,0.3894885094249437,0.063854824925864,1.550597405483069,8.138955552114206,0.2598398105600492,-0.0276152729723985,0.691536123256475,0.0438086849434132,-0.1229975149682497,-0.6745390646893726,0.1820365786552429,0.0042070136405527,0.5036481022834778
1761536024.7256262,-25.385249794886256,-18.781424878576896,7.034342806650154,0.5533871166313452,-0.0388087066036648,-1.4615209773008198,8.149474580914154,0.2083833951006065,-0.0457329852339638,0.6837302837647833,0.0648444910738375,-0.1414684698526864,-0.6771497020636711,0.4447018206119537,-0.1234120652079582,0.5036715269088745
1761536024.8257527,-25.378896208070845,-19.551543881004484,7.121140473957634,0.0138052318692137,0.0356795544546894,0.7514840812915932,8.143541230643407,0.5412311773032837,-0.0311451901515312,0.6623653583332673,0.0773848033346812,-0.1478524092655468,-0.6954360171477579,-0.0280304923653602,-0.0309224314987659,0.5036210417747498
1761536024.926047,-25.388279525168088,-20.32347821185662,7.203159372734018,0.1803480352261539,-0.0474945831789716,-0.1822520052887566,8.174500221627241,-0.3226746335234904,-0.0346231977714147,0.6876248019575129,0.074280956286418,-0.1526819803832007,-0.6697238325267316,0.1245131716132164,-0.1375454664230346,0.5035959482192993
1761536025.0261843,-25.42929012157557,-21.09736877702356,7.275880548291265,-0.0276476139647111,-0.0595921859219667,-0.930471354495881,8.20431022559147,0.0810577190460274,-0.0481946052278918,0.6535244939683272,0.0842396453053147,-0.1563546748420607,-0.7010798036549082,0.0279655307531356,-0.1496123224496841,0.5035310983657837
1761536025.1256392,-25.502803103478414,-21.87208283969204,7.341741441398119,-0.3095817933223293,-0.0055143459534201,0.5680278374076826,8.232899007457279,-0.2464963764359617,-0.0308175252552111,0.6544019521966975,0.0763814973385501,-0.1490014525311718,-0.7027530755071989,-0.2305135875940323,-0.0840554386377334,0.5034449100494385
1761536025.2256997,-25.61187026622904,-22.64676390190401,7.398116228899493,-0.1742287885122388,-0.074774314752487,-0.950603272980301,8.254589289620093,-0.587519304159636,-0.0475741207576358,0.6498759497465765,0.0686948566473713,-0.1427959025449126,-0.7089969225942693,-0.0669394358992576,-0.1671373397111892,0.5033767223358154
1761536025.3259387,-25.764848775331952,-23.41854143483052,7.445615912611769,-0.4824727482241865,-0.004671105017309,-0.3284712954977871,8.313862258094877,-0.3054098638717431,-0.039428770773716,0.6189873930295906,0.0629919459922042,-0.1295304611345083,-0.7390494352066411,-0.290196418762207,-0.0814401656389236,0.5032764673233032
1761536025.4256551,-25.95695303793876,-24.18670107169107,7.485642677906339,-0.5352180835858531,0.0149979457101557,-0.0955342654047753,8.337302982081724,-0.7561052162395725,-0.0330532200084551,0.6219254415456906,0.0464904376068916,-0.1089166053147867,-0.7411159420608845,-0.3290908336639404,-0.0592827089130878,0.5031994581222534
1761536025.5257335,-26.19136511540585,-24.94868304873324,7.517816682844814,-0.5193975427025693,0.0245978146567459,-0.901861817803182,8.396874110617286,-0.7018907691734447,-0.0356313285517802,0.5993947518870595,0.0341115538481609,-0.0879615470599879,-0.7627949512270786,-0.2734956443309784,-0.0480215698480606,0.5031245350837708
1761536025.625722,-26.46585972885057,-25.70310375577339,7.544543574890489,-0.943197238713264,0.0847274005409999,0.2166536529560817,8.454325307906513,-0.7269024912171699,-0.0226198311907159,0.583940231846141,0.0167526239460267,-0.0570935599717768,-0.7781263750838922,-0.57564377784729,0.0186716318130493,0.5030533671379089
1761536025.7256455,-26.777130404172603,-26.4491729681015,7.567797541044354,-1.181471051732532,0.0919829694726435,-0.1094782408927703,8.424049169950285,-1.3945418460684915,-0.0436649718756183,0.5951224075443841,-0.0123957935893272,-0.0124453668646667,-0.7716552903281108,-0.6926783323287964,0.0284714940935373,0.5030078887939453
1761536025.8257246,-27.12978938250672,-27.181020901170594,7.595782519447956,-1.286600950508311,0.1146321430436262,-0.7648069948448957,8.478057429493349,-1.2872835828649851,-0.0465326644963833,0.5677022279292542,-0.0433984580245649,0.0357189185696815,-0.7901897701860685,-0.711922287940979,0.0518208481371402,0.5029813051223755
1761536025.9257252,-27.51457802997678,-27.8992273658129,7.634861143445777,-1.2554452200776405,0.0977338491859857,-0.0671828969812179,8.500155904851963,-1.3040015855230649,-0.040421949436735,0.5503183239436639,-0.077447194296584,0.0917225863411755,-0.7952865622169737,-0.7120973467826843,0.0321387164294719,0.5030517578125
1761536026.0258112,-27.916835404161382,-28.60892509123846,7.686255307535418,-0.6283107760652327,0.0601002737752637,-1.192586361961001,8.571341084086447,-0.8504263683736406,-0.0117961668221743,0.5174207559253498,-0.1027921625145634,0.1265795581998455,-0.8095661465741992,-0.3030575215816498,-0.0160841047763824,0.5031511187553406
1761536026.1257036,-28.319519879613264,-29.31971992751712,7.74187499525742,-0.631005627060164,-0.0821751744541131,0.3590658995919027,8.628815909166493,-0.2158810177639257,-0.0102301204964139,0.4905424620950394,-0.1223042956349457,0.1488295512136482,-0.8197168535451661,-0.3723585307598114,-0.17134690284729,0.503262996673584
1761536026.2257757,-28.70332929426784,-30.042967466139203,7.794652636140204,-0.4351269298727069,-0.0994660800092924,0.4413069724949652,8.63007957758267,-0.5506352862053527,-0.0226322151481658,0.515730867398938,-0.1346546019594874,0.1726863369993076,-0.797315347134918,-0.2646697163581848,-0.1866715401411056,0.5032663941383362
1761536026.3264527,-29.06464323403735,-30.7794153442448,7.846538334336636,-0.2797539112237761,-0.1405454654421009,-0.231994470076436,8.66196020143457,-0.2040115027631923,-0.0148793434674569,0.5108519667066207,-0.1476740302753909,0.1821341003675981,-0.796044092807071,-0.1460519433021545,-0.2327573895454406,0.5032411813735962
1761536026.4259079,-29.395140041301435,-31.532320451771504,7.893561383529147,-0.2426456666655487,-0.254303457784237,0.7107664905662802,8.682217137674922,-0.0234583437941833,-0.0394390347009836,0.5215872422326082,-0.1602444714516193,0.189954736360532,-0.784730890021808,-0.1642133295536041,-0.3491495251655578,0.5032320022583008
1761536026.5257595,-29.683888349370985,-32.30409585606481,7.936016571909058,-0.087112435260519,-0.251416028920301,0.3578579741516911,8.697057602409451,-0.109984359033573,-0.0456332809041186,0.5467256844431101,-0.1685246853068588,0.1940505341267708,-0.764610969995207,-0.063693031668663,-0.343079000711441,0.5031699538230896
1761536026.6257055,-29.926837393062552,-33.093303375231315,7.975075533813012,-0.1157165062385486,-0.3006377477822259,0.5037279440205051,8.715265119942453,0.0733373328623888,-0.0493638935532285,0.5614266245446006,-0.1780840783206024,0.1931604838355788,-0.7518979379509714,-0.0850555971264839,-0.3934396803379059,0.5031419992446899
1761536026.7259204,-30.118871891230786,-33.89829408632975,8.009706255760674,-0.0471911809706335,-0.3368236488543236,0.6446569612156766,8.73259568159624,0.0245565629714201,-0.0619947926001284,0.5879701027587709,-0.1864543670253268,0.1929629521726373,-0.7292591964244475,-0.0523244701325893,-0.4269814491271972,0.5031058192253113
1761536026.8260868,-30.25546918567036,-34.7162120450244,8.04147266472903,-0.0019794296864234,-0.3431369423459998,0.4777324870035115,8.749007930668155,0.1030041383619275,-0.0622154144670145,0.6095124398908837,-0.1939666230230188,0.1880911359671842,-0.7106175080148406,-0.0211505759507417,-0.4319500625133514,0.5030694007873535
1761536026.92803,-30.33398480115521,-35.5434409280923,8.070157808899133,-0.0170136611304425,-0.3765697032183813,0.7164684635735031,8.765979621689114,0.1209022995346966,-0.0696782344210796,0.6341471748419358,-0.2015515223690937,0.1834509571042605,-0.6877472562781051,-0.0387218967080116,-0.4630460739135742,0.5030441284179688
1761536027.02594,-30.35173528382727,-36.37580444884014,8.096508483369268,0.0324890736613646,-0.3698790016287663,0.5640635554863239,8.782964147052356,0.1010319619644273,-0.0691980168030334,0.659673633554787,-0.2078600544722617,0.1776283806924821,-0.6628853203693169,-0.0056858835741877,-0.4537846148014068,0.503014862537384
1761536027.125696,-30.307835312323565,-37.20884462247884,8.120864306198182,0.0188521809547194,-0.3859210444859435,0.6425535629163173,8.799685254420687,0.1578101232332729,-0.0705514113737955,0.6819664044417756,-0.214203441358369,0.1701492593092142,-0.639810712507978,-0.0166272688657045,-0.4682506322860718,0.5029958486557007
1761536027.2256968,-30.201354548633333,-38.03785240885512,8.143199374191084,0.0370452558379635,-0.3875576802899159,0.6629240343277507,8.817321901036815,0.1254189016072409,-0.071974924328387,0.7068035332083074,-0.2198876219249382,0.1632817929406949,-0.6120364614955772,-0.00726302806288,-0.466884970664978,0.5029765367507935
1761536027.3257236,-30.032370426980325,-38.85803953732178,8.164095203106381,0.045500701189303,-0.3836691438660533,0.5993591727555704,8.83454451793175,0.1523794604185439,-0.0693210323738133,0.728610357633688,-0.2248534050736299,0.1549123465455911,-0.5862140358524972,-0.0007868582033552,-0.4613415002822876,0.5029594302177429
1761536027.4256592,-29.80172879827659,-39.66478224299816,8.183345391477754,0.0339506399686991,-0.3898629858314399,0.681837201897702,8.85255078885956,0.1496925371511331,-0.0698510499701207,0.7504969016233669,-0.229684563047712,0.1468800335538862,-0.5580245370277711,-0.0098176375031471,-0.4649193584918976,0.5029465556144714
1761536027.5259058,-29.51097329904352,-40.45360408237478,8.201259196727694,0.0495291990819014,-0.3805737130662124,0.6150722523689198,8.870854243808603,0.1383606320037671,-0.067013378949773,0.7714269074073509,-0.2337986777322274,0.1386145847218212,-0.5290543928241684,0.0011241249740123,-0.4536883234977722,0.5029312968254089
1761536027.625955,-29.16095769901183,-41.21986282974519,8.217835975556255,0.0398849771244732,-0.3817565692333581,0.644563189094296,8.889304411630114,0.1547815584155618,-0.0654959943185543,0.7904321138562596,-0.2376444588306241,0.1298808609108892,-0.5006328235457956,-0.0052892188541591,-0.4529247879981994,0.5029208660125732
1761536027.7259965,-28.75435615646844,-41.95959273880547,8.233083103229783,0.0429746702696322,-0.3769297018429865,0.6439900497306984,8.908343291124263,0.1355147522213277,-0.0639480195991545,0.8091820763888682,-0.241195538143649,0.1215727711818987,-0.4700166087298266,-0.0033913971856236,-0.4457884728908539,0.5029074549674988
1761536027.825611,-28.29325448495634,-42.6686796365419,8.247206894270777,0.0421705408784022,-0.3724731330501676,0.6150676988580133,8.927299819628175,0.1437882632365215,-0.06109862390529,0.8259736576723011,-0.2442423331589903,0.112784289631044,-0.4403713999059416,-0.0030844463035464,-0.43971848487854,0.5028953552246094
1761536027.9259226,-27.780200720340183,-43.34332972362903,8.260088079407746,0.0372149234017574,-0.3720491300411773,0.6424298556132025,8.946607252471596,0.1399069046957853,-0.0597136561609634,0.841858870684254,-0.247094871506176,0.1041769276108208,-0.4095984545525624,-0.0063791749998927,-0.4372266232967376,0.5028871893882751
1761536028.0256584,-27.218595415942005,-43.980434553873934,8.271863913938088,0.0401335902005326,-0.3648353401664119,0.6162681338466748,8.966015976480698,0.1329273260016131,-0.0569746327494128,0.8565476187352257,-0.2495248510680164,0.0955854542399563,-0.3784484906138173,-0.003849278204143,-0.4282073676586151,0.5028741359710693
1761536028.1256535,-26.610998263750457,-44.57636884584155,8.28251096540743,0.0348693036702928,-0.3628765507205184,0.6217256180830949,8.985534033104138,0.1357873295942751,-0.0547753702754311,0.8697965026263224,-0.2516706622728534,0.0869133240535999,-0.3474728090606029,-0.0067216828465461,-0.424586534500122,0.5028663873672485
1761536028.225802,-25.96103269093751,-45.12850549592572,8.292020177598868,0.0341678743575616,-0.3581358438805213,0.6190720000593585,9.0052223469664,0.1274529013726773,-0.0525886708445634,0.8820066542372057,-0.2535799487418896,0.0784278213154927,-0.3157025947859232,-0.0068158311769366,-0.4179719686508178,0.5028542280197144
1761536028.325652,-25.272009280771798,-45.63405433606791,8.300436488649268,0.0326222601346385,-0.3545254179701601,0.606867513454869,9.024913461702136,0.1276778765717536,-0.0501119478802676,0.8928487673896043,-0.2551333947326389,0.0698733482460051,-0.2842273530858551,-0.0071735475212335,-0.4129064083099365,0.5028461217880249
1761536028.4256136,-24.54757512319762,-46.09074072225868,8.307726950236274,0.0284319788983924,-0.3513364210415428,0.6135799899410369,9.044680751486686,0.1234118652983347,-0.0480434332588419,0.9025369332353528,-0.2565054761607553,0.0614434265025712,-0.2523448113503738,-0.009399707429111,-0.4079208076000213,0.5028344392776489
1761536028.525704,-23.791424931848784,-46.49649762385264,8.313929737382203,0.0286570660362851,-0.3475569761243131,0.5998056970414269,9.064421396603851,0.1194272109087009,-0.0457447624386268,0.9110181302242072,-0.2575839255100879,0.0530554012560935,-0.2204255227104569,-0.0087182288989424,-0.4026166200637817,0.5028256773948669
1761536028.6256523,-23.007315290538816,-46.84950690520159,8.31904401224939,0.0246133977111998,-0.3446003463241091,0.6021325106845776,9.084102235033122,0.1187823551069603,-0.0435721607571105,0.9182820940804652,-0.258422809029547,0.0446953018569793,-0.1886006828143775,-0.0107758594676852,-0.3981686234474182,0.5028149485588074
1761536028.7258143,-22.199077775158067,-47.14822116520935,8.32306792305536,0.0237877801854555,-0.3415912535050432,0.5966143422931692,9.103740758594064,0.1135143450559778,-0.0415241359835987,0.9244160658427408,-0.2590476165896442,0.0364475368054623,-0.156523634492771,-0.0108109368011355,-0.3936275839805603,0.5028063654899597
1761536028.8255773,-21.370606618986265,-47.39140606606993,8.326028554915386,0.0217096360937037,-0.3384710321816354,0.5911872621674207,9.123252003189483,0.1126029102182743,-0.0392875231501133,0.929370875775767,-0.259404107569476,0.028222142412711,-0.1247043491676393,-0.0115743773058056,-0.389256089925766,0.5027968287467957
1761536028.925917,-20.52581074410905,-47.57806150078373,8.327905286164533,0.0194292085517934,-0.33599299977709,0.5911290055409173,9.142675470803328,0.1090997467137014,-0.0373665674553859,0.93320394527374,-0.2595692470386583,0.0200910455032154,-0.0927848146292028,-0.0125759411603212,-0.3852336704730987,0.5027875900268555
1761536029.0258453,-19.668621172541656,-47.707462206200006,8.328722520414798,0.0181953786467203,-0.3328681769149014,0.5842059512048569,9.161945318006468,0.1066926470201318,-0.0352315807347417,0.9359208865681377,-0.2594877136829385,0.0120226742326916,-0.0610252968671691,-0.0128375981003046,-0.3809324204921722,0.5027782917022705
1761536029.1261983,-18.802964512953327,-47.7791585600607,8.328471467297202,0.0157429890918185,-0.3306380437729032,0.583652228802732,9.181079023192764,0.1043988035356671,-0.0333379967400948,0.9375363774087124,-0.2592101431475136,0.0040245458164769,-0.02937850617325,-0.0139009747654199,-0.3772691786289215,0.5027689933776855
1761536029.2256958,-17.9327503931142,-47.79293839679247,8.327161853762998,0.0147309688616916,-0.3280841271197132,0.578467123185749,9.200040480091015,0.1017954921694022,-0.0313796132106404,0.938076813880697,-0.2587088563760313,-0.0038949026615109,0.0021313639642632,-0.0140842841938138,-0.3734815716743469,0.5027602910995483
1761536029.325626,-17.061856005480838,-47.74885512704803,8.324797287749059,0.012607530309818,-0.3258553332744032,0.5766676371966405,9.218818482103092,0.0999228327372535,-0.0295172164790276,0.9375571157770825,-0.2580017310928177,-0.0117479166878005,0.0334317645196874,-0.014934835024178,-0.3700225949287414,0.5027511715888977
1761536029.425794,-16.194113287905644,-47.64719655747767,8.321381837392895,0.011005902524134,-0.323541449524034,0.5734831451797082,9.237418074825335,0.0972569210187463,-0.0276337488975118,0.9359924928040116,-0.2570982872255725,-0.0195079839710068,0.0645652823161205,-0.0155109139159321,-0.366517573595047,0.502742350101471
1761536029.525672,-15.33329139121779,-47.488505022142654,8.316918394962615,0.009600928635535,-0.3213906836112604,0.5700845111562838,9.255813399961085,0.0956182635424837,-0.0258234674893538,0.9334125394456604,-0.2559807135463497,-0.0272008561887469,0.0954144210930316,-0.015950072556734,-0.3632383346557617,0.5027334094047546
1761536029.625634,-14.48266059660326,-47.27541489092216,8.31125145547854,0.3558077902870667,-0.3209102684334718,0.1890540488249407,9.269746178049983,0.2895775880128543,-0.0275297921587452,0.9331686503520384,-0.2463617435071788,-0.0363357999255676,0.1174732720964589,0.1586942076683044,-0.361095666885376,0.5027236938476562
1761536029.727873,-13.648278149999168,-47.00071603266182,8.303070080099713,0.4151480571735881,-0.3292868723307719,0.7025353229411413,9.27243563558891,0.5674975126566555,-0.0387859446754722,0.9346791249151344,-0.2266015908357152,-0.04461643637221,0.1399858854904227,0.1651811897754669,-0.365337997674942,0.5027137398719788
1761536029.8278427,-12.835967585045069,-46.66290920986364,8.293162174781227,0.5457060611940074,-0.2264207526522779,0.6444129496335688,9.295015041578722,0.4288332054356749,-0.0254469568255434,0.9322127742137862,-0.2050444201327063,-0.0455201231337851,0.182675923738861,0.2250629663467407,-0.2759613990783691,0.5026891827583313
1761536029.9257898,-12.047800287340946,-46.268120894134526,8.281648922207479,0.7450896729902983,-0.106822318974924,0.2292947916026465,9.299041747576526,0.7368565706045487,0.0019748651321404,0.9353177078412857,-0.172622237804908,-0.0431908890444115,0.1999941658281485,0.3279979526996612,-0.1754729002714157,0.5026800036430359
1761536030.0257356,-11.286710556856312,-45.81857935253422,8.264196096855684,0.7301801502183798,-0.0423286416821855,0.9589486904065124,9.325847160174234,0.7800411460264128,0.0131380251611591,0.9340018035734176,-0.1384685748198653,-0.034196355070871,0.231745752815151,0.2931082248687744,-0.1219852119684219,0.5026593804359436
1761536030.1259027,-10.552762900713132,-45.32035235748648,8.240221159839505,0.8934189774095329,0.1294780676361181,0.2879219338658469,9.37731476414759,0.6449966690996426,0.0570849043373841,0.9300490711021522,-0.1024371192409324,-0.0173427104541606,0.2656836687690732,0.382982462644577,0.0169010646641254,0.5025998950004578
1761536030.225913,-9.841720044583402,-44.78284381185609,8.20505863808493,0.8645337863054484,0.1966256529490462,0.4560988595887674,9.412486643349627,0.8924528466971027,0.0792008197122972,0.9303983314530886,-0.0630631813971937,0.0035301666586715,0.2769104704177347,0.3554325699806213,0.0664760470390319,0.5025501251220703
1761536030.3257084,-9.15225657685092,-44.20992674586598,8.155555560639616,0.7942569241313289,0.2616746276559522,0.6272564221210836,9.501808656554642,0.6219183577222152,0.1075653664005156,0.9214365573771872,-0.0285418685519307,0.0276577112602859,0.309220126797691,0.3135213255882263,0.1114517375826835,0.5024455189704895
1761536030.425698,-8.477549698313906,-43.61060451903904,8.08846671798423,0.8156513361510552,0.3055625228161094,0.0549990135752782,9.582042453137005,0.6556909378198831,0.1329275353238196,0.9174869314183342,0.0053685055957509,0.05434707941645,0.3184477296670595,0.3349796533584595,0.1368075907230377,0.5023270845413208
1761536030.525744,-7.812785318355684,-42.99037583136482,8.000651388620751,0.778634536233021,0.3059542364810672,0.3589910626398512,9.67837995024288,0.6419932057210428,0.1446868512042566,0.9117865292846556,0.0369986403301451,0.0806025260411258,0.3268913176671749,0.3008973598480224,0.1278542429208755,0.502178430557251
1761536030.6257315,-7.153918687122715,-42.35343360250605,7.891951967513141,0.6664931939779383,0.2681443956305877,0.1359046963259807,9.793928100123615,0.4870913446306565,0.1532597386429644,0.9042049805440456,0.0665941213016705,0.1052008949792569,0.3360569069879372,0.252305120229721,0.091150552034378,0.502020001411438
1761536030.7258348,-6.493693385760122,-41.70668421888218,7.761866075341202,0.5563532169153466,0.201589557753315,0.0195229930581878,9.91458712773445,0.3708055230742412,0.1514224637992062,0.8989534018285443,0.0896980606943775,0.1250601438875861,0.3379218412143626,0.2073386460542678,0.0365494526922702,0.5018594861030579
1761536030.8255875,-5.825635509425592,-41.056030472283474,7.612284429719779,0.5913094259760298,0.1068873569930693,-0.1979130885599797,10.032815775834058,0.4215337962669048,0.1384742940474349,0.8973412377142926,0.1129982373768277,0.1425596880623646,0.328107578262151,0.2183692753314972,-0.0317046232521534,0.5016944408416748
1761536030.9257042,-5.145305500256584,-40.40515269134772,7.448391467731721,0.42663634767887,0.0110449968568743,0.0880701360833005,10.155108108926864,0.2976970405947953,0.1251843142405107,0.8940463664521626,0.1345008564289661,0.1535157917515483,0.3240044627973093,0.1445593237876892,-0.0962614864110946,0.5015625357627869
1761536031.025666,-4.4460234233652685,-39.7610575676058,7.274501045917097,0.300793488376684,-0.1495111391170803,-0.2818803695724904,10.269547427195173,0.1235893986895081,0.0954436685454349,0.8932979580607314,0.1512033751807487,0.1571522585247174,0.3168721212483615,0.1080274507403373,-0.1959770023822784,0.5014737844467163
1761536031.1256988,-3.719179040003081,-39.13383542086571,7.097516506477171,0.3502782588205677,-0.2469354929648048,-0.3915579461366591,10.362787977393875,0.1832237875613385,0.0654319461145585,0.8980336617673575,0.1652171514824497,0.155467245812048,0.2966429252915939,0.1258454620838165,-0.2495612651109695,0.5014165043830872
1761536031.2257087,-2.962042739550338,-38.52884970146181,6.92698840625364,0.1593794318845451,-0.3166746446378631,-0.0787684629685372,10.435418483070816,0.175652473982956,0.0496575047026664,0.9017239092827244,0.1807287194843903,0.1497895909259501,0.2787471390512942,0.0504634827375412,-0.2868156433105469,0.5014305114746094
1761536031.3258016,-2.172801249411009,-37.95336749759225,6.767621911435182,-0.0873316521503061,-0.4279492254562281,-0.2421818151467502,10.483459928249326,-0.2418845848934669,0.0232928706849617,0.9044080147912172,0.1853424245784619,0.1331349109890136,0.2754439301369586,-0.0217389892786741,-0.3483153581619262,0.5015043020248413
1761536031.4257011,-1.3463287249430411,-37.42228075544365,6.623071570905356,0.0570637453261732,-0.4509581217931012,-0.8647171519529949,10.507847454204365,0.0005979611479165,0.000270227324437,0.9164662975756198,0.1860418450137423,0.1183357107493331,0.239452927397878,0.0396670065820217,-0.355462908744812,0.5015977621078491
1761536031.5256484,-0.4880409482209696,-36.93615672595998,6.500614540563603,-0.1843575058095242,-0.3114173829815181,0.2216928076379976,10.510515052564074,-0.0203962295569929,0.0372352818547794,0.9226906608430666,0.1869376867039205,0.1040428366474071,0.220717156053308,-0.0632173046469688,-0.2769572734832763,0.5017139911651611
1761536031.6258376,0.3958688646418613,-36.4946884922479,6.393547722239878,-0.5321243528476334,-0.3606442273574642,-0.4550194738713635,10.486142389566703,-0.6266296648121602,0.0247312299133811,0.9271528798336944,0.1715739886119842,0.0835390506601609,0.2231525444819146,-0.1580008715391159,-0.3058486580848694,0.5018836259841919
1761536031.7257411,1.306409986212197,-36.11138394311616,6.298555671156791,-0.1400905482995915,-0.2503790425017144,-1.1969939651476875,10.484441794353351,-0.1032581567866353,0.0361391757790781,0.941536056792082,0.1543954755425198,0.0726050912437232,0.1737224541941124,-0.0126128057017922,-0.2402056753635406,0.5019747018814087
1761536031.8260078,2.2334451037560843,-35.77150527346639,6.216559546103114,-0.4872483952762669,0.0085678665357877,0.6903284426882003,10.46895931881785,-0.1113402786649561,0.1178787392447014,0.9460524132482068,0.1425047499569424,0.0686708576443764,0.160397353017192,-0.1752811968326568,-0.0950458869338035,0.502074658870697
1761536031.9257612,3.1713159854706143,-35.46677642370852,6.130439316397665,-0.7458799092176671,-0.0371988088905963,-0.774774409921341,10.41676814489692,-1.0139712323545194,0.1013681653823771,0.9478253294578164,0.1078863475846475,0.0597912424850103,0.1793024437431593,-0.2197822481393814,-0.1227741912007331,0.5021547079086304
1761536032.0256872,4.123487045097412,-35.2134535016174,6.036581071930281,0.0514492664105895,0.0980007841795945,-1.5057980277892973,10.462394034818566,0.3329528346462871,0.135598034012252,0.961019439155804,0.0901965508114634,0.0663771092667376,0.0977856124722989,0.0572914257645607,-0.042780976742506,0.5020917057991028
1761536032.125729,5.079718239065042,-34.9759007726885,5.9333660815066285,-0.6956265844225443,0.3019530522461242,1.9184361227334847,10.482774290511454,-0.2272333611123971,0.2113268310944144,0.9583210752615854,0.0800630869685695,0.0749695297001305,0.1233857557271408,-0.2733473777770996,0.069551020860672,0.5020437836647034
1761536032.2257023,6.040307361731432,-34.75890250588867,5.804529864051584,-0.8273712748679716,0.1419624243500211,-1.6519538607061552,10.435668983045542,-1.3501534953299563,0.1429325295810606,0.9567480613549126,0.0337116035952678,0.0758729672538836,0.1526897974853266,-0.2147286683320999,-0.0212239027023315,0.5019429326057434
1761536032.3280184,7.012166800113978,-34.58988807250544,5.65950565069788,0.5851808567154797,0.2605655233696152,-1.4064614541213152,10.5294867782277,0.8951585912266177,0.1815313449827709,0.9676518888606545,0.0185040836654462,0.0854726885512135,0.0383096089480225,0.2292661368846893,0.0457474701106548,0.5017572641372681
1761536032.4277067,7.983769178695589,-34.40624277838727,5.4989407688766105,-0.2062356855588888,0.3067854866161983,2.728345340720304,10.619090662651354,0.2905993000998783,0.2175222994580949,0.96287454792668,0.0458619284781327,0.0984740866397732,0.0805255855454604,-0.1343907862901687,0.0643298923969268,0.5016633868217468
1761536032.5261176,8.957009757334406,-34.220929201148955,5.316125994813668,-1.9663286567852905,0.1640758276178794,-0.5315511917444592,10.4190921436303,-2.381008517046444,0.0926265271029735,0.9496763001866338,-0.0192676896216606,0.0953307041511762,0.184255011280297,-0.584026038646698,-0.0045117009431123,0.5015431642532349
1761536032.6256676,9.94627745761091,-34.10329924019758,5.13824134462007,1.83099908475952,0.1827065794167887,-5.528364910309297,10.626464683277302,1.4689017993042208,0.1554738492070407,0.9672342304074566,-0.0412675975655125,0.087520176839688,-0.0125259056358191,0.6828278303146362,0.0060961241833865,0.5013737678527832
1761536032.7257493,10.933888251272233,-33.94493225081563,4.976653368300326,0.2131224101648224,-0.0470052731010856,7.5155244004987,10.485396213558312,2.19703527610373,0.0174789588699045,0.9675682211445668,0.0523382054510824,0.0770570792377921,0.0017197324047967,-0.1213427186012268,-0.1131616383790969,0.5014750957489014
1761536032.8257697,11.914068809621998,-33.73295933470325,4.858987370899372,-3.305503441142805,-0.1000687997748858,-0.9371836453587312,9.478574092216231,-4.844999060732508,-0.1852056772721078,0.92217809280901,-0.0313276064444835,0.0410673088286422,0.3019151306706668,-1.0,-0.1153192967176437,0.5016841888427734
1761536032.925971,12.90129800465542,-33.64933905320231,4.842832561085346,0.5016109667548349,0.0896971288443491,-7.781521805592086,10.376231377925569,0.6706203515540067,0.0101219143849605,0.96336792708199,-0.1225704578010713,-0.0251946856733203,-0.0086625199199817,0.3857137262821197,-0.0230250600725412,0.5019224286079407
1761536033.0258815,13.86495072774582,-33.541780629960094,4.8959995337793325,-0.7359872548455378,-0.54029223483181,8.194431389555895,9.560121096337731,3.471296116705403,-0.1465674400187301,0.9659451379643316,-0.0352011636362972,-0.0609173218898504,-0.0750210458204651,-0.5064881443977356,-0.4101260006427765,0.5029407143592834
1761536033.1257403,14.783640959197976,-33.32798985890436,4.99957490024315,-2.540293011438604,0.1769997507060221,0.9890847447547996,8.557746941318138,-5.060273301468499,-0.1413315309372665,0.897074826093242,-0.1485490610437037,-0.0522225863418715,0.3367635733164427,-1.0,0.0723568126559257,0.5032895803451538
1761536033.2257767,15.678586691974653,-33.202249875068375,5.18038206906177,0.0128786443833356,0.5477878864012675,-8.906125193956072,9.60024009644359,1.0113939746051397,0.2109571863597819,0.9505585027400169,-0.1615202664838397,-0.1090395739602957,-0.0216485468322808,0.303022563457489,0.3077727556228637,0.5036320090293884
1761536033.3257883,16.55288720590834,-33.06769763478988,5.345281183207886,-1.556187294105038,-0.5397876076944157,10.535859815673716,9.37247778524008,1.3789361898846206,0.2282691261322126,0.9479268902540048,-0.1855366566192073,-0.0927209192968655,0.0158925364228876,-1.0,-0.5908713340759277,0.5043380260467529
1761536033.4256835,17.407204982925705,-32.87113279918208,5.472112908946625,1.2553723397445158,0.8022017800149501,-5.826337066503566,8.55658253293796,-3.715074993163938,0.2082500850086857,0.9008293731550284,-0.2448415914627918,-0.0401348080460014,0.2616023901405209,0.7629411816596985,0.5839383006095886,0.5039919018745422
1761536033.5257576,18.2544745209105,-32.71298219299092,5.6049077502840685,-0.6823753166792281,-0.1560769986412984,0.1863396252056662,8.538951787586353,3.44691674500907,0.1003059997752273,0.9396638925961692,-0.1871326245262442,-0.1181161708731837,-0.0958208118565528,-0.286747545003891,-0.2427031695842743,0.503880500793457
1761536033.625826,19.08171999411899,-32.48303662280819,5.683778861329888,-1.481990627924774,-0.370451241634999,7.431221463689421,8.840773371582621,-2.368019451710217,0.0683508214731595,0.8953279791825436,-0.2758278315762261,-0.0293227088828342,0.2485407195411734,-1.0,-0.4247140288352966,0.5038464069366455
1761536033.725968,19.90365933431945,-32.244439262436075,5.7464784807755445,0.5481484366811817,-0.6485545853482828,-9.006591539494652,9.10223318755562,0.0840197181235268,-0.0063506640197803,0.9306867669008824,-0.2372121357614504,-0.0727599415852838,0.1103095556701312,0.5963191986083984,-0.6814374923706055,0.5032684803009033
1761536033.8258195,20.713100408339503,-31.98263927553255,5.804994339666901,-0.7810059176574125,0.0359888344990661,7.451642273551493,8.93671617413855,1.5200855371413613,0.0850527281133251,0.9245610025130944,-0.2637707455636076,-0.0870179096612622,0.0883546911818216,-0.6557937264442444,-0.056735448539257,0.5033487677574158
1761536033.9257388,21.49830359677358,-31.64939388649927,5.820558058794042,1.0132954574943946,0.1771231033854825,-3.3319395280367714,8.892556828802272,-1.9043761721664203,0.1180253247104164,0.8865263661921781,-0.2732234878778306,-0.0278390410019315,0.2797453581063285,0.5964261293411255,0.0659235045313835,0.5031819343566895
1761536034.0258834,22.2790084466871,-31.29983902681803,5.8315438696947375,-1.0007090847633544,-0.415576163076349,1.7624801019513496,8.962851741254243,1.655186795062921,0.0256825338511574,0.9211342678784532,-0.2600146191102869,-0.0868908080092875,0.1259449580598468,-0.5285603404045105,-0.4699530005455017,0.5028718113899231
1761536034.1257217,23.030634357382656,-30.88667359432345,5.819804149152923,0.3901195888972465,-0.573985246321709,1.6382515968709954,9.09424594429248,-1.1073537394424662,-0.0065925390909528,0.8738614036083525,-0.287845491031357,-0.0480022712545353,0.3009576855334327,0.1185721680521965,-0.6101626753807068,0.5028599500656128
1761536034.226196,23.76548795942636,-30.43466091380457,5.796322914565866,-0.1902562132790657,-0.1606592859654761,-1.3554086994610928,9.174981213501946,0.9194201479726526,0.0768056412738724,0.9045550437817268,-0.2593055006242031,-0.0678813846045633,0.221893201410888,-0.0384277813136577,-0.2401947826147079,0.5025967955589294
1761536034.3257196,24.47357998224843,-29.93332267519659,5.751663819712395,-0.160668523024227,-0.7562752209861091,3.123832369838089,9.268546552206578,-0.305894692198135,-0.1215906049752714,0.8666109698937787,-0.2789855755414269,-0.0711781983818531,0.3243858183141426,-0.1851842254400253,-0.7276803851127625,0.5025526285171509
1761536034.4258869,25.142019151683883,-29.374557136418428,5.715784209777467,0.1957247211277038,-0.2391265304024029,-1.8696176664800932,9.301319339431048,0.1677922782324234,-0.0110895700265706,0.8722403688837023,-0.2547429843645302,-0.0827931904750233,0.3264288492167458,0.1495204716920852,-0.2891108691692352,0.5023505687713623
1761536034.5258315,25.774232524774217,-28.770130078041493,5.682005862371369,-0.261353225597369,-0.7355465477258807,2.7018582027373053,9.334907584002744,0.2792055881203652,-0.0943772287900608,0.855798819823621,-0.2612455074840007,-0.1003272705795827,0.3582646658560664,-0.2050424069166183,-0.700922966003418,0.5025080442428589
1761536034.6257095,26.353997018193315,-28.11279569609868,5.655417967608489,0.2990367710697445,-0.3329943805659915,-1.04140504616425,9.336939263824044,-0.3195284429643305,-0.0492805548706937,0.8326156975089188,-0.2512382896632327,-0.1065254623219355,0.4138500871640039,0.1627332419157028,-0.3599302172660827,0.5024561882019043
1761536034.7257802,26.88846657995577,-27.416759757581577,5.640554452880155,-0.0804720393188049,-0.5898058311573057,1.259818966858842,9.330696065382918,0.6764047103391106,-0.0646829089341162,0.8398062998768876,-0.2373082709314547,-0.128122865821164,0.4011849485549306,-0.0748214423656463,-0.5789738297462463,0.5025871992111206
1761536034.825612,27.360311591667,-26.67675780900028,5.62853448626507,0.5141130872129778,-0.4881779310001884,0.3609631998484568,9.344030794005263,0.0020666702569359,-0.086736055939597,0.8078854759121731,-0.2241865329653251,-0.1310710876372671,0.4677405320481553,0.213216558098793,-0.4883762896060943,0.5026336908340454
1761536034.9258204,27.770521176038518,-25.90195872200438,5.627910381463043,0.2861260472552446,-0.3816947597378961,0.4233666962748772,9.307181648978116,0.7435827457097485,-0.0454448696166576,0.814014569068488,-0.1949959276299429,-0.1370384868130949,0.4684713722103861,0.1127576306462287,-0.4051723480224609,0.5026848912239075
1761536035.0258532,28.11496357399965,-25.09652543923096,5.629132443281692,0.4332679618953958,-0.3612409569005837,1.1665170745379585,9.325064413388418,0.2575466537860361,-0.0549875674427546,0.7831360265947256,-0.181075555049112,-0.134192147788902,0.5241361703816274,0.1550046354532241,-0.3860069513320923,0.5027672052383423
1761536035.125706,28.39874843812685,-24.268330618196583,5.634614788239847,0.7053171568236607,-0.150488883461014,-0.2954809741696099,9.302917831607187,0.6851099622637155,-0.0028765419546165,0.783878125937886,-0.1501480102599879,-0.1234377042038967,0.5353032219862387,0.327848345041275,-0.2125698328018188,0.502777636051178
1761536035.225986,28.62431802504825,-23.4220585691717,5.636614298279151,0.417403630209063,-0.1771354887578439,1.6187741851678463,9.31345366023997,0.6395149147463186,-0.0083202925017649,0.7653110703788861,-0.1301358704434361,-0.1116407691707916,0.5688949152716358,0.1314745098352432,-0.234956219792366,0.5028122067451477
1761536035.3259416,28.79433856532028,-22.561797651995256,5.635160519172434,0.7818958640077213,0.0595637191310332,-0.2794188539134347,9.34809186417294,0.2874095537762233,0.0461119253163763,0.7424843806783948,-0.111419047938134,-0.0909991205947647,0.6055761883688866,0.3576830625534057,-0.0389937832951545,0.5027644038200378
1761536035.4259238,28.923209425276493,-21.692081989682748,5.625229842191797,0.5671541053222344,0.056625088209927,0.6902986817883153,9.332059799675324,0.9925460053306208,0.0543833112989493,0.7527307990610023,-0.0853529904997164,-0.0674925992879858,0.6001869773147748,0.2261067330837249,-0.04514891654253,0.5027475953102112
1761536035.5256932,29.00497780442877,-20.813465967441697,5.602914046472115,0.4726160930227674,0.1299781868669548,1.1017832483478105,9.42509399372082,0.1703278054291582,0.0746227718401968,0.7115215723918145,-0.0751383939238111,-0.0452293196415796,0.6516450097569317,0.1685025542974472,0.0131632322445511,0.5026521682739258
1761536035.6257057,29.05847705686006,-19.928337269055326,5.567889555488433,0.6334905749875799,0.2300251138260699,-0.6714241012057038,9.471563413240672,0.4988797249007078,0.1138872559743225,0.7168612953061058,-0.0606125577317321,-0.0188114837454822,0.6485729324385648,0.2925705909729004,0.0872868448495864,0.5025563836097717
1761536035.725727,29.086821046509066,-19.03690038420797,5.514220115558711,0.4482172043376896,0.1952812377883918,1.1126929957681837,9.53162492015329,0.681465998457808,0.1065065834559504,0.7119629896786633,-0.047405608987536,0.0066897101622261,0.6552517947176814,0.1511316150426864,0.0555710867047309,0.502439022064209
1761536035.8257332,29.08785547532231,-18.138990810632283,5.443196209873874,0.3162438879297713,0.2370491997938095,0.2083122693226803,9.638090908334668,-0.0535018260584081,0.1310547538855922,0.6802557334097814,-0.0422827218004411,0.0277024690705166,0.6878865770551553,0.1189674288034439,0.0811715796589851,0.5022897720336914
1761536035.9258256,29.082133636701133,-17.234464480464887,5.352240373687957,0.3592055564663624,0.2373241560225503,-0.4272738559560022,9.725903911574628,0.3927725341752408,0.1413969758716892,0.6942529254644499,-0.0393400724311729,0.0470489038780657,0.6728457636317069,0.1563128381967544,0.0743342936038971,0.5021532773971558
1761536036.0256643,29.06508375233333,-16.322882599911665,5.240368398565961,0.3841967695191075,0.2212395763910422,0.5802093988879857,9.830127586903428,0.4136270348379035,0.1416843425640142,0.6891017217733192,-0.0321212694510114,0.0690656769020722,0.6765962370051176,0.1297639459371566,0.0565536171197891,0.5019716620445251
1761536036.1279883,29.03665449050808,-15.40391716725292,5.109411285454569,-0.0052092434253591,0.1933692208104684,0.3023460349462241,9.9507088067959,-0.0847716474160603,0.1494879661421384,0.6704452135437953,-0.030915342675651,0.0834087360775048,0.6935573612103774,-0.013778293505311,0.0303105730563402,0.5018221735954285
1761536036.225854,29.013268879582228,-14.476805835184791,4.958548939755521,0.2351437072329683,0.1612318695030719,-0.6891799246507844,10.06945931582659,-0.0088279540096582,0.1481373207827265,0.6765313068807275,-0.0361804305638494,0.0906531983420748,0.6864424930924785,0.1056252419948577,0.0042905351147055,0.5016694068908691
1761536036.3256376,28.994359582494628,-13.541236162161596,4.790309844720819,0.2756260472978911,0.15611755196277,0.1996655502117405,10.17725013915762,0.5003964903476011,0.1490437882250504,0.6923769855179178,-0.0320531774600666,0.1067267204981072,0.6682810962759794,0.0888607278466224,-0.0029764724895358,0.5015323162078857
1761536036.4256651,28.969451868793275,-12.597131986049616,4.607501786283961,-0.3430723620443572,0.1106920675554314,0.7826567715988777,10.305499258712116,-0.2768092264358415,0.1529432857341247,0.6662320612861079,-0.0316159181427333,0.1135946045302456,0.693265903531077,-0.143472209572792,-0.0359412208199501,0.5014151930809021
1761536036.5259063,28.961840248791717,-11.644247450255929,4.411047759424251,-1.4813521055611245,0.0268429777686285,0.1690516120273254,10.355227676323636,-1.1887720113068994,0.0960492396485714,0.6461276472046844,-0.0648352022725866,0.0806742172952493,0.714246709242192,-0.4846270084381103,-0.0814789906144142,0.5013344287872314
1761536036.6280532,28.99945819955776,-10.681853987463075,4.21801433066329,-0.4057080948679712,0.0429804427576874,-2.3215442141010403,10.494835060364045,-0.5867138416285697,0.1119114628337406,0.6784095152865726,-0.10273078641285,0.0389759232692465,0.6825967760949542,-0.0667023882269859,-0.0747554376721382,0.5012499690055847
1761536036.7260752,29.054744762579077,-9.711417756327252,4.029420295633435,-0.4519894957106649,0.0182322451735107,1.463965984356658,10.577991656629944,0.5773292578973511,0.145108298272312,0.7092065341523361,-0.1127831789472357,0.028904122791342,0.6493499068520939,-0.1688864976167678,-0.0937958285212516,0.5013165473937988
1761536036.8274539,29.09397123292724,-8.733394948514535,3.8371727587786575,-2.8004887608006395,-0.0222803440703163,1.9984894666380664,10.430864545797904,-2.21473903670351,0.0295605013161085,0.6105268742703619,-0.1610735317617203,-0.0111849108007102,0.7343324885718959,-0.9022425413131714,-0.0963203832507133,0.5013381242752075
1761536036.9259455,29.171060398798808,-7.747663474628434,3.6970834487413375,-0.9968669585641612,0.0473703589378187,-4.8326327322085305,10.465632713887423,-1.839448364674104,0.0278176411585228,0.6252544519621519,-0.2306433699690479,-0.1177614167958165,0.6926817504451024,-0.1924750953912735,-0.0623165592551231,0.5013424754142761
1761536037.0257764,29.24338687905489,-6.7603028022026646,3.610514644157216,2.988032935358625,-1.1190406770308476,-0.7088961092760364,9.706751375601089,4.122379233638028,-0.2889465234266919,0.790689572749759,-0.115489163753438,-0.1287584189857804,0.5315117728407007,0.9583134651184082,-0.7059078812599182,0.5018971562385559
1761536037.125876,29.147330559363265,-5.79106716661077,3.564942884578937,-2.1610663261436027,-0.9128840222214212,10.531065341773008,10.01080980948843,-2.628832973611867,-0.0169567100840552,0.51662156769434,-0.1570699097048559,-0.1178226554358857,0.7947664577966683,-1.0,-0.6377964615821838,0.5021106600761414
1761536037.2257555,29.031855528228405,-4.8408530023471625,3.596849400870353,-0.3997974621612271,-0.828296007689174,-12.06050652947612,9.806002966336395,-2.43408456796542,-0.092874308890327,0.5543047579699613,-0.1588994919000588,-0.2078679021972307,0.7490609798312651,0.1682944297790527,-0.6372420787811279,0.5024572610855103
1761536037.325834,28.925871372183103,-3.918322470070818,3.711862235009981,1.4012675819931684,-0.2939261006140237,2.8670623604602987,8.72502702477842,4.619397941388075,-0.1710492483847308,0.7583916249300101,-0.0395742924618481,-0.2302605662198246,0.5539871201400874,0.4509986340999603,-0.2748613655567169,0.5033623576164246
1761536037.4257631,28.65902497390195,-3.05020095699078,3.8081847725109,-1.7780046573134984,-0.1415737729718673,8.588221980191959,9.26053817096607,-2.8598797917559056,0.0344493324090047,0.4275653483557545,-0.1486847900278214,-0.2191768539133346,0.8265828145932168,-1.0,-0.1828779578208923,0.5036017298698425
1761536037.5257843,28.384176782855786,-2.2003208840450994,3.91758833795585,0.9096799816291792,-0.7572679597111156,-11.357079942598258,9.54375776519998,-0.1921953423539807,0.0711884204851539,0.5682805494782001,-0.1052822064445873,-0.2338931137838586,0.739691753146541,0.7414026260375977,-0.6969964504241943,0.503470242023468
1761536037.6258109,28.09426708085861,-1.3727619217443712,4.030235055931361,-1.17615320103824,-0.2709432899515521,8.995640706126025,8.904801435309981,2.9412094547529493,0.0390442826085603,0.6332351124525235,-0.0624328115831771,-0.2562024940077244,0.6819307574405475,-0.8271394968032837,-0.3089530169963836,0.5037238597869873
1761536037.7257724,27.70473822509042,-0.5945028573296216,4.102593856783146,0.7434471790176389,0.2585656311553688,-1.2857959435686543,8.458126003816538,-3.87102268134386,0.0827943521969531,0.3173544389284669,-0.1828029244950918,-0.2443882188301504,0.8609246104926594,0.393039345741272,0.1343183368444442,0.50362229347229
1761536037.8258617,27.32735288506,0.1793745792128757,4.18971210107077,-0.0521144524770182,-0.096471766274476,-3.41687600270285,8.69831610654273,3.020856315231685,-0.0441710349722883,0.6172700117096432,-0.0498304533722511,-0.2608037839409201,0.6949912283489081,0.1320806592702865,-0.1600453853607177,0.5033521056175232
1761536037.9257696,26.876023074823323,0.9035657552567964,4.251637206771218,-1.103465415503735,0.1682035323889703,9.144245078407874,9.12821021090688,-0.5865510049114934,0.068913397678674,0.401284040614391,-0.1327990976405305,-0.2708385989220963,0.8259165134474011,-0.8629688024520874,0.0704397335648536,0.5035286545753479
1761536038.0258486,26.378200994950426,1.5968278398645936,4.287279731623808,1.465089520536835,-0.8219173119189089,-8.30654923613079,9.111407192215422,-0.7012150487125907,-0.0020385736833089,0.4006114938557117,-0.1102902420309316,-0.2397366402453534,0.8389085290148546,1.0,-0.8251144289970398,0.5031600594520569
1761536038.1257615,25.85625984681771,2.266934080705332,4.326637594242823,-0.7283619080732303,0.0994763761805226,6.415644379735455,8.80415220723244,2.268241311385183,-0.0220898006759842,0.4851055389847749,-0.0655713258880007,-0.2650661896004471,0.7897932428182527,-0.576318621635437,0.0474745780229568,0.5030878782272339
1761536038.2259595,25.2639230567443,2.8757673469222302,4.334714432934175,1.0485164226024506,-0.1448613084097404,-0.85459574443858,8.764462398674429,-2.483839208685793,0.0050926172636117,0.2312597103443788,-0.1409990876546239,-0.2529076838045864,0.8922333613863344,0.5287907123565674,-0.2163340896368026,0.5030547380447388
1761536038.3280675,24.65606954409865,3.4708133779958423,4.349427450545915,-0.5911311956443451,-0.4024878577363224,-1.5148607767571138,8.85757035676293,2.155008096662318,-0.0327180763338899,0.4409010318587037,-0.0551514537076676,-0.2520652194293603,0.8199074742428837,-0.2193478196859359,-0.4514384567737579,0.5028277039527893
1761536038.4258,23.996083450681663,4.006973263600169,4.348268128450805,-0.275662177011663,-0.9294677146094484,5.262648346646102,9.113902519259936,-0.6027786538204233,-0.0350833972863404,0.2551556247644265,-0.1037425334157885,-0.2645327904533996,0.8871746400711908,-0.3382704555988312,-0.9353163838386536,0.5029050707817078
1761536038.5257275,23.297806673554867,4.497108537055133,4.340328679480395,0.4144352630086501,0.1626576554855452,-3.927259923352966,9.162843752860864,-0.0358891977436577,0.1017507353145073,0.2741131707356534,-0.0847561043540108,-0.2427510409883874,0.8897101413559447,0.3388488888740539,0.0499800890684127,0.5026766061782837
1761536038.6256716,22.57591603556188,4.958852594559374,4.319149084406244,-0.2999449258629209,-0.8213493106859809,3.722043068468608,9.186676892713436,0.7335332449304646,-0.0795891297880022,0.2692213711236996,-0.0733937936939638,-0.2625434298154988,0.8865408995872207,-0.2648206949234009,-0.8060513138771057,0.5027311444282532
1761536038.7256427,21.8132603717399,5.354893971057399,4.2942849094168345,0.5430862010155765,-0.2757446749941303,-1.3332301695593904,9.212085714001834,-0.4647471426728236,-0.053048742578077,0.1797925123183003,-0.0676675528490382,-0.2484519722046698,0.9132602256876462,0.2895695269107818,-0.3185847401618957,0.5024990439414978
1761536038.825802,21.024990620249376,5.701777135931732,4.281913498614519,-0.5164258838024557,-0.5317947213518461,1.7231771785326804,9.22346472233724,0.7105442894385616,-0.0345265892850309,0.2070700228890772,-0.0451337891364919,-0.2536968318692209,0.9073921212793572,-0.2955570518970489,-0.5470649600028992,0.5025953650474548
1761536038.925697,20.21052420536909,5.98670353137475,4.269599865563976,0.3892309918304495,-0.4082391999082554,0.1104166316598582,9.238645958185762,-0.5562319223216937,-0.0734508693471713,0.1100217605101623,-0.0457323351373245,-0.2590152832206627,0.9226529814297358,0.1731378585100174,-0.4319677948951721,0.5026422142982483
1761536039.0265296,19.378994870530253,6.218198123269528,4.271213457504279,-0.148444538280056,-0.4290468220412967,0.2497988429711776,9.234764013310327,0.679673470890304,-0.0379380715291603,0.1443778441282694,-0.017409107919707,-0.252771306965509,0.9206042386882656,-0.0754290223121643,-0.4564110934734344,0.502686083316803
1761536039.126096,18.53238680350632,6.385334554454353,4.275120602596571,0.0184481024922084,-0.5752257189379315,1.6151732317676777,9.241720399824574,-0.3370086201988428,-0.1019233946574993,0.0547288519971531,-0.0149958572268327,-0.2652565166986993,0.9267586274008192,-0.0503970794379711,-0.5756199359893799,0.5027891993522644
1761536039.2260847,17.677805163691307,6.490467318059917,4.293250536965136,0.5085793851385185,-0.3336313302926823,-1.3164232471321182,9.21572976570446,0.4941589530285313,-0.0371956655807434,0.0701516628920768,0.0094401669777648,-0.246108967255636,0.9310431482527822,0.2814976274967193,-0.3741810917854309,0.502808690071106
1761536039.3258107,16.819716217045645,6.530405003369318,4.314681152834508,0.0066568352114532,-0.6038345505119407,2.449839921937834,9.180863798433805,0.6608997871754616,-0.1032144488019755,0.0345308500256738,0.0261342121434896,-0.2388441754977219,0.9345862571474812,-0.0854085534811019,-0.6088159084320068,0.5029460787773132
1761536039.4259071,15.964696594271752,6.494076353706838,4.343765880867631,0.7528327134377861,-0.2140050136875112,-0.5938379389512854,9.169327097469235,-0.1859723086498347,-0.0376402569545157,-0.0402365749758263,0.0278228133708378,-0.2262623324514437,0.9373954667218124,0.3763148188591003,-0.2704387307167053,0.5029435753822327
1761536039.5258331,15.116153614770267,6.403982762804485,4.379149459084424,0.4244988050747448,-0.3177598363971813,0.3830763202823357,9.061211060544563,1.3047369865852332,-0.0374806018108964,0.0029925198575536,0.047517831579929,-0.1900760427885705,0.9454333716652932,0.187845379114151,-0.3663600981235504,0.5030477046966553
1761536039.625739,14.279989798458494,6.243520271389641,4.411006019165324,0.3698975232403031,-0.2137553374815042,2.186303580754909,9.131082820153424,0.045220501409067,-0.045800558425262,-0.1025850711215059,0.042948786397108,-0.1829456510319451,0.9414383896103192,0.09715536236763,-0.2732082903385162,0.503050684928894
1761536039.725978,13.45677202384086,6.031892666377186,4.446411539819708,0.9537886093199168,0.0249830110775618,-1.743135624580934,9.104653130803676,0.6353119959177784,0.0318686071525612,-0.0933062957751872,0.0422552123971342,-0.1444440551797126,0.9490750795044018,0.5191357135772705,-0.0637601017951965,0.5030443072319031
1761536039.8256264,12.64628149481887,5.775340498982102,4.47440279224687,0.1670312046199998,-0.1444020513368442,2.6787814335515607,9.061616938320256,1.1021028556613388,-0.0098770432966553,-0.1053063046897328,0.0425392356579268,-0.1181646288904877,0.9514103166273798,-0.0165807753801345,-0.2153051644563675,0.5030640959739685
1761536039.925794,11.853983212421022,5.466090697099728,4.498291156749348,0.7969619763797636,0.0818904879069686,-0.396645331076624,9.1292142500411,-0.3565930222280596,0.0442795039278124,-0.2014007958521617,0.0293485969523805,-0.1036905861512655,0.9379452456386788,0.3872469663619995,-0.0150425368919968,0.5029876828193665
1761536040.0257735,11.068831312229944,5.134656402010686,4.5163848396721935,0.6353508259115558,0.0906974009905324,-0.4393911889794991,9.052294310827104,1.4020778769830504,0.0467515430827813,-0.1271654377538781,0.0224147991766652,-0.0610257521480105,0.9546910363024168,0.3255353569984436,-0.0084228552877902,0.5029739737510681
1761536040.125765,10.299901793897906,4.761927710331943,4.524547461510495,0.2822571845225601,0.0584738835678839,2.622206389929832,9.183525167694368,0.1628159478981988,0.0391283003167112,-0.2188506149354696,0.0133638506272038,-0.0483405570875768,0.9387678142709012,0.0394539609551429,-0.0375965014100074,0.502894937992096
1761536040.2257435,9.539682790109367,4.365306578540976,4.5266239767191205,0.7991590968433612,0.1735080545856247,-1.992318602047433,9.222503322001916,0.1567295547163928,0.0855945972766998,-0.2220337745019491,-0.0010863906502304,-0.0217297122152011,0.9390789776754188,0.4433499574661255,0.0591262616217136,0.502822756767273
1761536040.325791,8.781249754785241,3.95687889171736,4.517031242818091,0.2562670546846636,0.1213648893501414,1.5292792506861803,9.213274224483298,1.0299121146630228,0.0671286415586702,-0.1923891794294548,-0.0121825210907051,0.0002015351054939,0.9457434007870036,0.0637484714388847,0.0115597508847713,0.5027615427970886
1761536040.4257677,8.03235595670866,3.5224741521845,4.498365724371169,0.4027087169689787,0.1276365981484388,0.1865203380066313,9.318305423219917,-0.2857906367233262,0.0817648524005782,-0.2663482035449272,-0.0213851150381833,0.0140012154381796,0.9273086027145168,0.1702171564102172,0.0131858037784695,0.502663791179657
1761536040.5257204,7.278846190693906,3.0861180479050345,4.469139096807386,0.2467687664323261,0.1116383279998012,-0.6624956499919477,9.368802336172402,0.5146008384392702,0.0800006165207127,-0.2236963709677737,-0.0327919912539188,0.0294002406112422,0.9378014582339578,0.1335108131170272,-0.0017696924041956,0.5025808811187744
1761536040.6256022,6.523499091951414,2.642255394092925,4.430831026160108,0.3376564040673058,0.1105805571166045,0.7814658363183491,9.442541137535006,0.2423008171038848,0.0837731999003968,-0.2426232642333627,-0.0403080913269712,0.0407761827245222,0.9323496585604618,0.1207617968320846,-0.0058632050640881,0.5024893879890442
1761536040.7259648,5.764976886051044,2.1927510255719738,4.384058299008756,0.0995874711670939,0.0598329094654409,-0.2527403098988821,9.51145428590134,0.0146919521686557,0.080097824005844,-0.2502271554644454,-0.04693816191805,0.0514575284167475,0.929489113927726,0.046668391674757,-0.0480116456747055,0.5024294257164001
1761536040.8257437,4.997069141129437,1.7478746847526594,4.329604817660349,0.1135133039718597,0.0485058552345771,-0.0983321411513577,9.577128646876726,0.0394437416705292,0.077797371156075,-0.2438347800792042,-0.0502577201741734,0.0526650724243256,0.9309445284687154,0.0533583499491214,-0.0574456676840782,0.5023568272590637
1761536040.9258034,4.220014334838188,1.30758772732558,4.269556066818271,0.2560340138128446,0.0291822760425382,-0.3023581043907505,9.63825646231192,0.2466894336341301,0.0767397170809018,-0.2292017112020996,-0.0558851252685538,0.0629162618921909,0.9336953245454715,0.1121264845132827,-0.0731592029333114,0.5023030638694763
1761536041.0258455,3.435247580360593,0.8696802829825554,4.205726241396584,-0.0109616939440203,0.0148431589959388,0.4260930515819619,9.702347177198916,0.016460184521938,0.0787130455784532,-0.2368042960344709,-0.05749240005221,0.0673662082033145,0.9313849953354372,-0.0187408253550529,-0.0851223841309547,0.5022624731063843
1761536041.1256776,2.640079847070781,0.4397642817608267,4.138352583011747,0.1165490565909865,-0.038692310202375,-0.6262936871910464,9.759250724380903,-0.1074439314505968,0.0692946277935623,-0.2332823147142244,-0.0577318209420595,0.0694802015721109,0.9320999737232628,0.0651486068964004,-0.1240020468831062,0.5022333860397339
1761536041.2258177,1.8325705124940916,0.0225410739019794,4.0698248943287805,0.0651134432029387,-0.0237176781829416,-0.0092654941273341,9.808032882559786,0.227728219569665,0.0699946524368505,-0.2105254676998953,-0.0589601458874083,0.0736589435702826,0.9370947429460392,0.0253248903900384,-0.1120560765266418,0.502208948135376
1761536041.3257167,1.0161678110668402,-0.387269489073857,4.0023308486333695,-0.0274218329668203,-0.0446849958266607,0.1212464454591158,9.855320165478538,-0.1277939458228631,0.0723270622034418,-0.2210524658858955,-0.0569201156074351,0.0755622109130714,0.934639790806289,-0.0151721509173512,-0.1283051669597625,0.5022108554840088
1761536041.426011,0.1881019387535598,-0.7823063068673057,3.9353428229564,-0.05080171805054,-0.0845579987618697,-0.4700288320619634,9.894493220556129,-0.1104568393324438,0.0611928566872175,-0.209202750552557,-0.0538483644772677,0.0729867670967672,0.9377436282387837,-0.0055042868480086,-0.1544574052095413,0.5022199153900146
1761536041.5257003,-0.6515271055354969,-1.1606656578949357,3.871687039948202,0.0238440999782115,-0.0666851934950205,-0.1578328689133405,9.925732292223588,0.0766797187984547,0.0654712889564852,-0.1921476675812892,-0.0517109642945895,0.0731391194895181,0.9414873150064998,0.0134019572287797,-0.1415840238332748,0.5022275447845459
1761536041.6256866,-1.4996436470663197,-1.5268045788253632,3.8121554110889786,-0.1649422802164528,-0.0759649273076456,0.1456636220417964,9.949669262269568,-0.1477150833779792,0.0668140987732501,-0.1952544256915913,-0.0475468199540102,0.0704951207575609,0.9412683118833992,-0.0671047195792198,-0.1483296006917953,0.5022642016410828
1761536041.7256835,-2.357442230516664,-1.87552975038416,3.7564679719405447,-0.1058267677263064,-0.0997048212961727,-0.5209674538785064,9.965866989420777,-0.2173863203313824,0.0590822067012611,-0.187265710873282,-0.042242457806924,0.0633186300286953,0.9436480193266076,-0.0238573662936687,-0.1634868085384369,0.502292811870575
1761536041.8257215,-3.224362549831799,-2.2053551709232413,3.706402941057669,-0.0702110469449732,-0.0743689641468561,-0.1386884163284238,9.977765163608582,0.0922343474515209,0.0638649411370461,-0.164625823088958,-0.0391441587591648,0.0611453421827546,0.9481262922462342,-0.0225386526435613,-0.1457487046718597,0.5023297071456909
1761536041.9257536,-4.096768805956089,-2.523224843312276,3.6622314580406594,-0.2435015019620655,-0.0760449752255705,0.2090375812492466,9.979392177520795,-0.2679987053708964,0.0665855159045979,-0.1750895955411209,-0.0337226066635415,0.0536017206694833,0.9469124817936456,-0.095706395804882,-0.1476531773805618,0.5023772716522217
1761536042.0256605,-4.975879025580042,-2.823187229298639,3.623057320510163,-0.0913594984205277,-0.0922689985011929,-0.6932507815851667,9.97999267714972,-0.1753929085995766,0.0592569017680529,-0.1598329202760594,-0.0287167283932271,0.0455362187276713,0.9501863934011252,-0.0126849152147769,-0.1578265726566314,0.5024217367172241
1761536042.1257913,-5.8601553348882085,-3.1069286678034707,3.590580894332846,-0.1644609903987835,-0.0653495629289767,0.1711817698447163,9.973915554888409,0.0605039218049935,0.0653591393288857,-0.1434842149334785,-0.0249877854624619,0.0410805569536172,0.9530911733517956,-0.0667445808649063,-0.1397473812103271,0.5024632811546326
1761536042.2256725,-6.746641561880172,-3.381331142263549,3.564241032719837,-0.3358013387512351,-0.0787344012132102,0.0315242813053262,9.956224581809456,-0.3530223929635288,0.0622431111764635,-0.1569759255572471,-0.0194130843789323,0.0307143513403428,0.9514781711362212,-0.1306064426898956,-0.1492356359958648,0.5025196671485901
1761536042.3257632,-7.636950403421779,-3.6386886255283386,3.544093112182493,-0.1097297145399742,-0.0806394170448087,-0.6520451669867925,9.942872997716467,-0.1954406404432493,0.0575637513154208,-0.1401514180245314,-0.0138012953566302,0.0184025286984956,0.9545104216365784,-0.0186151545494794,-0.150058314204216,0.5025635957717896
1761536042.4266045,-8.528714037411588,-3.884378715904114,3.5313645863434804,0.0625093405861056,-0.0699937998232937,0.0141254644399825,9.919551821913547,0.236134443097549,0.0608006871329032,-0.1178158053992745,-0.0109031413286509,0.0204267101777926,0.9575121461960916,0.0230437666177749,-0.1432778686285019,0.502612292766571
1761536042.5256271,-9.418245593505278,-4.129930413311482,3.5253992707533777,-0.2651673131489891,-0.0762774225029992,0.5533906134243404,9.89226319558502,-0.2757577138163132,0.058276832127959,-0.1418100447558958,-0.0061033407026413,0.0145065173651794,0.9543967683610822,-0.1173377111554145,-0.14779032766819,0.5026711821556091
1761536042.625818,-10.30774036563672,-4.365258614555496,3.5262317473510225,0.0322189798065149,-0.0907131617345828,-0.9696247291939496,9.862969118718818,-0.1781206624981206,0.0515740263139532,-0.1292428376476058,-0.0010672953004655,0.0083498937341877,0.9562650218696472,0.0428387448191642,-0.1579120755195617,0.5027234554290771
1761536042.7258244,-11.196241164329788,-4.591662396102345,3.534875152140408,-0.1837611087521235,-0.0863893392608605,0.6364353732739233,9.826575111414238,0.1969948821883534,0.0513786666699786,-0.1116350860299044,0.0032522869564024,0.0061040794808199,0.9584850254032604,-0.0901814252138137,-0.1553505212068557,0.5027801990509033
1761536042.8259845,-12.080829124679044,-4.818489316763889,3.5512211911693963,-0.15558895173777,-0.0942472958843755,-0.1363723858062703,9.774365308578938,-0.5140682572733918,0.0442684277125919,-0.1433280900957295,0.0091733276310318,-0.0054426825205428,0.9542140888795616,-0.0573763325810432,-0.1611396670341491,0.5028442144393921
1761536042.9257495,-12.963867858755044,-5.033863306230201,3.576009882279864,0.0756274481397377,-0.0975118354919176,-0.7501448559869777,9.737347498826532,0.2904421139515698,0.0416633321294475,-0.0999198190275837,0.0137400295378775,-0.0022586713915155,0.9596654081682834,0.0535756275057792,-0.1641349196434021,0.5029041171073914
1761536043.025846,-13.841314414818596,-5.252019492214745,3.609111656553897,-0.6273915115966882,-0.1056007884428818,1.5536893504541724,9.689905488604031,-0.192575274977395,0.0363416147506775,-0.1285694699847168,0.0197220858476048,-0.0131036081358818,0.9560471859920836,-0.3049506843090057,-0.1696831434965133,0.5029774904251099
1761536043.1261475,-14.71424530265165,-5.464659389853048,3.652873479689661,-1.0420584898544654,-0.1030480108928507,-0.3328839725254258,9.541825926436776,-1.286858102524405,-0.0018092764536965,-0.1695360884170363,0.0309190834515326,-0.0566143947982875,0.947703342513786,-0.4141644537448883,-0.1643338799476623,0.5030389428138733
1761536043.2259765,-15.585258284621313,-5.64884388961765,3.716617562257,-0.7559759523671975,-0.1199694898526869,-1.0074565525656938,9.539697498006754,-0.3872300220262795,0.0135429138441676,-0.1112516523126104,0.0462169204043577,-0.0927794137747052,0.9527978670324369,-0.2792595028877258,-0.1836024075746536,0.5031535029411316
1761536043.3272264,-16.448185395564863,-5.827804019114723,3.796240683849618,-1.3302907182268409,-0.2153886882867556,1.5895082192890897,9.4246812484016,-0.8331326025512328,-0.0159367376455285,-0.134105850944103,0.0570986996456254,-0.1445854026929772,0.9427273610843334,-0.6275779604911804,-0.2569756507873535,0.5033150911331177
1761536043.425736,-17.298773251676064,-6.008122697360423,3.8982731983742087,-0.4768184008603559,-0.1642482096260735,-1.9116333516558572,9.275802345885532,-1.1454943691267394,-0.0171192589699714,-0.1421811140816979,0.0725040983392954,-0.1887179333269715,0.9326055525853896,-0.1455524265766143,-0.2221936285495758,0.50345379114151
1761536043.525835,-18.134032545165496,-6.193324459582614,4.0216201697634535,-0.4329830568135693,-0.4656763153734638,0.3187870896496153,9.201984568100462,0.7027001025480094,-0.035689291589864,-0.0631491824935907,0.1025294453280221,-0.1912176125358687,0.9379288654191428,-0.2067509442567825,-0.4930689930915832,0.503689169883728
1761536043.6256604,-18.94421254191672,-6.4244912091613005,4.151845195059861,-0.6672683961969017,-0.474123803119527,2.3584010754977376,9.03195690038554,-1.0213864635050336,-0.1051110518245596,-0.1756955810721221,0.1064253560246944,-0.2369382118529013,0.9122926223991792,-0.4124061167240143,-0.5053796172142029,0.5038336515426636
1761536043.7257388,-19.725728369584346,-6.688392177678346,4.304551835900917,0.5262847541976274,-0.2846119845785643,-3.3156177583159026,8.945609475785707,0.0793542610698318,-0.0189340166696417,-0.1316080723678186,0.1314771985979226,-0.2207023903595795,0.9204485443477352,0.395969420671463,-0.3566150367259979,0.5039260387420654
1761536043.8257575,-20.477560739130645,-6.991549634078951,4.4613735346164205,-0.8503556422053918,-0.7795320132278396,3.8492497442169,8.758745900335606,0.8681203669020867,-0.1296637711580626,-0.1321623461138668,0.1598224815264514,-0.2256979371279449,0.914622928517385,-0.6107314229011536,-0.8565831184387207,0.5041635632514954
1761536043.9256964,-21.18312190003733,-7.358055317573836,4.621917471088403,0.6586223377307888,-0.2745618424702142,-0.6790611228773851,8.512394018670863,-1.4880596978065588,-0.0788409263785047,-0.2786581749732794,0.1491561600110665,-0.2648138362720794,0.8719276707445903,0.4073576629161834,-0.3653953373432159,0.5041482448577881
1761536044.0259075,-21.85474358214827,-7.753196298672207,4.792735082119622,0.4749435907472197,-0.5087077480965013,-1.9636958430378024,8.286619876575825,1.962125809976784,-0.0814343190514804,-0.1305028121681679,0.189867479046454,-0.1884785590014298,0.917295640943716,0.3799962997436523,-0.6419956088066101,0.5042808055877686
1761536044.125688,-22.473360400277745,-8.2105845572836,4.947099426360214,-0.8364813963377917,-0.594962919870412,6.833263537427226,8.373990038948433,-0.0508226055844412,-0.152865796521098,-0.2928247087864107,0.1895339438708806,-0.2411638908852344,0.8660196025541883,-0.8432527780532837,-0.7569409608840942,0.5043174028396606
1761536044.2258863,-23.03750388631833,-8.717774304219976,5.098604140673106,1.1955695599916456,0.0172054612411736,-4.953508309044094,8.248280734292344,-0.6947264016407915,0.0368282974453028,-0.3472487172827046,0.1718972989913256,-0.2231665182513799,0.8542523979589964,1.0,-0.0597107745707035,0.504182755947113
1761536044.3258212,-23.5727817472673,-9.247386102629896,5.2377896029626765,-0.1548429300929227,-0.743799875912752,2.152226583568821,7.770959633469554,2.6189846649253044,-0.1419549450290884,-0.2172528573346814,0.2060812781449759,-0.1583907428010407,0.9025546515864624,-0.1923323571681976,-1.0,0.5042378306388855
1761536044.4257827,-24.032432299219504,-9.837225939722384,5.355655540482171,0.3866784614259003,-0.3571973160121522,4.044492577634548,8.082390093877388,-0.6947046013112834,-0.1385509830089686,-0.4467101346684723,0.1865703978631415,-0.2112293904383049,0.8062613002457999,0.0313085205852985,-0.5272451043128967,0.5040491819381714
1761536044.525722,-24.43965838060112,-10.459180838264343,5.469673253177776,1.1446562756435634,-0.0513354385921312,-3.912220651245912,8.041242827016347,0.8779701278557258,-0.0148177784837413,-0.3950315054967336,0.1742190110848042,-0.1493609445857873,0.8486318885892548,1.0,-0.1409424543380737,0.5038915276527405
1761536044.6257453,-24.79909808737863,-11.109521924355509,5.567043744649614,0.3358622563866933,-0.5144357236869769,3.585558483159157,7.747541466612261,2.1764778562041944,-0.1760472264820311,-0.3819622467278669,0.1805859455074088,-0.1085959025883958,0.8593223701183581,0.04870480671525,-0.7410978078842163,0.5038739442825317
1761536044.72576,-25.07287318355964,-11.796602866797382,5.656971315761975,1.4249443638519983,-0.0446028469745042,0.6992806037994327,8.014792594047272,0.0021838605693133,-0.0981041319821046,-0.5396258828193736,0.1555591753961028,-0.1095076686819742,0.7753925292171353,0.9570197463035583,-0.1285696327686309,0.5036734342575073
