time,px,py,pz,wx,wy,wz,vx,vy,vz,qw,qx,qy,qz,thrust,elevator,rudder
1760945194.6730447,0.9999986941091324,5.3,0.0027647640182093,4.802320659063168e-20,0.0502810812601913,9.092036826530612e-20,0.0781602472152571,9.250976489974217e-18,0.4333484482838988,-5.646295731054043e-22,0.08874238662585,-7.63494355373202e-21,0.9960546113622224,0.001,0.0,0.0
1760945194.6896975,0.9999920935953708,5.3,0.0078315493448831,-5.278919176312836e-20,-0.079265729340698,1.5358392089078049e-19,0.0966827580816959,1.5532841220350613e-17,0.5317984694717983,-1.185866353366922e-21,0.0888947686455521,-7.871833622906313e-21,0.996041023305493,0.001,0.0,0.0
1760945194.701749,0.9999780641462236,5.3,0.0132378279744404,1.9279986937298488e-19,-0.1093884754925719,2.331903211278165e-19,0.09677542093706,1.5491728975210273e-17,0.5252279817920875,-2.90566336357868e-21,0.0893968034850197,-4.611193241818077e-21,0.9959960901161514,0.001,0.0,0.0
1760945194.7136168,0.9999567812252822,5.3,0.0183529772432966,2.4517053076290973e-19,-0.1103776628077444,-7.316993463665754e-20,0.0917796046608325,1.2406227672416657e-17,0.4909196229796037,-3.002562419188721e-21,0.0899486213443074,-3.7869453723572655e-21,0.995946406950825,0.001,0.0,0.0
1760945194.7255003,0.9999292498244594,5.3,0.0230385134387744,1.3935729952681256e-19,-0.1027472589232364,2.0344778701236716e-20,0.0854855439238487,1.2147143995471252e-17,0.4506434034052617,-2.9442942045675277e-21,0.0904704541801762,-2.9312025724394727e-21,0.9958991399335742,0.001,0.0,0.0
1760945194.7374833,0.9998968247582294,5.3,0.0273174204710029,6.457205965955975e-20,-0.0932031365620605,1.2590657805863821e-19,0.0791196594150541,1.2175116565963877e-17,0.4110709056794416,-3.6483710465890486e-21,0.0909458774744341,-2.6842503659271164e-21,0.9958558366402264,0.001,0.0,0.0
1760945194.749535,0.9998603091620356,5.3,0.0312260126865514,8.140508000410237e-20,-0.0835797962433099,5.287512556572763e-20,0.0730151858202225,1.237521314869197e-17,0.3738403317692818,-4.054209771505097e-21,0.0913747850897508,-2.126695465427065e-21,0.9958165737975052,0.001,0.0,0.0
1760945194.7615983,0.9998200138328855,5.3,0.0347747947406501,1.2009947876315896e-19,-0.0745465159489216,-2.786074465955032e-20,0.0673096742804436,1.2325972741305262e-17,0.3395773985380073,-3.955543044061922e-21,0.0917572502198347,-1.1790393865531756e-21,0.9957814052451948,0.001,0.0,0.0
1760945194.7737296,0.9997764118960992,5.3,0.0379951080330951,5.517639991158889e-20,-0.066328229223276,8.750590139821702e-21,0.0620392074845941,1.1348120660184808e-17,0.3083193784380317,-3.8052326186229e-21,0.092097236568559,-5.551544081185599e-22,0.995750018336146,0.001,0.0,0.0
1760945194.7857833,0.9997298897833914,5.3,0.0409169704830094,3.7799761768789577e-20,-0.0589457814529091,7.376853768584605e-20,0.0571980871860704,1.1136416964478676e-17,0.2799017200988286,-4.2581726520270555e-21,0.0923990270218689,1.2333608037946165e-22,0.9957220595153108,0.001,0.0,0.0
1760945194.797765,0.9996807628669993,5.3,0.0435681414246645,5.731760678945969e-20,-0.0523500230951269,-4.476792906276049e-20,0.0527651680139863,1.1851156851469477e-17,0.2541009400502205,-3.921753247108307e-21,0.0926667135129705,6.788521779866694e-22,0.9956971829862256,0.001,0.0,0.0
1760945194.809841,0.9996292886176832,5.3,0.0459739474505439,2.9434039704462315e-20,-0.0464714052408037,9.164978426464945e-20,0.048714091956025,1.2225905696936845e-17,0.2306867061259973,-4.527176997781229e-21,0.092904041368202,3.369899726510908e-22,0.9956750670261134,0.001,0.0,0.0
1760945194.8220203,0.9995756773979108,5.3,0.048157373710509,3.4393135005003835e-20,-0.0412380897250701,2.471165883116886e-22,0.0450173533785653,1.193298435123484e-17,0.2094400762966347,-4.5019195129559846e-21,0.0931143814892823,2.6473945209703165e-22,0.9956554182847942,0.001,0.0,0.0
1760945194.833963,0.999520101239168,5.3,0.050139238756387,3.763784547608992e-20,-0.0365822577373084,8.315865293565354e-21,0.0416479509688582,1.2062855430534733e-17,0.1901590846325566,-4.500407446920671e-21,0.093300746975596,6.697585901568362e-22,0.995637971661284,0.001,0.0,0.0
1760945194.84596,0.9994627009630508,5.3,0.0519383865250724,3.086602227966849e-20,-0.0324419944190257,7.706969466296246e-21,0.0385800693930904,1.218761217396665e-17,0.1726596387066826,-4.439661632876963e-21,0.0934658234289059,9.729766410852902e-22,0.995622488622448,0.001,0.0,0.0
1760945194.857976,0.9994035919584936,5.3,0.0535718719552507,2.790980530143735e-20,-0.0287615374566983,6.0815796695080264e-21,0.035789355041435,1.2106110849007265e-17,0.1567747426049195,-4.4448256208934336e-21,0.0936120017147738,9.556486829718542e-22,0.9956087550513772,0.001,0.0,0.0
1760945194.8699374,0.9993428688724824,5.3,0.0550551327089085,1.483203963613703e-20,-0.0254909484167455,3.0458267933506283e-20,0.0332530122312868,1.1822159739768185e-17,0.1423531881201575,-4.609409767304388e-21,0.0937414092465221,7.325393726547641e-22,0.9955965790381544,0.001,0.0,0.0
1760945194.8820047,0.9992806094225564,5.3,0.0564021453671904,2.316935015302417e-20,-0.0225856083014654,-8.78742346175864e-21,0.0309498141367948,1.2054909680819797e-17,0.1292581431806655,-4.486993168865346e-21,0.0938559385783609,7.923788584954965e-22,0.99558578876638,0.001,0.0,0.0
1760945194.8940616,0.9992168774987868,5.3,0.0576255665755414,1.765774608319243e-20,-0.0200056873047117,1.6444780103203155e-20,0.0288600699894426,1.2168910462540407e-17,0.117365793056513,-4.5808135166396046e-21,0.0939572730954961,9.870497703716522e-22,0.9955762305481476,0.001,0.0,0.0
1760945194.9060442,0.9991517256901704,5.3,0.0587368602913557,1.2181105515477938e-20,-0.0177156421861978,1.6309680142631878e-20,0.0269655683866974,1.2028999609682565e-17,0.1065640850193321,-4.6503922113968246e-21,0.0940469099409262,1.2103711895280017e-21,0.9955677670206902,0.001,0.0,0.0
1760945194.9179692,0.9990851973438534,5.3,0.0597464124363192,1.312389030369456e-20,-0.0156839137759558,1.3564091331872996e-20,0.0252495076939067,1.220943664495989e-17,0.0967515885222077,-4.733193287170222e-21,0.0941261804942366,1.2930155390571665e-21,0.9955602754959474,0.001,0.0,0.0
1760945194.9299855,0.9990172942964558,5.3,0.0606632820866889,1.1418644266831335e-20,-0.0141171281203267,1.3802495796808804e-20,0.0237021528393069,1.2142470591794406e-17,0.0878490614265719,-4.768495013003973e-21,0.094197268544023,1.3309396457182106e-21,0.9955535518488422,0.001,0.0,0.0
1760945194.9418907,0.9989480291037656,5.3,0.0614969441832197,1.3041170153324979e-20,-0.0127167545891225,1.2805773052473564e-20,0.0223062939464901,1.1995215823720685e-17,0.0797585592122974,-4.832797801715535e-21,0.0942612809943609,1.3827427983875597e-21,0.9955474930435524,0.001,0.0,0.0
1760945194.953845,0.9988773943018512,5.3,0.0622546513490488,1.3057476378825403e-20,-0.0114546573903453,1.452053840006975e-20,0.0210484493701385,1.1849722187107104e-17,0.0724057560617635,-4.909713778190357e-21,0.0943188888246843,1.3863453163562828e-21,0.995542036887884,0.001,0.0,0.0
1760945194.9657705,0.9988053895359016,5.3,0.0629433947750614,1.0697882584134762e-20,-0.0103161501049507,1.3214230003224006e-20,0.0199159395124505,1.1858081399084649e-17,0.0657211721365042,-4.956513907378976e-21,0.0943707255770097,1.5205320035681449e-21,0.9955371244479376,0.001,0.0,0.0
1760945194.977708,0.9987320147353168,5.3,0.0635695085936226,1.4771827906107522e-20,-0.0092887935016391,2.9653997070173557e-21,0.0188973834789521,1.2030496894970345e-17,0.059642740090091,-4.95013817085257e-21,0.0944173600024132,1.6760156972938274e-21,0.9955327026924704,0.001,0.0,0.0
1760945194.9896655,0.998657277352988,5.3,0.0641387384565352,1.3784082407580475e-20,-0.0083619688598803,1.3186805190193427e-20,0.0179817516932161,1.1875928182679585e-17,0.05411492379244,-5.022205251359942e-21,0.0944593056124251,1.7555863830528143e-21,0.9955287236354452,0.001,0.0,0.0
1760945195.0020576,0.998581190739076,5.3,0.0646562969110491,1.3266647743256068e-20,-0.0075258233112265,3.84997497974535e-21,0.0171591734128534,1.1790836187948848e-17,0.0490872487588521,-5.021849774683112e-21,0.0944970252521549,1.7884598902925457e-21,0.995525143940872,0.001,0.0,0.0
1760945195.01417,0.9985037683291312,5.3,0.0651269124638029,1.0788278941033208e-20,-0.0067713662416184,2.3201727562772558e-20,0.0164211560880182,1.186950287021048e-17,0.0445137371572266,-5.1648998139163704e-21,0.0945309353890914,1.7973036221849167e-21,0.995521924547352,0.001,0.0,0.0
1760945195.0262644,0.998425023144286,5.3,0.0655548760167955,1.442601629219538e-20,-0.0060906500084144,2.9552560790709205e-21,0.0157600011235257,1.1865776823911198e-17,0.04035278179989,-5.1690797464460815e-21,0.0945614115235041,1.904052932053429e-21,0.9955190301800778,0.001,0.0,0.0
1760945195.0382292,0.9983453510061506,5.3,0.0659436776245392,9.954465072364676e-21,-0.005447913779323,2.5870424654319602e-20,0.0151226548212395,1.1850765302147492e-17,0.0365352735739427,-5.318680786186069e-21,0.0945886521285996,1.901304038221064e-21,0.9955164422994202,0.001,0.0,0.0
1760945195.0502088,0.99826471343517,5.3,0.0662971248396819,1.7220717500730443e-20,-0.0048841747407827,-7.786771749325284e-21,0.0145595725813042,1.1812216398524489e-17,0.033083043462639,-5.253550435518072e-21,0.0946130527760952,2.126346237565919e-21,0.9955141235785596,0.001,0.0,0.0
1760945195.062163,0.9981830743270258,5.3,0.0666185726703418,4.0284177618567565e-21,-0.0043838209392288,4.298895895225336e-20,0.0140619665716257,1.191749010593312e-17,0.0299526281173485,-5.485452430738081e-21,0.0946349356896286,2.0029025238804168e-21,0.995512043597173,0.001,0.0,0.0
1760945195.074172,0.99810040089104,5.3,0.0669109798939431,2.765307920496546e-20,-0.0039367330101792,-3.0840336027932047e-20,0.0136220414618815,1.1895557480433627e-17,0.0271081018364906,-5.331364063897082e-21,0.0946545705820945,2.251410443054719e-21,0.9955101768781268,0.001,0.0,0.0
1760945195.086105,0.998016669200399,5.3,0.0671770129735021,-1.3962038856728282e-20,-0.003535479301168,7.753613140641234e-20,0.013233473129398,1.1952260672574479e-17,0.0245204604992791,-5.719301306157977e-21,0.0946721899570739,2.0573359744678364e-21,0.99550850144473,0.001,0.0,0.0
1760945195.0982459,0.9979318623558228,5.3,0.0674190788792855,7.428437589247765e-20,-0.0031745778281357,-1.079472322986498e-19,0.0128909002717913,1.1897446671766984e-17,0.0221650385728406,-5.216060474363736e-21,0.094687998151396,2.5153794452896106e-21,0.9955069979694172,0.001,0.0,0.0
1760945195.1101503,0.9978459728354052,5.3,0.0676394235146671,-1.1476003595651797e-19,-0.0028495321313195,2.4444668058904485e-19,0.012589529056083,1.1894677167342602e-17,0.0200195422462676,-6.3800171383000064e-21,0.0947021819499746,1.859411132663888e-21,0.9955056487704698,0.001,0.0,0.0
1760945195.1220684,0.9977589979298866,5.3,0.0678400690388439,7.00886906741135e-19,-0.0025565643293755,1.2577834741485418e-19,0.0123251530917523,1.183647999001335e-17,0.0180642028278367,-7.33655416194424e-21,0.0947149074606693,5.3003989358761856e-21,0.9955044381140232,0.001,0.0,0.0
1760945195.1339555,0.9976709346544054,5.3,0.0680227777643153,-2.2219268474813333e-19,-0.0022924977969866,4.629769952313129e-19,0.0120941647954253,1.177301142681108e-17,0.0162819196128944,-9.537587671891883e-21,0.094726318546726,3.964690531889544e-21,0.995503352367326,0.001,0.0,0.0
1760945195.14594,0.9975817828212,5.3,0.0681891536754999,4.880936755638824e-19,-0.0020545106407554,-8.504692879143523e-19,0.0118933329506225,1.172119348148102e-17,0.0146571896383527,-5.5348373575567834e-21,0.09473654502408,6.812126674234808e-21,0.9955023792221196,0.001,0.0,0.0
1760945195.15778,0.9974915444109708,5.3,0.0683406569693153,2.498640465186332e-18,-0.0018400741508255,-3.965638495934592e-18,0.0117197566503468,1.1653688102780373e-17,0.013175927259534,1.3018465317019675e-20,0.0947457041209369,2.111028706819944e-20,0.9955015075581894,0.001,0.0,0.0
1760945195.169711,0.9974002230537742,5.3,0.0684786171069714,-1.8438563261458512e-18,-0.0016469118268276,1.2101951415853136e-18,0.0115708275113927,1.1695278719925718e-17,0.0118253197907003,7.872433204843708e-21,0.0947539017333508,1.1371415894188146e-20,0.995500727325855,0.001,0.0,0.0
1760945195.1818411,0.9973078236043202,5.3,0.06860424460577,1.8595812270814976e-18,-0.001472969180377,-3.382993482276888e-18,0.011444197496181,1.1714517236238161e-17,0.0105937053699559,2.3827116707885547e-20,0.0947612335304528,2.223693387586467e-20,0.995500029442384,0.001,0.0,0.0
1760945195.1937754,0.9972143517976289,5.3,0.0687186417292096,-1.5115094905696617e-18,-0.0013163896522965,-7.655364220710745e-19,0.0113377509427796,1.1701271165409476e-17,0.0094704661373693,2.835363506188252e-20,0.0947677859397757,1.5082653181822183e-20,0.9954994056995076,0.001,0.0,0.0
1760945195.2057247,0.9971198139723704,5.3,0.0688228121961528,1.1701616561384529e-19,-0.0011754943697824,-2.360117277960548e-19,0.0112495799893286,1.1686362212165889e-17,0.0084459330600096,2.947040680870202e-20,0.0947736370317952,1.577622113413167e-20,0.9954988486802814,0.001,0.0,0.0
1760945195.2176087,0.9970242168507054,5.3,0.0689176700079696,-2.3878958776554773e-19,-0.0010487645829658,4.639783937499525e-19,0.0111779628582437,1.1662625472915552e-17,0.0075113002813248,2.727436368552172e-20,0.0947788573170285,1.4370613454868032e-20,0.995498351684059,0.001,0.0,0.0
1760945195.2295067,0.9969275673649078,5.3,0.0690040474784043,4.922263142348383e-19,-0.0009348261470662,-8.639330283932338e-19,0.0111213446069476,1.1652117750440446e-17,0.0066585476275411,3.1343054665694033e-20,0.0947835104658765,1.7240496628144616e-20,0.9954979086586596,0.001,0.0,0.0
1760945195.2414846,0.9968298725224582,5.3,0.0690827025406989,-9.193155981538628e-19,-0.0008324356711072,1.7029224886834001e-18,0.0110783200311095,1.1629127645591245e-17,0.0058803702910736,2.3303303744061914e-20,0.0947876539595084,1.1874093880582751e-20,0.995497514138962,0.001,0.0,0.0
1760945195.2534027,0.9967311393025542,5.3,0.0691543253984842,-1.1531725202077072e-18,-0.0007404680821645,2.9449854626332284e-18,0.0110476184570635,1.1598644785620649e-17,0.005170114924358,9.194233584345891e-21,0.0947913396788364,4.739664904003491e-21,0.9954971631912828,0.001,0.0,0.0
1760945195.26525,0.99663137457812,5.3,0.0692195445802642,-4.5517027544068873e-20,-0.0006579054223701,9.466424005875599e-19,0.011028090196956,1.1570677828143787e-17,0.0045217215068883,4.502857754769438e-21,0.0947946144377183,4.077545690768213e-21,0.9954968513629786,0.001,0.0,0.0
1760945195.277109,0.996530585058378,5.3,0.0692789324515525,-2.62050997654186e-18,-0.0005838267352891,4.2641198297338266e-18,0.0110186944696515,1.153923980900501e-17,0.0039296704354271,-1.5477820421557698e-20,0.0947975204658134,-1.0978915121177758e-20,0.9954965746367658,0.001,0.0,0.0
1760945195.2889943,0.9964287772478898,5.3,0.069333010233622,-1.6946240017975621e-18,-0.0005173989233415,3.3816987278324814e-18,0.0110184886152923,1.15145576632862e-17,0.0033889343520574,-3.15075469429504e-20,0.0948000958459246,-2.1020014458439462e-20,0.9954963293893172,0.001,0.0,0.0
1760945195.3008146,0.9963259574187014,5.3,0.069382252573294,-3.7301602439285345e-18,-0.0004578684753722,4.3707321005452905e-18,0.0110266184529045,1.148930281957018e-17,0.0028949342764525,-5.1494232005699964e-20,0.0948023749101607,-4.1651669148611436e-20,0.9954961123537316,0.001,0.0,0.0
1760945195.3127375,0.996222131592821,5.3,0.0694270917041089,2.32836471877188e-18,-0.0004045539766528,-3.4086033508322295e-18,0.0110423096492046,1.1467373980421962e-17,0.0024434996521478,-3.5635380111012905e-20,0.0948043885988123,-2.844821679076483e-20,0.9954959205855168,0.001,0.0,0.0
1760945195.3244395,0.9961173055327806,5.3,0.0694679212355398,1.620673365725581e-20,-0.0003568393240616,1.938312528631163e-18,0.0110648599831567,1.1450445907295289e-17,0.0020308319541792,-4.528818697802348e-20,0.0948061647854541,-2.9292020918911913e-20,0.9954957514317544,0.001,0.0,0.0
1760945195.3365502,0.9960114847384446,5.3,0.0695050996035841,1.554584073296131e-18,-0.000314167577924,-2.7522310155643814e-18,0.01109363240514,1.1440559709710165e-17,0.0016534715385788,-3.232789860727923e-20,0.094807728571442,-2.0250298561058293e-20,0.9954956025031572,0.001,0.0,0.0
1760945195.3484287,0.9959046744485852,5.3,0.0695389532130519,9.121177178122981e-19,-0.0002760353893473,2.9582155411165413e-19,0.0111280488020656,1.1426148786746645e-17,0.0013082674437488,-3.423171140375369e-20,0.09480910255267,-1.5849960713803746e-20,0.995495471648745,0.001,0.0,0.0
1760945195.3603268,0.9957968796460284,5.3,0.0695697792991353,-1.894127282405949e-19,-0.0002419879483016,4.1544103347577024e-19,0.0111675843906248,1.1404480145570352e-17,0.0009923498802269,-3.620961091037904e-20,0.0948103070611798,-1.6991442403696395e-20,0.9954953569329016,0.001,0.0,0.0
1760945195.3722248,0.995688105065418,5.3,0.0695978485333629,4.3153880637930075e-19,-0.00021161440324,-7.437066767486021e-19,0.0112117626702899,1.1386676312681201e-17,0.0007031051692397,-3.271271784581075e-20,0.09481136038397,-1.4491042636320634e-20,0.9954952566145864,0.001,0.0,0.0
1760945195.384143,0.9955783552028306,5.3,0.0696234073967862,-7.931034893165985e-19,-0.0001845437079667,1.4829366462617316e-18,0.0112601508758776,1.137769194857572e-17,0.0004381529120226,-3.971641012870244e-20,0.094812278961132,-1.9143478920238712e-20,0.995495169128508,0.001,0.0,0.0
1760945195.396016,0.995467634326645,5.3,0.0696466803411984,1.575389974568792e-18,-0.000160440855805,-2.8233487287512125e-18,0.0113123558766118,1.136408787635899e-17,0.0001953251914398,-2.6412314638104723e-20,0.0948130775652412,-9.964313855113688e-21,0.9954950930680712,0.001,0.0,0.0
1760945195.4079146,0.9953559464891863,5.3,0.0696678717573211,3.3657431284548738e-18,-0.0001390034649658,-6.350422004809333e-18,0.0113680204748179,1.1348491537931644e-17,-2.7352374818038103e-05,3.5989630559377225e-21,0.0948137694637497,9.794595139873452e-21,0.9954950271699377,0.001,0.0,0.0
1760945195.419806,0.9952432955387792,5.3,0.0696871677672001,3.5342892375279935e-18,-0.0001199586824778,-4.7559599093541376e-18,0.0114268200627753,1.133273083118527e-17,-0.0002316778940727,2.559716330317186e-20,0.0948143665659697,2.963943560060174e-20,0.9954949703000484,0.001,0.0,0.0
1760945195.4316993,0.9951296851319223,5.3,0.0697047378565106,-2.9709269165697483e-18,-0.0001030603771265,3.274457484903545e-18,0.0114884596009668,1.1313205166910437e-17,-0.0004192889214876,1.0711436824298036e-20,0.0948148795560825,1.330247666794065e-20,0.9954949214409712,0.001,0.0,0.0
1760945195.443545,0.9950151187453714,5.3,0.0697207363610668,-1.8811871441849185e-18,-8.808659462158004e-05,5.0498395092650125e-18,0.0115526708850739,1.1300054800783273e-17,-0.0005916767825158,-1.353089332012699e-20,0.0948153180134814,1.544536629031404e-21,0.9954948796804544,0.001,0.0,0.0
1760945195.4555442,0.9948995996879666,5.3,0.069735303820555,1.986505838044925e-18,-7.483725072552884e-05,-2.7373312976847765e-18,0.0116192100726743,1.1282240801104506e-17,-0.0007501996194601,-8.518423627821466e-22,0.094815690521631,1.2726716499005276e-20,0.9954948442010668,0.001,0.0,0.0
1760945195.4675305,0.9947831311120868,5.3,0.0697485682113468,2.7226527893551055e-19,-6.313204031713629e-05,9.712458793955326e-20,0.0116878554437547,1.1267296192903604e-17,-0.0008960942755844,-1.4626247148571981e-21,0.0948160047665195,1.4039113663661582e-20,0.9954948142708304,0.001,0.0,0.0
1760945195.4795237,0.9946657160246478,5.3,0.0697606460691887,-4.569275062860018e-20,-5.280854241393624e-05,1.2252523751147476e-19,0.0117584053719373,1.1251339956972645e-17,-0.0010304871201506,-2.050547138599983e-21,0.0948162676256778,1.3754317475971284e-20,0.9954947892347484,0.001,0.0,0.0
1760945195.4913175,0.9945473572975898,5.3,0.0697716435116024,1.264693833014231e-19,-4.372050302444268e-05,-1.9913250717058808e-19,0.0118306764857637,1.123450460977695e-17,-0.0011544039085836,-1.1194032302842449e-21,0.0948164852486513,1.4479391978010008e-20,0.995494768507144,0.001,0.0,0.0
1760945195.5032344,0.9944280576778174,5.3,0.0697816571689501,-2.135000271670257e-19,-3.573627935936598e-05,4.1875200743003812e-19,0.0119045020015463,1.122041686183813e-17,-0.0012687787636051,-3.1021833261156733e-21,0.0948166631297284,1.321849690110643e-20,0.99549475156474,0.001,0.0,0.0
1760945195.5151014,0.9943078197965768,5.3,0.0697907750323211,4.437208530231317e-19,-2.8737430461414404e-05,-7.761102254172493e-19,0.0119797302112105,1.1205608604854909e-17,-0.0013744623555643,5.498703394964577e-22,0.0948168061736531,1.5794433817376444e-20,0.9954947379404012,0.001,0.0,0.0
1760945195.5270214,0.9941866461782664,5.3,0.0697990772256684,2.137170200896135e-18,-2.261744067694644e-05,-4.672694650746085e-18,0.0120562231102489,1.1193169669582204e-17,-0.0014722293532425,2.279256348108352e-20,0.0948169187549834,2.864669137744801e-20,0.995494727217483,0.001,0.0,0.0
1760945195.5388803,0.9940645392486828,5.3,0.069806636708959,-9.081938585735925e-19,-1.728056364882967e-05,3.576455428639946e-18,0.0121338551524168,1.1177534111366892e-17,-0.0015627852100867,5.426165803011713e-21,0.0948170047716965,2.2432705487346518e-20,0.995494719024729,0.001,0.0,0.0
1760945195.550762,0.9939415013427184,5.3,0.0698135199184997,3.3991956316832177e-19,-1.2640775627785356e-05,2.551716107590564e-19,0.0122125121191384,1.1161542228301541e-17,-0.0016467723450558,3.9931830019234475e-21,0.0948170676935829,2.4003570497101404e-20,0.9954947130316616,0.001,0.0,0.0
1760945195.562496,0.993817534711526,5.3,0.0698197873500487,4.783690703585625e-20,-8.62082795067133e-06,-4.635008999507144e-20,0.0122920900927928,1.1148474455790412e-17,-0.0017247757720058,4.2011261661456456e-21,0.0948171106059252,2.4264022253069342e-20,0.9954947089444242,0.001,0.0,0.0
1760945195.5744011,0.993692641529173,5.3,0.0698254940898243,-5.429902187330992e-20,-5.151389444652718e-06,1.2619755034775218e-19,0.0123724945241136,1.1133703382255387e-17,-0.0017973282267471,3.598791472470156e-21,0.0948171362489072,2.393349010764541e-20,0.9954947065020266,0.001,0.0,0.0
1760945195.5864232,0.9935668238988092,5.3,0.0698306902980635,1.3256806742685417e-19,-2.170270380574274e-06,-2.138627983893105e-19,0.0124536393848951,1.1118482749685976e-17,-0.0018649148365392,4.6002761487982205e-21,0.0948171470531615,2.469526825116765e-20,0.995494705472962,0.001,0.0,0.0
1760945195.598492,0.9934400838583742,5.3,0.0698354216493691,-2.2913222547032995e-19,3.782796357954718e-07,4.436596376484226e-19,0.0125354463980486,1.110424730666906e-17,-0.0019279773728087,2.5009327807064127e-21,0.0948171451718207,2.3344410721286782e-20,0.9954947056521526,0.001,0.0,0.0
1760945195.6104288,0.9933124233858684,5.3,0.069839729733706,4.703821278768254e-19,2.5442067401548275e-06,-8.281286314238781e-19,0.0126178443378252,1.1089303392599989e-17,-0.0019869181242493,6.399218859996733e-21,0.0948171325094086,2.607757583643429e-20,0.9954947068582,0.001,0.0,0.0
1760945195.6224487,0.993183844404218,5.3,0.0698436524215615,-1.7680828824104426e-18,4.372227136625446e-06,5.14373994509085e-19,0.0127007683937068,1.1074306394555085e-17,-0.0020421034241485,4.67792387001889e-21,0.0948171107478725,1.7034627456289013e-20,0.9954947089309042,0.001,0.0,0.0
1760945195.6342916,0.9930543487857572,5.3,0.0698472241964711,-1.7023179267533109e-18,5.902346358071329e-06,3.898347431825169e-18,0.0127841595920863,1.1060118704621397e-17,-0.0020938668627854,-1.3916902330146736e-20,0.0948170813700307,6.713241599437798e-21,0.9954947117290324,0.001,0.0,0.0
1760945195.6461976,0.9929239383563532,5.3,0.069850476457825,9.197225490415338e-20,7.170328631399787e-06,-2.0345328248629785e-18,0.0128679642704183,1.1045193297349773e-17,-0.0021425122129857,-3.837254563205814e-21,0.0948170456806833,8.134221148800465e-21,0.995494715128306,0.001,0.0,0.0
1760945195.6582687,0.9927926148992,5.3,0.0698534377966118,-1.6671074210394988e-18,8.208121042654209e-06,3.034155044797205e-18,0.0129521335990195,1.1030785607466597e-17,-0.0021883160944275,-1.8146289004788574e-20,0.094817004825613,-1.6007865713864065e-21,0.9954947190195936,0.001,0.0,0.0
1760945195.670185,0.9926603801583054,5.3,0.069856134246516,-3.1384916306429523e-18,9.044236753607396e-06,6.010308047268171e-18,0.0130366231461537,1.1017728430345921e-17,-0.0022315304000064,-4.657278147197045e-20,0.0948169598086767,-2.007094251301161e-20,0.995494723307281,0.001,0.0,0.0
1760945195.6823623,0.9925272358416906,5.3,0.0698585895125719,-5.07438041426153e-20,9.704101130718577e-06,4.0530439015599443e-19,0.0131213924824435,1.1003966272322698e-17,-0.002272384505493,-4.8569362195589924e-20,0.0948169115071756,-2.0517921573334024e-20,0.995494727907808,0.001,0.0,0.0
1760945195.6944869,0.9923931836243268,5.3,0.0698608251793799,3.5729741883500365e-19,1.0210364295060306e-05,-6.043373649258926e-19,0.0132064048210187,1.0989307877278562e-17,-0.0023110872818246,-4.573126842923165e-20,0.0948168606856691,-1.8453306543619607e-20,0.9954947327483528,0.001,0.0,0.0
1760945195.7064638,0.992258225150828,5.3,0.0698628609007105,-6.464296425544628e-19,1.0583183267091476e-05,1.2162029766184033e-18,0.0132916266901474,1.09756964329302e-17,-0.0023478289276476,-5.1477348187967525e-20,0.0948168080083839,-2.2246745813355822e-20,0.9954947377656506,0.001,0.0,0.0
1760945195.7184038,0.9921223620379178,5.3,0.06986471457216,1.2914163930374637e-18,1.084047659016815e-05,-2.3069477827854458e-18,0.0133770276353931,1.0961062893241413e-17,-0.002382782638154,-4.060891700213298e-20,0.0948167540503566,-1.4726541305409412e-20,0.9954947429049308,0.001,0.0,0.0
1760945195.730307,0.9919855958766904,5.3,0.0698664024883719,5.062116063774534e-19,1.0998154046866758e-05,-1.6971959104311408e-18,0.0134625799486172,1.0946642624241947e-17,-0.0024161061248331,-3.240083843650341e-20,0.094816699307432,-1.140181638929872e-20,0.9954947481189662,0.001,0.0,0.0
1760945195.7422073,0.9918479282346794,5.3,0.069867939486204,-1.5933812549321988e-18,1.1070323838641462e-05,2.9230933921638243e-18,0.013548258421392,1.0933295481568729e-17,-0.0024479429994423,-4.61922829043692e-20,0.0948166442052308,-2.0717033097983582e-20,0.9954947533672184,0.001,0.0,0.0
1760945195.7540555,0.9917093606577514,5.3,0.069869339075096,3.9980894958197576e-18,1.1069479378720674e-05,-4.5029339479764395e-18,0.0136340401206115,1.0918724322873893e-17,-0.0024784240343269,-2.5678797115829166e-20,0.0948165891071869,1.3141188393166473e-21,0.9954947586150712,0.001,0.0,0.0
1760945195.7659883,0.9915698946718396,5.3,0.0698706135557827,-2.10152602030781e-18,1.1006667642128832e-05,4.4466240019948495e-18,0.0137199041842927,1.0904482127647976e-17,-0.0025076683101286,-4.68101899212714e-20,0.0948165343217475,-1.1249883664559164e-20,0.9954947638331468,0.001,0.0,0.0
1760945195.7778852,0.9914295317845272,5.3,0.0698717741283943,2.0510022645518e-18,1.0891640846329656e-05,-1.5030475672275797e-18,0.0138058316357407,1.0890081309160476e-17,-0.0025357842609401,-4.030464990355732e-20,0.0948164801088178,-3.314758332075545e-22,0.9954947689966904,0.001,0.0,0.0
1760945195.7898529,0.9912882734864976,5.3,0.0698728309908911,1.6740108064658557e-18,1.073299305189635e-05,-1.063684428772711e-18,0.0138918052144192,1.0876327026291893e-17,-0.0025628706260644,-3.580355875095693e-20,0.0948164266855252,8.505428276729143e-21,0.9954947740850216,0.001,0.0,0.0
1760945195.8017824,0.9911461212528584,5.3,0.0698737934286983,-1.6448276420423013e-18,1.0538283142057914e-05,3.05390168983759e-18,0.0139778092220194,1.0862091266929559e-17,-0.0025890173167239,-5.022208926025479e-20,0.0948163742313728,-1.1271009900476784e-21,0.995494779081044,0.001,0.0,0.0
1760945195.8137023,0.9910030765443504,5.3,0.0698746698963261,3.2386368408058905e-18,1.031414549090911e-05,-5.8543864532832025e-18,0.0140638293823557,1.084804827987376e-17,-0.0026143062053118,-2.262277242052349e-20,0.0948163228928404,1.776494885004188e-20,0.9954947839708056,0.001,0.0,0.0
1760945195.825414,0.9908591408084556,5.3,0.0698754680916919,1.4252751145983348e-19,1.0066389508011463e-05,-4.980926594035672e-19,0.0141498527138433,1.0834140895785917e-17,-0.0026388118441095,-2.0207901429045934e-20,0.0948162727874912,1.871272661371226e-20,0.9954947887431094,0.001,0.0,0.0
1760945195.8371243,0.9907143154804064,5.3,0.0698761950237973,2.5035269989408373e-18,9.800089138060844e-06,-5.344597490266909e-18,0.0142358674134228,1.0820009876162513e-17,-0.0026626021197684,5.204853662174724e-21,0.0948162240076328,3.370588763878534e-20,0.995494793389164,0.001,0.0,0.0
1760945195.8488483,0.9905686019841076,5.3,0.0698768570743534,-2.506615416353448e-18,9.51966329387542e-06,3.7535983629287684e-18,0.0143218627509033,1.0805859808369018e-17,-0.0026857388492959,-1.2284731719708238e-20,0.094816176623577,1.9453511101990576e-20,0.9954947979022728,0.001,0.0,0.0
1760945195.8606272,0.9904220017329796,5.3,0.0698774600538954,-1.7202657477044126e-18,9.228948099323888e-06,4.775451505266202e-18,0.0144078289727858,1.0791965778190093e-17,-0.0027082783227722,-3.5238166927103833e-20,0.0948161306865413,8.626574225514181e-21,0.9954948022775572,0.001,0.0,0.0
1760945195.8723805,0.9902745161307293,5.3,0.0698780092528797,-2.6050778993670023e-18,8.931261749023819e-06,2.3350225589871987e-18,0.0144937572147143,1.0778287734935362e-17,-0.0027302717975561,-4.5627292950917765e-20,0.0948160862312265,-5.446738487245477e-21,0.9954948065117128,0.001,0.0,0.0
1760945195.884296,0.9901261465720492,5.3,0.069878509488211,1.569464269084125e-19,8.62946269964342e-06,5.285073893239215e-19,0.0145796394217791,1.0764204787953519e-17,-0.0027517659483158,-4.833332759593467e-20,0.0948160432781053,-4.918010044709573e-21,0.99549481060279,0.001,0.0,0.0
1760945195.8961363,0.9899768944432624,5.3,0.0698789651456093,3.5564478839436333e-19,8.326001856626001e-06,-5.986991693753776e-19,0.0146654682759675,1.0750495076649877e-17,-0.0027728032768324,-4.552264304181634e-20,0.0948160018354509,-2.864185443403851e-21,0.9954948145500004,0.001,0.0,0.0
1760945195.908079,0.9898267611229044,5.3,0.0698793802181876,-6.421288286125669e-19,8.022969339611908e-06,1.2032753573499226e-18,0.0147512371301188,1.0736437848320456e-17,-0.0027934224851678,-5.1206391703930444e-20,0.0948159619011325,-6.630040267185058e-21,0.9954948183535476,0.001,0.0,0.0
1760945195.9199452,0.9896757479822602,5.3,0.0698797583415789,-1.6868957202652286e-18,7.722136366501323e-06,3.920251490089752e-18,0.0148369399478011,1.0722583015350804e-17,-0.0028136588154743,-6.991791381888815e-20,0.0948159234642034,-1.6884235265196794e-20,0.9954948220144746,0.001,0.0,0.0
1760945195.9319026,0.9895238563858504,5.3,0.0698801028259231,1.0313134240432648e-19,7.424992738867236e-06,-2.0467615791861443e-18,0.014922571248576,1.0708759407672616e-17,-0.0028335443594262,-5.978288379655663e-20,0.0948158865063008,-1.5402125880509646e-20,0.99549482553453,0.001,0.0,0.0
1760945195.943708,0.9893710876918762,5.3,0.0698804166849913,1.7270930395731913e-18,7.132780367576129e-06,-2.583545509120511e-18,0.015008126058171,1.0694707872837888e-17,-0.0028531083399857,-4.774238252015451e-20,0.0948158510028803,-5.581876069687679e-21,0.995494828916052,0.001,0.0,0.0
1760945195.9555895,0.9892174432526266,5.3,0.0698807026627063,9.637246381259254e-19,6.846523232088332e-06,2.0313688061184076e-19,0.0150935998631158,1.0680713075979642e-17,-0.00287237736798,-4.9208595571163047e-20,0.0948158169243006,-8.805910970266187e-22,0.995494832161864,0.001,0.0,0.0
1760945195.9673712,0.9890629244148472,5.3,0.0698809632572905,-2.905746128896024e-19,6.567054132500689e-06,5.92985795891609e-19,0.0151789885694446,1.0666714265869404e-17,-0.0028913756757364,-5.202223229886137e-20,0.0948157842367751,-2.6071823796376965e-21,0.9954948352751838,0.001,0.0,0.0
1760945195.979557,0.9889075325200806,5.3,0.0698812007432541,-2.343842077213643e-18,6.295038554077037e-06,5.1141423077329535e-18,0.0152642884650987,1.0652795904507321e-17,-0.0029101253298301,-7.636372515897044e-20,0.0948157529032045,-1.6696467224222672e-20,0.9954948382595454,0.001,0.0,0.0
1760945195.9914422,0.9887512689049724,5.3,0.0698814171914159,-2.6349063653163375e-19,6.030995941834439e-06,3.52733735067836e-18,0.0153494961856975,1.063887745228029e-17,-0.002928646424808,-9.379695095101064e-20,0.0948157228839039,-1.968162131013472e-20,0.9954948411187288,0.001,0.0,0.0
1760945196.0033324,0.9885941349015552,5.3,0.0698816144871339,-4.485401089310576e-19,5.775318639159688e-06,3.5582905708849453e-19,0.0154346086833771,1.0625054800412989e-17,-0.0029469572595907,-9.535754084539296e-20,0.0948156941372355,-2.208297316277038e-20,0.9954948438566994,0.001,0.0,0.0
1760945196.0151465,0.988436131837504,5.3,0.0698817943469046,5.077279645442455e-19,5.5282887380858736e-06,-8.89408560014217e-19,0.015519623198419,1.0611245936394059e-17,-0.0029650744981022,-9.11719874458398e-20,0.0948156666201574,-1.9134833592047436e-20,0.9954948464775571,0.001,0.0,0.0
1760945196.0269928,0.988277261036371,5.3,0.0698819583334772,-9.463983622889044e-19,5.290093047006569e-06,1.7618715390360846e-18,0.0156045372334226,1.0597367357592053e-17,-0.0029830133155344,-9.949132631984356e-20,0.0948156402886976,-2.467961724969374e-20,0.9954948489854905,0.001,0.0,0.0
1760945196.0388384,0.9881175238178,5.3,0.0698821078696161,-1.9786343261114882e-18,5.060836374989141e-06,1.7292774474267534e-18,0.0156893485297894,1.0583694979756516e-17,-0.0030007875315325,-1.0716082485081832e-19,0.0948156150983626,-3.5347319002988853e-20,0.9954948513847368,0.001,0.0,0.0
1760945196.0505476,0.9879569214977204,5.3,0.0698822442506316,-1.0682326738986757e-18,4.840553303171459e-06,1.4108160272078312e-18,0.0157740550463148,1.056998749636605e-17,-0.00301840973147,-1.1367685940568837e-19,0.0948155910044864,-4.133388537985341e-20,0.9954948536795508,0.001,0.0,0.0
1760945196.0622132,0.9877954553885278,5.3,0.0698823686557897,-1.3149384495093612e-18,4.629218602388988e-06,3.2460306645957347e-18,0.0158586549396978,1.0556199238335354e-17,-0.0030358913768785,-1.2920929783920165e-19,0.0948155679625288,-4.9417548501131926e-20,0.9954948558741744,0.001,0.0,0.0
1760945196.0739043,0.9876331267992428,5.3,0.0698824821587013,3.2376707289440157e-18,4.4267564379679824e-06,-5.825259961534523e-18,0.0159431465467956,1.0542496711225496e-17,-0.0030532429060004,-1.0175489616012046e-19,0.0948155459283271,-3.05441093682357e-20,0.995494857972814,0.001,0.0,0.0
1760945196.0855906,0.9874699370356635,5.3,0.0698825857367812,-3.680173754422784e-18,4.233048489576664e-06,4.557710843318643e-18,0.0160275283684686,1.0528819413861068e-17,-0.0030704738253494,-1.2268957936727201e-19,0.0948155248583072,-5.101747775568895e-20,0.9954948599796204,0.001,0.0,0.0
1760945196.0975068,0.9873058874004982,5.3,0.0698826802798614,-1.839909321201005e-18,4.047941101977223e-06,9.03063478678308e-19,0.0161117990548722,1.0515254962521917e-17,-0.0030875927930818,-1.2631463113538845e-19,0.0948155047096601,-6.060515941401075e-20,0.9954948618986702,0.001,0.0,0.0
1760945196.1095011,0.9871409791934894,5.3,0.0698827665980326,-2.237329434008251e-18,3.8712515638544405e-06,2.1717414851310072e-18,0.016195957392066,1.0501682682316485e-17,-0.0031046076949101,-1.3606291686356436e-19,0.0948154854404859,-7.277062116538175e-20,0.9954948637339548,0.001,0.0,0.0
1760945196.1215746,0.986975213711528,5.3,0.0698828454287856,-1.4528102195607624e-19,3.702773619705938e-06,1.106887537720229e-18,0.0162800022898226,1.0487970325071416e-17,-0.0031215257132279,-1.4150412985873263e-19,0.0948154670099117,-7.401999932169441e-20,0.9954948654893668,0.001,0.0,0.0
1760945196.1334064,0.9868085922487544,5.3,0.0698829174435118,9.674965893123386e-19,3.5422822867887705e-06,-1.68961674463186e-18,0.0163639327705282,1.0474303528237833e-17,-0.0031383533900498,-1.3355458984589144e-19,0.0948154493781841,-6.840422250147884e-20,0.9954948671686926,0.001,0.0,0.0
1760945196.1453547,0.986641116096654,5.3,0.0698829832534231,-1.8036491700099106e-18,3.389538056027066e-06,3.3362557867451546e-18,0.0164477479590778,1.0460677791931436e-17,-0.0031550966843236,-1.4930241998090261e-19,0.094815432506742,-7.896128849504674e-20,0.9954948687756052,0.001,0.0,0.0
1760945196.1572444,0.9864727865441428,5.3,0.0698830434149418,5.8038251864712545e-19,3.2442905489899486e-06,-1.8038837263029604e-19,0.016531447073675,1.0446987678880882e-17,-0.0031717610241128,-1.486819208983006e-19,0.0948154163582704,-7.598877159379432e-20,0.9954948703136586,0.001,0.0,0.0
1760945196.1691616,0.9863036048776452,5.3,0.0698830984346076,-4.097553579821925e-19,3.1062816861788896e-06,8.162794314424014e-19,0.0166150294174566,1.0433376520734109e-17,-0.0031883513541135,-1.5255006312039938e-19,0.0948154008967392,-7.841454092663752e-20,0.9954948717862844,0.001,0.0,0.0
1760945196.181065,0.9861335723811662,5.3,0.069883148773546,8.61405365794626e-19,2.975248421634868e-06,-1.5073202771561937e-18,0.0166984943708672,1.0419839095270445e-17,-0.0032048721789186,-1.4545728026324746e-19,0.0948153860874272,-7.341333287720636e-20,0.9954948731967896,0.001,0.0,0.0
1760945196.1930296,0.9859626903363572,5.3,0.0698831948515359,1.3580211260247934e-18,2.850925094246145e-06,-3.228269524087129e-18,0.0167818413847163,1.0406334498776796e-17,-0.0032213276024124,-1.3003360475150698e-19,0.0948153718969357,-6.512383568754822e-20,0.9954948745483554,0.001,0.0,0.0
1760945196.2049117,0.9857909600225748,5.3,0.0698832370507144,2.19469265722524e-18,2.733045440709337e-06,-5.47067015858614e-18,0.0168650699738584,1.0392903771653809e-17,-0.0032377213636397,-1.038454210113678e-19,0.0948153582931915,-5.160702963049456e-20,0.9954948758440366,0.001,0.0,0.0
1760945196.2168393,0.985618382716936,5.3,0.0698832757189485,9.515946361808063e-19,2.621344304048367e-06,-1.972523387071512e-18,0.0169481797114385,1.0379406428056848e-17,-0.0032540568694666,-9.447604887909538e-20,0.0948153452454408,-4.593428940562518e-20,0.9954948770867624,0.001,0.0,0.0
1760945196.2286155,0.9854449596943692,5.3,0.0698833111729055,9.40544471114853e-19,2.515559083043843e-06,-2.4830586299245804e-18,0.0170311702236533,1.0365937335455441e-17,-0.003270337224318,-8.256293137735869e-20,0.0948153327242373,-4.0075632330004804e-20,0.9954948782793372,0.001,0.0,0.0
1760945196.2405012,0.985270692227657,5.3,0.0698833437008493,1.4222239297800325e-18,2.4154309375927144e-06,-6.41707711724998e-19,0.0171140411849822,1.0352319220382e-17,-0.0032865652572546,-8.004179370588312e-20,0.0948153207014227,-3.269254378891702e-20,0.995494879424443,0.001,0.0,0.0
1760945196.2523575,0.9850955815874816,5.3,0.0698833735651847,2.6659640369064143e-18,2.320705799652504e-06,-2.863489502911231e-18,0.0171967923138447,1.0338755330143712e-17,-0.0033027435466271,-6.705416612210257e-20,0.0948153091501038,-1.8066270424596567e-20,0.9954948805246416,0.001,0.0,0.0
1760945196.264235,0.9849196290424602,5.3,0.0698834010047756,-1.4791663648022534e-18,2.231135192357698e-06,-7.841816461389893e-19,0.0172794233686479,1.0325461930840256e-17,-0.0033188744425237,-6.244852053265878e-20,0.0948152980446236,-2.5054022798504454e-20,0.9954948815823762,0.001,0.0,0.0
1760945196.2760515,0.984742835859182,5.3,0.0698834262370541,8.711428145825651e-20,2.146476896699117e-06,-1.7241659808459797e-19,0.0173619341441871,1.0312008465474798e-17,-0.0033349600872095,-6.163109533942565e-20,0.0948152873605312,-2.4539703985961747e-20,0.995494882599976,0.001,0.0,0.0
1760945196.2879024,0.9845652033022382,5.3,0.0698834494599419,-1.7135746657509336e-19,2.0664954780636024e-06,3.5140956878928348e-19,0.0174443244683698,1.029854609644864e-17,-0.0033510024337353,-6.329864099763074e-20,0.0948152770745475,-2.5559024730393542e-20,0.995494883579658,0.001,0.0,0.0
1760945196.2999804,0.9843867326342532,5.3,0.0698834708535991,3.7157438480691583e-19,1.990962691191926e-06,-6.348663025143536e-19,0.0175265941992327,1.0285105859063292e-17,-0.0033670032628824,-6.031541572542953e-20,0.0948152671645291,-2.3408969357612912e-20,0.9954948845235314,0.001,0.0,0.0
1760945196.3118372,0.9842074251159104,5.3,0.0698834905820161,-6.775897589317423e-19,1.9196577816403947e-06,1.2724905042456916e-18,0.0176087432222262,1.0271659069593829e-17,-0.0033829641985898,-6.632671460789986e-20,0.094815257609432,-2.738405206060827e-20,0.9954948854336004,0.001,0.0,0.0
1760945196.323717,0.984027282005977,5.3,0.0698835087944636,1.3509585893665893e-18,1.852367693178972e-06,-2.4155023444215975e-18,0.0176907714477424,1.0258285895118842e-17,-0.0033988867220011,-5.494650639580197e-20,0.0948152483892723,-1.9516224394950967e-20,0.9954948863117684,0.001,0.0,0.0
1760945196.3356416,0.983846304561327,5.3,0.0698835256268122,-2.5713475854875273e-18,1.788887199864041e-06,4.7152603846370034e-18,0.0177726788088643,1.0244791044484476e-17,-0.0034147721842531,-7.719286163361486e-20,0.0948152394850877,-3.4547229372512904e-20,0.9954948871598416,0.001,0.0,0.0
1760945196.3474731,0.9836644940369618,5.3,0.069883541202734,-2.2452646300707305e-18,1.7290189699080163e-06,1.6674180087932276e-18,0.0178544652593168,1.0231552555466081e-17,-0.0034306218181207,-8.443006757388403e-20,0.0948152308788981,-4.6513881423900624e-20,0.9954948879795322,0.001,0.0,0.0
1760945196.3595085,0.9834818516860284,5.3,0.0698835556347965,-5.474031939899692e-19,1.672573570198493e-06,1.8204324428849454e-18,0.0179361307716018,1.0218114998467057e-17,-0.0034464367486188,-9.3231495302038e-20,0.0948152225536664,-5.010276341323174e-20,0.9954948887724632,0.001,0.0,0.0
1760945196.3713932,0.9832983787598382,5.3,0.0698835690254584,2.614465428379869e-18,1.6193694239464402e-06,-1.9664437375840816e-18,0.0180176753352995,1.0204618765888677e-17,-0.0034622180026549,-8.468547956126771e-20,0.0948152144932591,-3.615955037874802e-20,0.9954948895401712,0.001,0.0,0.0
1760945196.3832767,0.9831140765078822,5.3,0.0698835814679764,1.5036704074057153e-19,1.5692327255841575e-06,-1.0023298715036833e-18,0.0180990989555233,1.0191325016867819e-17,-0.0034779665178176,-7.976717997738947e-20,0.094815206682408,-3.493413678416275e-20,0.99549489028411,0.001,0.0,0.0
1760945196.3951724,0.9829289461778462,5.3,0.0698835930472306,-8.653444040026277e-19,1.5219973225063728e-06,1.60547308921673e-18,0.0181804016515116,1.0177968369916652e-17,-0.0034936831503782,-8.73463756414716e-20,0.094815199106672,-4.0001595341352215e-20,0.9954948910056556,0.001,0.0,0.0
1760945196.4070592,0.982742989015624,5.3,0.069883603840476,1.7080059215673664e-18,1.477504567707664e-06,-3.06109842082562e-18,0.0182615834553476,1.0164753006916814e-17,-0.003509368682576,-7.292267738496571e-20,0.0948151917523993,-3.005096541068559e-20,0.995494891706108,0.001,0.0,0.0
1760945196.419018,0.9825562062653308,5.3,0.0698836139180264,-4.143617702427064e-18,1.435603148292601e-06,4.8502711968841395e-18,0.0183426444107922,1.0151494845569517e-17,-0.0035250238292506,-9.50951947956803e-20,0.0948151846066917,-5.297045042454203e-20,0.995494892386696,0.001,0.0,0.0
1760945196.4309871,0.9823685991693134,5.3,0.0698836233438775,2.465214595589414e-18,1.3961488961430658e-06,-5.024633872327149e-18,0.0184235845722226,1.0138399010375216e-17,-0.0035406492438814,-7.126045592759415e-20,0.0948151776573683,-3.8323166860687404e-20,0.9954948930485792,0.001,0.0,0.0
1760945196.442876,0.9821801689681624,5.3,0.0698836321762738,-1.78378704427154e-18,1.3590045844352626e-06,3.82718712804074e-18,0.0185044040036657,1.0125014770845988e-17,-0.0035562455240849,-8.945854260359139e-20,0.0948151708929313,-4.9012700855269953e-20,0.9954948936928528,0.001,0.0,0.0
1760945196.45477,0.9819909169007206,5.3,0.0698836404682246,-2.8890190592647214e-18,1.3240397097878013e-06,4.214604967194151e-18,0.0185851027779184,1.0111709011894944e-17,-0.0035718132166201,-1.0906682082584665e-19,0.0948151643025326,-6.538993393991404e-20,0.9954948943205504,0.001,0.0,0.0
1760945196.4665523,0.981800844204094,5.3,0.069883648267974,-2.492568894574684e-18,1.2911302719785353e-06,2.1096264845236677e-18,0.0186656809757464,1.0098565085371556e-17,-0.0035873528219466,-1.1838724169752738e-19,0.0948151578759413,-7.879717049860907e-20,0.9954948949326464,0.001,0.0,0.0
1760945196.4783542,0.981609952113658,5.3,0.0698836556194287,-9.588339378550788e-19,1.260158540789649e-06,-1.4937283588271433e-19,0.018746138685155,1.0085445914905677e-17,-0.0036028647983724,-1.1719069945061877e-19,0.0948151516035122,-8.350016686699393e-20,0.995494895530059,0.001,0.0,0.0
1760945196.4900734,0.9814182418630676,5.3,0.0698836625625474,3.504844385531532e-19,1.2310128243961445e-06,-6.093189037209259e-19,0.0188264760007258,1.0072262964510149e-17,-0.0036183495658316,-1.1432423227149525e-19,0.0948151454761565,-8.146775312651059e-20,0.9954948961136544,0.001,0.0,0.0
1760945196.5017743,0.981225714684263,5.3,0.0698836691336952,-6.434092545115075e-19,1.2035872355730773e-06,1.2274929183923291e-18,0.0189066930230117,1.0059051985002228e-17,-0.0036338075093237,-1.2012777787669514e-19,0.0948151394853122,-8.525139487788896e-20,0.9954948966842476,0.001,0.0,0.0
1760945196.513473,0.9810323718074768,5.3,0.0698836753659663,-2.105337851823108e-18,1.177781456048397e-06,3.3400091826989914e-18,0.0189867898579876,1.0045859135081216e-17,-0.0036492389820438,-1.3575307927345766e-19,0.0948151336229165,-9.731288589491065e-20,0.9954948972426072,0.001,0.0,0.0
1760945196.5252404,0.9808382144612412,5.3,0.0698836812894779,7.278334403625515e-19,1.1535005057601668e-06,-4.534154274680157e-19,0.0190667666165495,1.003269230654192e-17,-0.0036646443082328,-1.3384379098342753e-19,0.0948151278813797,-9.34774472360349e-20,0.9954948977894552,0.001,0.0,0.0
1760945196.537063,0.980643243872392,5.3,0.0698836869316375,-1.1408786893799073e-18,1.1306545117580673e-06,7.853493695441027e-19,0.0191466234140583,1.0019588659296934e-17,-0.0036800237857726,-1.372112271195532e-19,0.0948151222535593,-9.952703627897752e-20,0.9954948983254724,0.001,0.0,0.0
1760945196.5490334,0.9804474612660768,5.3,0.0698836923173863,1.186759062570047e-18,1.1091584804911193e-06,-2.115885782206419e-18,0.0192263603699255,1.0006557729324756e-17,-0.0036953776885482,-1.2724400176962326e-19,0.0948151167327358,-9.261876100279942e-20,0.9954948988512988,0.001,0.0,0.0
1760945196.5607684,0.9802508678657578,5.3,0.0698836974694208,1.6019654547781593e-18,1.0889320789253733e-06,-9.408068646341558e-19,0.0193059776072353,9.993412507076009e-18,-0.0037107062685982,-1.2331973315079522e-19,0.0948151113125896,-8.419922776713446e-20,0.9954948993675364,0.001,0.0,0.0
1760945196.5724952,0.9800534648932177,5.3,0.0698837024083945,1.4581446746890697e-18,1.069899416588933e-06,-3.3793593310605623e-18,0.0193854752524005,9.980497167933785e-18,-0.0037260097580727,-1.0719209441393652e-19,0.0948151059871788,-7.5339338001143e-20,0.9954948998747508,0.001,0.0,0.0
1760945196.5842035,0.9798552535685642,5.3,0.0698837071531018,4.597544272950995e-19,1.0519888343120611e-06,1.1189245248768356e-18,0.0194648534348502,9.967312311215484e-18,-0.0037412883710155,-1.1297628268516531e-19,0.0948151007509182,-7.358034887386027e-20,0.9954949003734742,0.001,0.0,0.0
1760945196.5959682,0.9796562351102344,5.3,0.0698837117206444,6.873127619577976e-19,1.0351327008568406e-06,-1.1651859631992458e-18,0.0195441122867445,9.954314163364456e-18,-0.003756542304987,-1.0750407092187312e-19,0.0948150955985594,-6.960721061816145e-20,0.9954949008642064,0.001,0.0,0.0
1760945196.6076279,0.9794564107349985,5.3,0.0698837161265843,-1.2501012471501313e-18,1.019267215003872e-06,2.3278124712748786e-18,0.0196232519427151,9.941210739080784e-18,-0.0037717717425408,-1.1849565311305793e-19,0.0948150905251713,-7.693146779728248e-20,0.9954949013474172,0.001,0.0,0.0
1760945196.6197596,0.9792557816579636,5.3,0.0698837203850816,-4.925070390688455e-19,1.0043322120757402e-06,1.7678398684538353e-18,0.0197022725396298,9.92807531638992e-18,-0.0037869768525686,-1.2706190278489768e-19,0.0948150855261225,-8.022157992157818e-20,0.9954949018235474,0.001,0.0,0.0
1760945196.6316292,0.979054349092578,5.3,0.069883724509021,1.6621663758449312e-18,9.902709816847151e-07,-2.9528391536660876e-18,0.0197811742163771,9.915163998562421e-18,-0.0038021577915245,-1.1315549999572074e-19,0.0948150805970637,-7.055021203673741e-20,0.9954949022930116,0.001,0.0,0.0
1760945196.6436453,0.978852114250634,5.3,0.069883728510126,-1.8210905254685561e-19,9.770300890252345e-07,-4.303819391086895e-19,0.0198599571136712,9.902258501297494e-18,-0.0038173147045384,-1.1092523691753965e-19,0.0948150757339117,-7.12511007769651e-20,0.9954949027561985,0.001,0.0,0.0
1760945196.6554408,0.9786490783422712,5.3,0.069883732399064,-2.4640274166856216e-19,9.645592037012664e-07,4.896409451432298e-19,0.0199386213738733,9.889257218277923e-18,-0.0038324477264316,-1.1324493665638827e-19,0.0948150709328337,-7.270958844511785e-20,0.995494903213473,0.001,0.0,0.0
1760945196.6673791,0.9784452425759804,5.3,0.0698837361855409,-3.329391791938856e-18,9.528109372032732e-07,4.1977840280278076e-18,0.0200171671408304,9.876256512877172e-18,-0.0038475569826393,-1.3255841951169902e-19,0.094815066190233,-9.126910774534751e-20,0.995494903665178,0.001,0.0,0.0
1760945196.679324,0.9782406081586053,5.3,0.0698837398783875,-1.408794157448213e-18,9.417406842375908e-07,2.86084651842214e-18,0.0200955945597273,9.863229828713498e-18,-0.0038626425900512,-1.46131173152981e-19,0.0948150615027346,-9.963907095739023e-20,0.9954949041116348,0.001,0.0,0.0
1760945196.691301,0.9780351762953464,5.3,0.0698837434856388,3.8616348688681496e-18,9.313064747789432e-07,-4.228324704236867e-18,0.0201739037769523,9.850319808705753e-18,-0.0038777046577772,-1.26920327437972e-19,0.0948150568671727,-7.841769006323119e-20,0.9954949045531448,0.001,0.0,0.0
1760945196.703184,0.9778289481897634,5.3,0.069883747014605,8.41912316799263e-19,9.214688297730192e-07,-1.6690821095371974e-18,0.0202520949399755,9.837531262822525e-18,-0.0038927432878432,-1.1900996760921526e-19,0.0948150522805779,-7.343343417356522e-20,0.9954949049899912,0.001,0.0,0.0
1760945196.7151012,0.977621925043778,5.3,0.0698837504719372,1.2376149347450753e-18,9.121906241031146e-07,-3.014863538529633e-18,0.0203301681972371,9.82480558426949e-18,-0.0039077585758256,-1.0459124756547484e-19,0.0948150477401655,-6.584436334104328e-20,0.9954949054224388,0.001,0.0,0.0
1760945196.7269735,0.977414108057676,5.3,0.0698837538636866,4.1358355835107384e-19,9.034369554094352e-07,-1.647667904037836e-19,0.0204081236980467,9.811902316786217e-18,-0.0039227506114282,-1.039651554312216e-19,0.0948150432433246,-6.370685378335858e-20,0.9954949058507364,0.001,0.0,0.0
1760945196.7390325,0.9772054984301104,5.3,0.0698837571953585,-3.189516679228281e-19,8.951750215887792e-07,6.399987371977927e-19,0.0204859615924904,9.799018599188829e-18,-0.0039377194790076,-1.0699897933538156e-19,0.0948150387876076,-6.559722917787575e-20,0.9954949062751172,0.001,0.0,0.0
1760945196.751099,0.9769960973581034,5.3,0.0698837604719616,6.753461012205121e-19,8.873740022839924e-07,-1.1759218020968774e-18,0.0205636820313478,9.786209348978669e-18,-0.003952665258051,-1.0146729624173911e-19,0.0948150343707204,-6.167909985724717e-20,0.9954949066957998,0.001,0.0,0.0
1760945196.7630603,0.976785906037049,5.3,0.0698837636980524,2.596718755438624e-18,8.800049444780007e-07,-2.7599553823844672e-18,0.0206412851660152,9.773393283078064e-18,-0.0039675880236117,-8.896176270371022e-20,0.0948150299905127,-4.744710779734883e-20,0.9954949071129888,0.001,0.0,0.0
1760945196.7749827,0.976574925660714,5.3,0.0698837668777766,-9.18533066351671e-19,8.730406586740791e-07,-4.3308322991000896e-19,0.0207187711484363,9.760696939497315e-18,-0.0039824878467053,-8.636917664510899e-20,0.0948150256449699,-5.181102081462059e-20,0.9954949075268762,0.001,0.0,0.0
1760945196.7870307,0.976363157421243,5.3,0.0698837700149053,1.0196534615300345e-19,8.664556153519903e-07,-1.714824523537099e-19,0.0207961401310388,9.747936307374112e-18,-0.0039973647946703,-8.556369509131374e-20,0.0948150213322043,-5.1222923122703117e-20,0.9954949079376416,0.001,0.0,0.0
1760945196.798813,0.9761506025091572,5.3,0.0698837731128696,-1.7631031206054058e-19,8.602258499497253e-07,3.673926771415288e-19,0.020873392266677,9.735154055689005e-18,-0.004012218931496,-8.730841289600755e-20,0.0948150170504474,-5.2274429946701965e-20,0.9954949083454536,0.001,0.0,0.0
1760945196.8107405,0.9759372621133586,5.3,0.0698837761747907,3.880394373302317e-19,8.543288724262118e-07,-6.58144575695229e-19,0.0209505277085795,9.722416324634072e-18,-0.0040270503181215,-8.421719731985934e-20,0.0948150127980428,-5.003145066037433e-20,0.9954949087504702,0.001,0.0,0.0
1760945196.822621,0.9757231374211316,5.3,0.069883779203508,-1.145411692313679e-18,8.48743578947273e-07,7.660897670274739e-19,0.0210275466103013,9.709725561638369e-18,-0.0040418590127074,-8.748642106390178e-20,0.0948150085734391,-5.609466047799576e-20,0.9954949091528388,0.001,0.0,0.0
1760945196.83459,0.9755082296181448,5.3,0.0698837822016045,-1.7942355285620527e-18,8.434501727751176e-07,4.1063694331124856e-18,0.0211044491256807,9.696734002987674e-18,-0.0040566450708833,-1.0707272457011656e-19,0.0948150043751834,-6.697142744070652e-20,0.9954949095526978,0.001,0.0,0.0
1760945196.846354,0.9752925398884528,5.3,0.0698837851714302,-2.6601782121348227e-18,8.38430084745925e-07,3.8068004172053296e-18,0.0211812354087996,9.683884623033684e-18,-0.0040714085459732,-1.247601351156523e-19,0.0948150002019152,-8.201646207508008e-20,0.995494909950177,0.001,0.0,0.0
1760945196.8582327,0.9750760694144988,5.3,0.0698837881151228,9.222578627343034e-19,8.3366590225263e-07,-2.18502504109301e-18,0.0212579056139476,9.671290008924168e-18,-0.0040861494891999,-1.1432567768902953e-19,0.0948149960523608,-7.639318135610444e-20,0.9954949103453976,0.001,0.0,0.0
1760945196.8700807,0.9748588193771156,5.3,0.0698837910346269,1.2291868270105794e-18,8.291412982612827e-07,-1.641267062913626e-18,0.0213344598955894,9.658649752917616e-18,-0.0041008679498727,-1.0673860941536591e-19,0.0948149919253277,-6.949705022287754e-20,0.995494910738473,0.001,0.0,0.0
1760945196.8819923,0.974640790955528,5.3,0.0698837939317115,-2.3329646502138068e-18,8.24840969138061e-07,2.940314780807253e-18,0.021410898408335,9.645900205040873e-18,-0.0041155639755556,-1.2026476929412345e-19,0.0948149878196996,-8.250025323988292e-20,0.9954949111295096,0.001,0.0,0.0
1760945196.893896,0.9744219853273548,5.3,0.0698837968079862,1.023608682203426e-18,8.207505694595039e-07,-1.1203745746185533e-18,0.0214872213069125,9.633285925940765e-18,-0.0041302376122232,-1.151762038329807e-19,0.0948149837344314,-7.687689911238247e-20,0.9954949115186073,0.001,0.0,0.0
1760945196.9057803,0.97420240366861,5.3,0.069883799664915,-1.3745554599521894e-18,8.168566567042237e-07,2.5656822032850642e-18,0.0215634287461435,9.620462203741744e-18,-0.0041448889044007,-1.2729258758900622e-19,0.0948149796685453,-8.493298367408468e-20,0.9954949119058588,0.001,0.0,0.0
1760945196.9176452,0.9739820471537058,5.3,0.0698838025038297,-6.853322720745982e-19,8.131466346485828e-07,7.564284405690706e-19,0.0216395208809207,9.607813215660585e-18,-0.004159517895292,-1.3073410667938726e-19,0.0948149756211258,-8.870345454151674e-20,0.9954949122913512,0.001,0.0,0.0
1760945196.9295423,0.9737609169554524,5.3,0.0698838053259422,9.449564221889601e-19,8.096087048464214e-07,-1.6681699013886077e-18,0.0217154978661875,9.595259886290769e-18,-0.0041741246268959,-1.2288052796453948e-19,0.0948149715913164,-8.321052581344632e-20,0.9954949126751668,0.001,0.0,0.0
1760945196.9418488,0.973539014245062,5.3,0.0698838081323548,-2.6605759188801933e-18,8.062318136456408e-07,2.1679709607057323e-18,0.0217913598569194,9.582717724353028e-18,-0.0041887091401126,-1.3240759608179841e-19,0.0948149675783154,-9.747826738313736e-20,0.9954949130573812,0.001,0.0,0.0
1760945196.953754,0.9733163401921484,5.3,0.0698838109240704,4.971941620609595e-19,8.030056097131529e-07,1.2944244299308778e-18,0.0218671070081069,9.569909932262295e-18,-0.0042032714748397,-1.3908670789945134e-19,0.094814963581373,-9.561959974098112e-20,0.9954949134380664,0.001,0.0,0.0
1760945196.9656377,0.9730928959647304,5.3,0.0698838137020015,8.108881285716354e-19,7.999203983977597e-07,-1.380344875067257e-18,0.0219427394747405,9.557412363819754e-18,-0.00421781167006,-1.3260249449371388e-19,0.0948149595997873,-9.092947646953811e-20,0.9954949138172886,0.001,0.0,0.0
1760945196.9774432,0.9728686827292332,5.3,0.0698838164669783,1.484600230780129e-18,7.96967104622688e-07,-3.4559243797822733e-18,0.0220182574117961,9.54509754521034e-18,-0.0042323297639219,-1.1610605529188638e-19,0.0948149556329015,-8.190221371757948e-20,0.9954949141951108,0.001,0.0,0.0
1760945196.9893367,0.9726437016504892,5.3,0.0698838192197563,3.864492777215714e-19,7.941372303685071e-07,1.2525654273187162e-18,0.022093660974223,9.53240729423438e-18,-0.0042468257938112,-1.225203719753523e-19,0.0948149516801015,-8.057130638110894e-20,0.9954949145715914,0.001,0.0,0.0
1760945197.0011363,0.9724179538917403,5.3,0.0698838219610228,8.292774316951198e-19,7.914228221250168e-07,-1.4224359723399486e-18,0.0221689503169316,9.51994776956713e-18,-0.004261299796418,-1.1583536998718218e-19,0.0948149477408124,-7.576978788611634e-20,0.9954949149467852,0.001,0.0,0.0
1760945197.0127916,0.97219144061464,5.3,0.0698838246914032,1.883912884409328e-18,7.888164360745106e-07,-2.8233306229868182e-18,0.0222441255947832,9.507594233565732e-18,-0.0042757518077963,-1.026764100488159e-19,0.0948149438144967,-6.505508665932725e-20,0.9954949153207434,0.001,0.0,0.0
1760945197.0244544,0.9719641629792544,5.3,0.0698838274114669,-8.511722671943179e-19,7.863111038159363e-07,9.17681981381877e-19,0.0223191869625804,9.495088844856783e-18,-0.0042901818634193,-1.068379789950704e-19,0.0948149399006513,-6.972449160286431e-20,0.9954949156935136,0.001,0.0,0.0
1760945197.0362787,0.9717361221440642,5.3,0.0698838301217318,1.154231511957423e-18,7.839003072386622e-07,-2.057484217624992e-18,0.0223941345750581,9.482750279889732e-18,-0.0043045899982288,-9.714621402257689e-20,0.0948149359988056,-6.300567002708633e-20,0.9954949160651412,0.001,0.0,0.0
1760945197.0481899,0.971507319265966,5.3,0.0698838328226695,-3.0735184863423056e-18,7.81577945960817e-07,2.9120283974739413e-18,0.0224689685868758,9.470270285349864e-18,-0.0043189762466806,-1.1018019467014996e-19,0.0948149321085195,-7.968095981981181e-20,0.9954949164356676,0.001,0.0,0.0
1760945197.060099,0.9712777555002746,5.3,0.0698838355147092,8.459263874332741e-19,7.793383135505213e-07,-7.097425718365955e-19,0.0225436891526103,9.457822169475192e-18,-0.0043333406427857,-1.0705098499813648e-19,0.0948149282293811,-7.513715154075089e-20,0.9954949168051324,0.001,0.0,0.0
1760945197.0720732,0.9710474320007244,5.3,0.0698838381982418,-9.612315896287461e-19,7.771760712024202e-07,1.8141041226231705e-18,0.0226182964267488,9.445245841627541e-18,-0.0043476832201485,-1.1562314835744454e-19,0.0948149243610053,-8.078011393144256e-20,0.995494917173572,0.001,0.0,0.0
1760945197.0840163,0.9708163499194702,5.3,0.0698838408736229,-1.0420908860252917e-18,7.750862260475347e-07,2.7670474097915263e-18,0.0226927905636835,9.432593202088557e-18,-0.0043620040119997,-1.289013017039482e-19,0.0948149205030317,-8.727873758194541e-20,0.9954949175410208,0.001,0.0,0.0
1760945197.0959015,0.9705845104070904,5.3,0.0698838435411765,-1.1259470836263662e-18,7.730641083673117e-07,2.0663606243299532e-19,0.0227671717177056,9.420299262312464e-18,-0.0043763030512284,-1.293980093364195e-19,0.0948149166551232,-9.298117668129264e-20,0.995494917907511,0.001,0.0,0.0
1760945197.1077623,0.9703519146125869,5.3,0.0698838462011979,7.15624168866234e-19,7.711053510490268e-07,-1.2715456424248521e-18,0.0228414400430003,9.407973750805402e-18,-0.0043905803704098,-1.2340918936791414e-19,0.0948149128169644,-8.881788731645204e-20,0.9954949182730726,0.001,0.0,0.0
1760945197.119644,0.9701185636833884,5.3,0.0698838488539557,1.6169800285525654e-18,7.692058701516383e-07,-3.698988950323676e-18,0.0229155956936429,9.395866581761017e-18,-0.004404836001831,-1.057659385072314e-19,0.0948149089882603,-7.901669268599924e-20,0.9954949186377337,0.001,0.0,0.0
1760945197.1315255,0.969884458765351,5.3,0.0698838514996949,-3.7217561955820266e-18,7.673618469348933e-07,6.8106561626553974e-18,0.0229896388235938,9.383050053995919e-18,-0.0044190699775149,-1.378937146342287e-19,0.0948149051687348,-1.0076552499275726e-19,0.9954949190015204,0.001,0.0,0.0
1760945197.1433966,0.96964960100276,5.3,0.0698838541386387,-2.537913316947355e-18,7.655697121624672e-07,4.3974679857932585e-18,0.0230635695866957,9.370395659523089e-18,-0.0044332823292404,-1.5858061759554305e-19,0.0948149013581296,-1.1548372485441634e-19,0.9954949193644578,0.001,0.0,0.0
1760945197.1552544,0.9694139915383312,5.3,0.0698838567709906,2.2237939638994592e-18,7.638261278515464e-07,-1.8022026613888813e-18,0.0231373881366691,9.358038969226086e-18,-0.0044474730885631,-1.5066888089669205e-19,0.0948148975562031,-1.0356458555486654e-19,0.9954949197265685,0.001,0.0,0.0
1760945197.1671865,0.9691776315132136,5.3,0.069883859396936,4.725818475400988e-19,7.621279739403645e-07,-1.5784585222315958e-18,0.0232110946271103,9.345864122988548e-18,-0.0044616422868314,-1.4303613752911006e-19,0.0948148937627292,-1.0046266091257092e-19,0.995494920087874,0.001,0.0,0.0
1760945197.1790452,0.9689405220669894,5.3,0.0698838620166443,-1.4763686196010292e-18,7.60472335522676e-07,2.7346787124968413e-18,0.0232846892114877,9.333373154466149e-18,-0.0044757899552041,-1.5594482850493557e-19,0.0948148899774961,-1.0910586801286537e-19,0.9954949204483944,0.001,0.0,0.0
1760945197.1909487,0.9687026643376776,5.3,0.0698838646302698,-5.742558124985064e-20,7.588564863128831e-07,9.848691622036994e-19,0.0233581720431397,9.320953348893645e-18,-0.0044899161246637,-1.6082101628678392e-19,0.094814886200306,-1.0985981956428392e-19,0.9954949208081492,0.001,0.0,0.0
1760945197.2029157,0.9684640594617336,5.3,0.0698838672379534,-2.1357748704502046e-18,7.57277879692767e-07,4.777906784576885e-18,0.0234315432752722,9.308286512875744e-18,-0.00450402082603,-1.8358761824713652e-19,0.0948148824309734,-1.2275377539858665e-19,0.9954949211671552,0.001,0.0,0.0
1760945197.2148943,0.968224708574052,5.3,0.0698838698398239,2.336523818807938e-18,7.55734134673734e-07,-1.9873198780501788e-18,0.0235048030609564,9.296068600842968e-18,-0.0045181040899725,-1.7480838220251609e-19,0.0948148786693247,-1.1018559554136e-19,0.9954949215254296,0.001,0.0,0.0
1760945197.2267563,0.9679846128079684,5.3,0.0698838724359987,2.710740283939378e-19,7.542230276799375e-07,-1.2093275806737016e-18,0.023577951553127,9.28397403245211e-18,-0.0045321659470213,-1.689170347036329e-19,0.0948148749151976,-1.0826136151003343e-19,0.9954949218829876,0.001,0.0,0.0
1760945197.2386951,0.96774377329526,5.3,0.0698838750265854,-1.0840741780893236e-18,7.527424800404325e-07,2.0240130067066728e-18,0.0236509889045805,9.271597224999994e-18,-0.0045462064275764,-1.784751608629171e-19,0.0948148711684398,-1.1461555627850669e-19,0.9954949222398436,0.001,0.0,0.0
1760945197.2505076,0.9675021911661476,5.3,0.0698838776116821,2.151433456316005e-18,7.512905503867579e-07,-3.8461995503780154e-18,0.023723915267973,9.259667639702089e-18,-0.0045602255619176,-1.6035507267688477e-19,0.0948148674289091,-1.0208641625439052e-19,0.9954949225960114,0.001,0.0,0.0
1760945197.2625694,0.9672598675492976,5.3,0.0698838801913789,-1.1285838730173132e-18,7.498654238651361e-07,1.2991082557709124e-18,0.0237967307958197,9.247378814459716e-18,-0.0045742233802121,-1.6628255752863887e-19,0.0948148636964718,-1.0831686149261444e-19,0.9954949229515032,0.001,0.0,0.0
1760945197.274413,0.9670168035718236,5.3,0.0698838827657579,-1.3725246242271737e-18,7.484654066610958e-07,3.3638434802480613e-18,0.0238694356404928,9.234893744459076e-18,-0.0045881999125226,-1.8237373134804128e-19,0.0948148599710032,-1.1674293510909496e-19,0.9954949233063316,0.001,0.0,0.0
1760945197.286379,0.9667730003592868,5.3,0.0698838853348948,-4.88685505111692e-19,7.470889145870367e-07,-9.4312314499667e-19,0.0239420299542204,9.222876352909461e-18,-0.0046021551888133,-1.7745099427009445e-19,0.094814856252386,-1.187292613255803e-19,0.9954949236605074,0.001,0.0,0.0
1760945197.298146,0.9665284590356998,5.3,0.0698838878988586,-5.072987946933113e-19,7.457344692788545e-07,9.607020795675313e-19,0.0240145138890856,9.210628662498758e-18,-0.0046160892389572,-1.8199088446108217e-19,0.0948148525405106,-1.2170961624095065e-19,0.995494924014041,0.001,0.0,0.0
1760945197.3100874,0.966283180723526,5.3,0.069883890457713,1.0252732263784613e-18,7.444006892601559e-07,-1.796408399923982e-18,0.0240868875970255,9.198640265181006e-18,-0.0046300020927407,-1.7353740452088357e-19,0.094814848835274,-1.157561160888404e-19,0.9954949243669424,0.001,0.0,0.0
1760945197.3221653,0.9660371665436824,5.3,0.0698838930115161,1.0508067193589908e-18,7.430862847099656e-07,-2.6603283257931288e-18,0.0241591512298299,9.186806056380853e-18,-0.0046438937798695,-1.6079451567902556e-19,0.0948148451365798,-1.0926463713613625e-19,0.9954949247192204,0.001,0.0,0.0
1760945197.334205,0.9657904176155412,5.3,0.0698838955603217,7.896171983379544e-19,7.417900503368219e-07,-8.364677824134765e-19,0.0242313049391412,9.174716208283081e-18,-0.0046577643299723,-1.5700394548927904e-19,0.0948148414443376,-1.0493746011445437e-19,0.995494925070884,0.001,0.0,0.0
1760945197.3461108,0.9655429350569305,5.3,0.0698838981041792,-1.0338245701086072e-18,7.405108609040639e-07,1.9515346618718242e-18,0.0243033488764526,9.162456678624749e-18,-0.004671613772606,-1.6622549484796924e-19,0.0948148377584626,-1.1100683174108104e-19,0.9954949254219412,0.001,0.0,0.0
1760945197.357972,0.9652947199841369,5.3,0.069883900643134,-1.338444539803659e-18,7.392476653903521e-07,1.9514037082403553e-18,0.0243752831931083,9.150253906612266e-18,-0.0046854421372593,-1.7530405783279765e-19,0.0948148340788751,-1.1859376945982328e-19,0.9954949257723996,0.001,0.0,0.0
1760945197.3698983,0.9650457735119063,5.3,0.0698839031772282,2.2149821924345398e-18,7.379994829283141e-07,-3.969432727628254e-18,0.0244471080403025,9.138487861176077e-18,-0.004699249453356,-1.5660077426824882e-19,0.0948148304055004,-1.0569018320018611e-19,0.9954949261222662,0.001,0.0,0.0
1760945197.38186,0.9647960967534472,5.3,0.0698839057065005,3.0357053467436193e-18,7.367653965216076e-07,-2.998319268209604e-18,0.0245188235690787,9.126510059939141e-18,-0.0047130357502581,-1.4311503889252488e-19,0.0948148267382684,-8.915919902279526e-20,0.9954949264715478,0.001,0.0,0.0
1760945197.3938448,0.9645456908204292,5.3,0.069883908230987,-4.3076556031212323e-19,7.355445511893036e-07,1.4275780329405773e-18,0.0245904299303294,9.114304995654825e-18,-0.0047268010572692,-1.5001331632455044e-19,0.0948148230771131,-9.197704117891678e-20,0.9954949268202504,0.001,0.0,0.0
1760945197.405795,0.9642945568229871,5.3,0.0698839107507208,1.8030467844481913e-18,7.343361476550864e-07,-1.84725863413604e-18,0.0246619272747957,9.102337485384288e-18,-0.0047405454036362,-1.4167582680605797e-19,0.0948148194219726,-8.2128687980339e-20,0.9954949271683804,0.001,0.0,0.0
1760945197.4177039,0.9640426958697228,5.3,0.0698839132657328,-3.214044596541028e-18,7.33139440004372e-07,3.1947562654091667e-18,0.0247333157530664,9.09027744429957e-18,-0.0047542688185529,-1.5605032413231993e-19,0.0948148157727887,-9.963671055063232e-20,0.9954949275159428,0.001,0.0,0.0
1760945197.42953,0.9637901090677043,5.3,0.0698839157760518,1.5831254036469465e-18,7.319537320422538e-07,-6.8039209029703055e-19,0.0248045955155782,9.078141077786025e-18,-0.004767971331161,-1.5341693238680856e-19,0.0948148121295066,-9.143828073918692e-20,0.9954949278629432,0.001,0.0,0.0
1760945197.441439,0.96353679752247,5.3,0.0698839182817045,2.1184090974898713e-18,7.307783735966449e-07,-3.212720525367201e-18,0.0248757667126147,9.06636762451896e-18,-0.0047816529705529,-1.3843194565809112e-19,0.0948148084920749,-7.937150348270867e-20,0.9954949282093865,0.001,0.0,0.0
1760945197.4533143,0.9632827623380285,5.3,0.0698839207827158,-6.073140187428859e-19,7.29612757250644e-07,3.5238174920744535e-19,0.0249468294943066,9.054452018878433e-18,-0.0047953137657732,-1.3989536855821976e-19,0.0948148048604449,-8.25590140906412e-20,0.9954949285552768,0.001,0.0,0.0
1760945197.465212,0.9630280046168608,5.3,0.0698839232791092,5.836238376759786e-19,7.284563169533283e-07,-1.0182995874291056e-18,0.0250177840106312,9.042564872883752e-18,-0.0048089537458205,-1.351044913260701e-19,0.0948148012345712,-7.917234267573531e-20,0.9954949289006192,0.001,0.0,0.0
1760945197.4771004,0.9627725254599224,5.3,0.0698839257709064,1.882089923244924e-18,7.27308523108037e-07,-4.184469176413467e-18,0.025088630411412,9.031045097854005e-18,-0.0048225729396483,-1.1517106892148968e-19,0.0948147976144105,-6.782181327789229e-20,0.9954949292454172,0.001,0.0,0.0
1760945197.4889786,0.9625163259666444,5.3,0.0698839282581281,-8.299420368660031e-19,7.261688830571034e-07,2.095204791171034e-18,0.0251593688463186,9.01888799736358e-18,-0.0048361713761672,-1.2520165069222292e-19,0.0948147939999224,-7.294349370424722e-20,0.9954949295896752,0.001,0.0,0.0
1760945197.5008254,0.9622594072349346,5.3,0.0698839307407934,-1.3235783783089672e-18,7.250369348425025e-07,1.919992550634245e-18,0.0252299994648666,9.006835176112766e-18,-0.0048497490842451,-1.3413106744785647e-19,0.0948147903910686,-8.04414052122289e-20,0.9954949299333964,0.001,0.0,0.0
1760945197.5126796,0.9620017703611804,5.3,0.0698839332189206,2.6228856373426826e-18,7.239122479278292e-07,-3.359928766680188e-18,0.025300522416417,8.995152209459044e-18,-0.0048633060927095,-1.1865446105247753e-19,0.0948147867878128,-6.579673959608644e-20,0.9954949302765844,0.001,0.0,0.0
1760945197.5246704,0.9617434164402494,5.3,0.0698839356925269,-1.4099157493196322e-18,7.227944222882252e-07,4.555783112683764e-19,0.0253709378501762,8.983378479391366e-18,-0.0048768424303475,-1.202509373315543e-19,0.094814783190121,-7.302703004789438e-20,0.9954949306192424,0.001,0.0,0.0
1760945197.5365603,0.9614843465654908,5.3,0.0698839381616285,-2.3583796969065056e-18,7.216830818576166e-07,3.759703330491693e-18,0.0254412459151961,8.9711900661287e-18,-0.0048903581259071,-1.3784415519860125e-19,0.0948147795979608,-8.654717068176123e-20,0.9954949309613738,0.001,0.0,0.0
1760945197.5484228,0.9612245618287376,5.3,0.0698839406262411,-2.6677481436878936e-18,7.20577877145557e-07,3.803411519273556e-18,0.0255114467603734,8.959050158928642e-18,-0.0049038532080985,-1.5551082341206571e-19,0.0948147760113018,-1.016286642234356e-19,0.995494931302981,0.001,0.0,0.0
1760945197.5602267,0.9609640633203084,5.3,0.0698839430863792,-2.926839197690108e-18,7.194784817940808e-07,2.9074384311604095e-18,0.0255815405344499,8.947127438132334e-18,-0.004917327705594,-1.6859572142435685e-19,0.094814772430115,-1.1757511689719363e-19,0.995494931644067,0.001,0.0,0.0
1760945197.5721116,0.960702852129008,5.3,0.0698839455420569,-3.518898941671168e-18,7.183845906481914e-07,3.967733513158245e-18,0.0256515273860122,8.935130661399367e-18,-0.0049307816470292,-1.8667599095717736e-19,0.0948147688543731,-1.3697077457997486e-19,0.9954949319846343,0.001,0.0,0.0
1760945197.5850005,0.96044092934213,5.3,0.0698839479932877,2.349518238669228e-18,7.172959196008634e-07,-2.0597665349766452e-18,0.0257214074634915,8.923313373464019e-18,-0.0049442150610033,-1.775418048982284e-19,0.0948147652840499,-1.2430479007749295e-19,0.9954949323246858,0.001,0.0,0.0
1760945197.5968332,0.9601782960454576,5.3,0.0698839504400843,1.0932082780885765e-18,7.16212202874809e-07,2.534334346880397e-20,0.0257911809151638,8.911373138574443e-18,-0.00495762797608,-1.781846305326043e-19,0.094814761719121,-1.188742337670528e-19,0.9954949326642232,0.001,0.0,0.0
1760945197.6086524,0.9599149533232664,5.3,0.0698839528824592,-4.885545232165376e-19,7.151331930723626e-07,9.856695340820185e-19,0.0258608478891493,8.899479690788459e-18,-0.0049710204207881,-1.82858513632168e-19,0.0948147581595628,-1.2177194452045997e-19,0.9954949330032492,0.001,0.0,0.0
1760945197.6204376,0.959650902258324,5.3,0.0698839553204243,1.0360320354593958e-18,7.140586582747262e-07,-1.815955421480731e-18,0.0259304085334127,8.88787473570879e-18,-0.0049843924236216,-1.7431293904389998e-19,0.094814754605353,-1.1575565979491054e-19,0.995494933341766,0.001,0.0,0.0
1760945197.6322262,0.959386143931894,5.3,0.069883957753991,-1.934697968663034e-18,7.129883834587526e-07,3.584289229712547e-18,0.025999862995763,8.87578755082075e-18,-0.0049977440130402,-1.9123233046332752e-19,0.0948147510564705,-1.2708198238941834e-19,0.995494933679775,0.001,0.0,0.0
1760945197.6440055,0.959120679423735,5.3,0.0698839601831703,-3.450944497800019e-18,7.119221665555821e-07,3.885934360552603e-18,0.0260692114238535,8.86380337008448e-18,-0.0050110752174699,-2.089383486456285e-19,0.0948147475128951,-1.460999342621617e-19,0.9954949340172786,0.001,0.0,0.0
1760945197.655673,0.9588545098121048,5.3,0.0698839626079732,-1.155298980517617e-18,7.108598200404526e-07,3.770043619418664e-18,0.0261384539651815,8.851648323746497e-18,-0.0050243860653029,-2.2715586295848163e-19,0.0948147439746075,-1.5363952623441861e-19,0.9954949343542788,0.001,0.0,0.0
1760945197.6674259,0.9585876361737602,5.3,0.0698839650284099,-3.230320001505624e-18,7.09801168710631e-07,4.8819851097977895e-18,0.0262075907670884,8.83956508123102e-18,-0.0050376765848987,-2.499236635610599e-19,0.0948147404415893,-1.7203100264020431e-19,0.9954949346907768,0.001,0.0,0.0
1760945197.6792128,0.958320059583959,5.3,0.0698839674444907,-1.7904446151622633e-18,7.087460480706881e-07,8.63885375531448e-19,0.0262766219767598,8.827940716984273e-18,-0.0050509468045837,-2.533779744755859e-19,0.0948147369138229,-1.8135389916713737e-19,0.9954949350267748,0.001,0.0,0.0
1760945197.6912465,0.958051781116462,5.3,0.0698839698562254,1.5647343418080912e-18,7.076943057311565e-07,-2.7975970887266137e-18,0.0263455477412251,8.816575929894961e-18,-0.0050641967526514,-2.4019751042230745e-19,0.0948147333912916,-1.722421991892139e-19,0.995494935362274,0.001,0.0,0.0
1760945197.70354,0.9577828018435344,5.3,0.0698839722636237,4.383582438027117e-19,7.066457992592375e-07,-1.6626002582070078e-19,0.0264143682073578,8.804905837110728e-18,-0.0050774264573633,-2.395757189545755e-19,0.0948147298739792,-1.6998035652095781e-19,0.9954949356972764,0.001,0.0,0.0
1760945197.7156327,0.9575131228359468,5.3,0.069883974666695,-3.255569233700411e-19,7.056003951863513e-07,6.835926729075065e-19,0.0264830835218751,8.793174144264516e-18,-0.0050906359469484,-2.4282331563636108e-19,0.0948147263618702,-1.719241974868509e-19,0.995494936031783,0.001,0.0,0.0
1760945197.727808,0.9572427451629778,5.3,0.0698839770654486,7.196579161228603e-19,7.045579695420329e-07,-1.2250739178722621e-18,0.0265516938313382,8.781668751597113e-18,-0.0051038252496043,-2.3706817951901098e-19,0.0948147228549499,-1.6776233564967804e-19,0.9954949363657954,0.001,0.0,0.0
1760945197.7399504,0.9569716698924152,5.3,0.0698839794598935,-1.3073083334340741e-18,7.035184057653604e-07,2.4597385836129456e-18,0.026620199282152,8.769830620582767e-18,-0.0051169943934959,-2.4868885640718947e-19,0.094814719353204,-1.7543359162989988e-19,0.995494936699315,0.001,0.0,0.0
1760945197.7520328,0.9566998980905568,5.3,0.0698839818500386,-7.9726628193333095e-19,7.02481596158532e-07,9.867833189410545e-19,0.0266886000205654,8.758170457638135e-18,-0.0051301434067574,-2.5322373907596583e-19,0.0948147158566188,-1.7987028890268896e-19,0.995494937032343,0.001,0.0,0.0
1760945197.7640493,0.9564274308222138,5.3,0.0698839842358928,-2.662043409267363e-18,7.014474397750952e-07,3.0071606331984398e-18,0.0267568961926707,8.746416978414779e-18,-0.0051432723174908,-2.6692829669195623e-19,0.0948147123651811,-1.9454447689604696e-19,0.9954949373648808,0.001,0.0,0.0
1760945197.7762325,0.95615426915071,5.3,0.0698839866174645,2.8946149555508104e-19,7.004158421796422e-07,-1.0135781297313349e-18,0.0268250879444043,8.735003438525865e-18,-0.0051563811537671,-2.6202351413249124e-19,0.0948147088788782,-1.9262587883588952e-19,0.9954949376969296,0.001,0.0,0.0
1760945197.788536,0.955880414137886,5.3,0.0698839889947624,-9.308698283432332e-19,6.993867154682395e-07,1.773857159070699e-18,0.026893175421546,8.723300711640701e-18,-0.0051694699436259,-2.7040935271312907e-19,0.0948147053976976,-1.980989807677774e-19,0.9954949380284904,0.001,0.0,0.0
1760945197.8006098,0.9556058668440982,5.3,0.0698839913677949,1.882921500446448e-18,6.983599768094408e-07,-3.33279420792516e-18,0.0269611587697197,8.712089289595894e-18,-0.0051825387150758,-2.5471705404598224e-19,0.0948147019216277,-1.87149490622646e-19,0.9954949383595644,0.001,0.0,0.0
1760945197.8128107,0.9553306283282228,5.3,0.0698839937365701,-1.409511133055065e-19,6.973355504289934e-07,8.922915415215687e-19,0.0270290381343925,8.700433443999288e-18,-0.0051955874960942,-2.5908828897695364e-19,0.0948146984506568,-1.8827211354551642e-19,0.9954949386901528,0.001,0.0,0.0
1760945197.825002,0.9550546996476552,5.3,0.0698839961010964,-2.1652925121643586e-18,6.96313364089774e-07,4.850908277422037e-18,0.0270968136608755,8.688356451711839e-18,-0.0052086163146275,-2.822039644959253e-19,0.0948146949847738,-2.0134752073265372e-19,0.9954949390202568,0.001,0.0,0.0
1760945197.8391707,0.954778081858314,5.3,0.0698839984613817,1.970319547392192e-18,6.952933508463039e-07,-2.6616197795023002e-18,0.0271644854943234,8.677112921920715e-18,-0.0052216251985917,-2.698957207012841e-19,0.0948146915239679,-1.90282458572238e-19,0.9954949393498768,0.001,0.0,0.0
1760945197.8571723,0.9545007760146398,5.3,0.0698840008174343,3.545202485796687e-19,6.942754480062317e-07,5.346402994433836e-21,0.0272320537797343,8.665596564984277e-18,-0.0052346141758715,-2.7008833189529373e-19,0.0948146880682286,-1.885188635951043e-19,0.9954949396790144,0.001,0.0,0.0
1760945197.8751764,0.9542227831695992,5.3,0.069884003169262,3.7032418156858434e-18,6.932595989306279e-07,-4.725695727432974e-18,0.0272995186619504,8.654481725934139e-18,-0.005247583274321,-2.483255324661938e-19,0.0948146846175457,-1.6784886788923272e-19,0.9954949400076704,0.001,0.0,0.0
1760945197.8932073,0.9539441043746854,5.3,0.0698840055168727,3.9526596053575503e-19,6.922457475699947e-07,-2.238686570233388e-18,0.027366880285657,8.643353894356243e-18,-0.0052605325217638,-2.3736812344644653e-19,0.0948146811719091,-1.6481724826472028e-19,0.9954949403358458,0.001,0.0,0.0
1760945197.911084,0.953664740679919,5.3,0.0698840078602743,1.001273888232358e-18,6.912338432013386e-07,-2.58098478816538e-18,0.0274341387953833,8.63218732270304e-18,-0.0052734619459927,-2.249962609145113e-19,0.0948146777313093,-1.5861040133302576e-19,0.9954949406635416,0.001,0.0,0.0
1760945197.923331,0.9533846931338514,5.3,0.0698840101994745,4.373122776115235e-19,6.902238391492315e-07,-1.545642157925334e-18,0.0275012943355023,8.620958895997856e-18,-0.0052863715747702,-2.1750937707769616e-19,0.0948146742957368,-1.557003998954858e-19,0.9954949409907584,0.001,0.0,0.0
1760945197.9357932,0.9531039627835648,5.3,0.0698840125344812,1.5349792737227157e-18,6.892156905674687e-07,-3.5428091015283525e-18,0.0275683470502302,8.609971583637679e-18,-0.0052992614358281,-2.0060438745421968e-19,0.0948146708651823,-1.4638159188729314e-19,0.9954949413174972,0.001,0.0,0.0
1760945197.947764,0.9528225506746748,5.3,0.069884014865302,-5.881472797422838e-19,6.882093558702649e-07,3.1521505828014707e-19,0.0276352970836271,8.598564277676004e-18,-0.0053121315568678,-2.0189152306524631e-19,0.0948146674396368,-1.4945647137444008e-19,0.995494941643759,0.001,0.0,0.0
1760945197.9597943,0.9525404578513316,5.3,0.0698840171919445,5.48751882830459e-19,6.872047968373274e-07,-9.355479959819747e-19,0.0277021445795966,8.587266491402768e-18,-0.0053249819655601,-1.9749594902126857e-19,0.0948146640190915,-1.462825939228412e-19,0.9954949419695446,0.001,0.0,0.0
1760945197.9717925,0.9522576853562212,5.3,0.0698840195144163,-1.8811294338100605e-18,6.862019769677279e-07,7.675440063703265e-19,0.0277688896818862,8.575929605028352e-18,-0.0053378126895454,-2.0042337874448285e-19,0.0948146606035377,-1.5600761515184685e-19,0.9954949422948548,0.001,0.0,0.0
1760945197.9836955,0.9519742342305676,5.3,0.0698840218327251,1.5290476034222616e-18,6.852008629484434e-07,-2.746188476174964e-18,0.0278355325340865,8.564882291699076e-18,-0.0053506237564343,-1.8748181524334588e-19,0.0948146571929669,-1.4709800890529082e-19,0.9954949426196902,0.001,0.0,0.0
1760945197.9955328,0.9516901055141344,5.3,0.0698840241468783,4.947624125940288e-19,6.842014222116337e-07,-2.7842138085065023e-19,0.0279020732796322,8.553494750390436e-18,-0.0053634151938063,-1.86328574913855e-19,0.0948146537873708,-1.4450230829647964e-19,0.995494942944052,0.001,0.0,0.0
1760945198.0073996,0.951405300245226,5.3,0.0698840264568835,-4.442187896021326e-19,6.832036259620815e-07,8.897733588620554e-19,0.0279685120618015,8.542028704654636e-18,-0.0053761870292112,-1.9054591413763197e-19,0.0948146503867412,-1.4713434345492554e-19,0.9954949432679404,0.001,0.0,0.0
1760945198.0192623,0.951119819460689,5.3,0.0698840287627482,-2.312382829909088e-18,6.822074462550285e-07,3.7164435821074935e-18,0.0280348490237161,8.530302219202834e-18,-0.0053889392901682,-2.079459810911805e-19,0.09481464699107,-1.6040426198884296e-19,0.9954949435913568,0.001,0.0,0.0
1760945198.0311615,0.9508336641959148,5.3,0.0698840310644797,6.87135205193867e-19,6.812128572164724e-07,-1.7278084030284033e-18,0.0281010843083416,8.519232894362364e-18,-0.0054016720041662,-1.996758916050687e-19,0.0948146436003494,-1.5616786202117218e-19,0.9954949439143016,0.001,0.0,0.0
1760945198.0429733,0.95054683548484,5.3,0.0698840333620855,-1.6949362565516698e-18,6.802198350837966e-07,3.150812314174974e-18,0.0281672180584871,8.507586690630703e-18,-0.005414385198664,-2.1455158580687352e-19,0.0948146402145716,-1.6609572131010497e-19,0.9954949442367758,0.001,0.0,0.0
1760945198.0548897,0.9502593343599492,5.3,0.0698840356555731,4.232861291346726e-18,6.792283575457163e-07,-4.89030968983479e-18,0.0282332504168053,8.496660492418294e-18,-0.0054270789010902,-1.9222309922996871e-19,0.0948146368337288,-1.4271395728904075e-19,0.9954949445587798,0.001,0.0,0.0
1760945198.0667307,0.9499711618522756,5.3,0.0698840379449497,-3.3988117406594613e-18,6.782384025258565e-07,4.1168039005407575e-18,0.0282991815257929,8.485046039174843e-18,-0.0054397531388431,-2.1109620152896744e-19,0.0948146334578134,-1.615760798128519e-19,0.9954949448803144,0.001,0.0,0.0
1760945198.0786712,0.9496823189914024,5.3,0.0698840402302228,-1.8806771531970932e-18,6.772499511438865e-07,2.3700179927783106e-18,0.0283650115277899,8.47358422945539e-18,-0.0054524079392909,-2.220026677263758e-19,0.0948146300868181,-1.7206204759767972e-19,0.9954949452013808,0.001,0.0,0.0
1760945198.0905654,0.949392806805466,5.3,0.0698840425113996,-1.528704061670645e-19,6.762629839518247e-07,1.1584577884745034e-18,0.0284307405649804,8.462183912543795e-18,-0.0054650433297715,-2.276972599118558e-19,0.0948146267207354,-1.7337367447927076e-19,0.9954949455219788,0.001,0.0,0.0
1760945198.1023977,0.9491026263211554,5.3,0.0698840447884875,1.4595217729691434e-18,6.752774847695145e-07,-1.1954989296702987e-18,0.0284963687793918,8.450981721384764e-18,-0.0054776593375929,-2.2244045078472586e-19,0.0948146233595579,-1.6554371253868022e-19,0.9954949458421098,0.001,0.0,0.0
1760945198.1142712,0.9488117785637156,5.3,0.0698840470614938,1.3270148370404448e-18,6.742934368780229e-07,-3.127748061621935e-18,0.0285618963128957,8.440188694785494e-18,-0.0054902559900329,-2.0750288482909356e-19,0.0948146200032786,-1.5745579486172151e-19,0.9954949461617744,0.001,0.0,0.0
1760945198.1262999,0.9485202645569486,5.3,0.0698840493304257,-1.5595979893829953e-19,6.733108245897606e-07,-4.673806593142368e-19,0.0286273233072071,8.429077442330348e-18,-0.0055028333143388,-2.0510046848254905e-19,0.0948146166518901,-1.5800906313415981e-19,0.9954949464809728,0.001,0.0,0.0
1760945198.1381576,0.948228085323214,5.3,0.0698840515952905,-2.8348394582444056e-19,6.723296342423241e-07,5.800429300431562e-19,0.0286926499038848,8.41777100952224e-18,-0.0055153913377282,-2.078523690067931e-19,0.0948146133053856,-1.596948893028225e-19,0.9954949467997064,0.001,0.0,0.0
1760945198.1499426,0.9479352418834328,5.3,0.0698840538560955,6.154918423553359e-19,6.713498521251944e-07,-1.0416296447590377e-18,0.0287578762443317,8.406756536748516e-18,-0.0055279300873885,-2.029607486510883e-19,0.0948146099637578,-1.5613835452850525e-19,0.9954949471179754,0.001,0.0,0.0
1760945198.1617858,0.9476417352570864,5.3,0.0698840561128479,2.2956830120765363e-18,6.703714658827574e-07,-3.550445352876532e-18,0.0288230024697942,8.395976998946602e-18,-0.0055404495904769,-1.8637878486454045e-19,0.0948146066269999,-1.4303009094237032e-19,0.9954949474357804,0.001,0.0,0.0
1760945198.173643,0.9473475664622202,5.3,0.0698840583655548,2.4493301536661405e-18,6.693944635828147e-07,-4.641586851975374e-18,0.0288880287213626,8.38538428023978e-18,-0.0055529498741204,-1.6443746688536253e-19,0.0948146032951051,-1.286383890188595e-19,0.9954949477531224,0.001,0.0,0.0
1760945198.1855528,0.9470527365154442,5.3,0.0698840606142235,-1.9054202626726872e-18,6.684188344277885e-07,2.7129076690708808e-18,0.0289529551399711,8.373932127490787e-18,-0.0055654309654162,-1.7703176843430742e-19,0.0948145999680664,-1.3940446584247346e-19,0.9954949480700018,0.001,0.0,0.0
1760945198.197467,0.946757246431935,5.3,0.0698840628588612,1.309566185905515e-19,6.674445680730574e-07,6.360979204266895e-19,0.0290177818663977,8.362670389453124e-18,-0.0055778928914312,-1.8026159522405773e-19,0.0948145966458771,-1.3905605742785423e-19,0.9954949483864194,0.001,0.0,0.0
1760945198.209332,0.946461097225437,5.3,0.0698840650994751,4.607916184325954e-19,6.664716548658002e-07,-7.544641886909611e-19,0.0290825090412643,8.351643659802056e-18,-0.0055903356792026,-1.7672585809383318e-19,0.0948145933285305,-1.3640519463658808e-19,0.9954949487023756,0.001,0.0,0.0
1760945198.221187,0.9461642899082644,5.3,0.0698840673360722,-1.2522350961838257e-18,6.655000852355301e-07,9.83868441305003e-19,0.0291471368050368,8.34048497020125e-18,-0.0056027593557371,-1.8102806545949317e-19,0.0948145900160198,-1.4310302111925164e-19,0.9954949490178714,0.001,0.0,0.0
1760945198.2332227,0.9458668254913029,5.3,0.0698840695686598,1.4004425085826117e-18,6.645298507037122e-07,-2.496018739281244e-18,0.0292116652980249,8.329702945022077e-18,-0.0056151639480117,-1.692708293183606e-19,0.0948145867083384,-1.3495157314271423e-19,0.995494949332907,0.001,0.0,0.0
1760945198.245145,0.94556870498401,5.3,0.0698840717972449,-3.537500383176734e-18,6.635609434745317e-07,3.774903987966253e-18,0.0292760946603823,8.31835857432408e-18,-0.0056275494829731,-1.8637838914537965e-19,0.0948145834054798,-1.5434430611189412e-19,0.9954949496474834,0.001,0.0,0.0
1760945198.2570791,0.9452699293944186,5.3,0.0698840740218348,1.761573591733613e-18,6.625933551431374e-07,-2.354753297655896e-18,0.0293404250321068,8.307535342673308e-18,-0.0056399159875384,-1.7549753063925971e-19,0.0948145801074372,-1.4446474127632138e-19,0.9954949499616008,0.001,0.0,0.0
1760945198.2690153,0.9449704997291368,5.3,0.0698840762424364,1.1392888538227698e-18,6.616270799842916e-07,-7.593154759394955e-20,0.0294046565530399,8.296355664611253e-18,-0.005652263488594,-1.7565781163064822e-19,0.0948145768142044,-1.3875725902777146e-19,0.9954949502752604,0.001,0.0,0.0
1760945198.2809355,0.9446704169933512,5.3,0.0698840784590569,-1.0337050830406051e-18,6.606621105615262e-07,6.167219610367971e-19,0.0294687893628675,8.285316495008395e-18,-0.0056645920129967,-1.7823706604234345e-19,0.0948145735257746,-1.4419297963134625e-19,0.9954949505884626,0.001,0.0,0.0
1760945198.2928054,0.944369682190827,5.3,0.0698840806717033,-2.8479566469254143e-18,6.596984400194442e-07,3.3191637041916523e-18,0.0295328236011193,8.274036417502186e-18,-0.0056769015875732,-1.9340583572260201e-19,0.0948145702421414,-1.5994037864189286e-19,0.9954949509012078,0.001,0.0,0.0
1760945198.3046415,0.9440682963239097,5.3,0.0698840828803828,-2.3397654622158506e-18,6.587360623897951e-07,4.5703557958012984e-18,0.0295967594071692,8.262444087386201e-18,-0.0056891922391204,-2.1504434758079005e-19,0.0948145669632985,-1.7375349480297128e-19,0.9954949512134968,0.001,0.0,0.0
1760945198.3165429,0.9437662603935276,5.3,0.0698840850851023,-1.5809264521579813e-18,6.577749724664585e-07,3.2287048009763793e-18,0.0296605969202351,8.251024689802037e-18,-0.005701463994405,-2.3036674355528355e-19,0.0948145636892394,-1.8315390099887917e-19,0.99549495152533,0.001,0.0,0.0
1760945198.3284242,0.9434635753991936,5.3,0.069884087285869,-5.161066681877556e-20,6.568151649204888e-07,-3.649171327135318e-19,0.0297243362793791,8.240130641813236e-18,-0.0057137168801638,-2.2852883481041353e-19,0.0948145604199577,-1.8323936551021001e-19,0.9954949518367084,0.001,0.0,0.0
1760945198.3404412,0.9431602423390044,5.3,0.0698840894826898,-2.498638291130468e-19,6.558566341240988e-07,5.30707844392121e-19,0.0297879776235075,8.229127776404327e-18,-0.0057259509231035,-2.3105121499624833e-19,0.094814557155447,-1.847344055690263e-19,0.9954949521476322,0.001,0.0,0.0
1760945198.3524537,0.9428562622096456,5.3,0.0698840916755718,5.614302243182544e-19,6.548993757677142e-07,-9.359342755443124e-19,0.0298515210913707,8.218270700238246e-18,-0.0057381661499009,-2.266599696588919e-19,0.0948145538957011,-1.8149700508785112e-19,0.9954949524581024,0.001,0.0,0.0
1760945198.364734,0.94255163600639,5.3,0.069884093864522,2.8504264876384988e-18,6.539433849224511e-07,-3.1880894738087145e-18,0.0299149668215635,8.207618633903172e-18,-0.005750362587203,-2.1214437134297052e-19,0.0948145506407136,-1.6579982309956712e-19,0.9954949527681192,0.001,0.0,0.0
1760945198.3770864,0.9422463647231016,5.3,0.0698840960495474,-9.319643352251045e-19,6.529886575142275e-07,9.879099806575889e-19,0.0299783149525247,8.196634655951207e-18,-0.0057625402616266,-2.1661659218473561e-19,0.0948145473904782,-1.7090344370770458e-19,0.9954949530776832,0.001,0.0,0.0
1760945198.3895292,0.941940449352236,5.3,0.0698840982306549,-1.7123595537684488e-18,6.520351892786908e-07,3.998629150214645e-18,0.0300415656225376,8.185128162425246e-18,-0.0057746991997585,-2.3570538743481103e-19,0.0948145441449887,-1.813214060988976e-19,0.9954949533867956,0.001,0.0,0.0
1760945198.4016607,0.9416338908848422,5.3,0.0698841004078516,1.5124949958680016e-18,6.510829762220566e-07,-4.741069236121034e-19,0.0301047189697297,8.17412997734874e-18,-0.0057868394281558,-2.3406611441707254e-19,0.0948145409042388,-1.7357133354130094e-19,0.9954949536954564,0.001,0.0,0.0
1760945198.413804,0.941326690310564,5.3,0.0698841025811445,-1.085528992428007e-18,6.501320149981015e-07,2.090294444891779e-18,0.0301677751320729,8.162966194942119e-18,-0.0057989609733459,-2.439538998870908e-19,0.0948145376682223,-1.7996305538116885e-19,0.995494954003666,0.001,0.0,0.0
1760945198.4258783,0.941018848617642,5.3,0.0698841047505404,-7.538338297509038e-19,6.491823020466731e-07,2.2713288810728376e-18,0.0302307342473833,8.151743524480937e-18,-0.0058110638618255,-2.549018261419811e-19,0.0948145344369329,-1.847922779459079e-19,0.9954949543114258,0.001,0.0,0.0
1760945198.4380395,0.9407103667929152,5.3,0.0698841069160463,-1.2127106088687106e-18,6.482338338984875e-07,1.756047076344346e-18,0.0302935964533218,8.140686546923973e-18,-0.0058231481200616,-2.630680677234269e-19,0.0948145312103646,-1.9166064996375896e-19,0.9954949546187358,0.001,0.0,0.0
1760945198.4502008,0.940401245821822,5.3,0.0698841090776692,-9.622709172445777e-19,6.472866072566443e-07,2.645518608566273e-18,0.0303563618873934,8.129450944007427e-18,-0.005835213774492,-2.7577909805329527e-19,0.094814527988511,-1.9770462593241584e-19,0.9954949549255968,0.001,0.0,0.0
1760945198.462154,0.940091486688402,5.3,0.0698841112354159,3.4801412238160394e-18,6.463406188523015e-07,-3.49896544208978e-18,0.0304190306869478,8.118889311265625e-18,-0.0058472608515237,-2.600178222412182e-19,0.0948145247713661,-1.7872784716096916e-19,0.9954949552320091,0.001,0.0,0.0
1760945198.474138,0.9397810903752988,5.3,0.0698841133892935,-1.9234391615348426e-18,6.453958662274428e-07,1.444924752543738e-18,0.0304816029891789,8.1080366285001e-18,-0.0058592893775343,-2.6629424653899603e-19,0.0948145215589236,-1.8898169588926552e-19,0.9954949555379738,0.001,0.0,0.0
1760945198.486169,0.9394700578637588,5.3,0.0698841155393087,-8.71519380220632e-19,6.444523460550308e-07,2.4547071513321746e-18,0.0305440789311256,8.096836364420326e-18,-0.0058712993788713,-2.7809838122936683e-19,0.0948145183511775,-1.944841868201225e-19,0.9954949558434912,0.001,0.0,0.0
1760945198.498165,0.939158390133636,5.3,0.0698841176854684,-1.4519163856802216e-18,6.435100564202607e-07,8.300012335960867e-19,0.0306064586496711,8.086096104386567e-18,-0.0058832908818526,-2.815428110791216e-19,0.0948145151481216,-2.0210416655434712e-19,0.9954949561485618,0.001,0.0,0.0
1760945198.5101194,0.9388460881633915,5.3,0.0698841198277797,1.3767141882005453e-18,6.425689935630145e-07,-2.4421463853079447e-18,0.0306687422815432,8.075651167409892e-18,-0.0058952639127657,-2.7004233300594023e-19,0.0948145119497498,-1.9409654725344968e-19,0.995494956453186,0.001,0.0,0.0
1760945198.5220616,0.9385331529300956,5.3,0.0698841219662492,8.140282603809158e-19,6.41629156468743e-07,-8.44494679962534e-19,0.0307309299633146,8.064952594847818e-18,-0.0059072184978687,-2.662234649271717e-19,0.0948145087560561,-1.8964378843060198e-19,0.9954949567573648,0.001,0.0,0.0
1760945198.534073,0.9382195854094294,5.3,0.0698841241008839,-1.046803830918593e-18,6.406905417075681e-07,1.999418130883773e-18,0.0307930218314025,8.053947043004581e-18,-0.0059191546633895,-2.7567695701099667e-19,0.0948145055670343,-1.9580026328455036e-19,0.9954949570610988,0.001,0.0,0.0
1760945198.5460684,0.9379053865756866,5.3,0.0698841262316907,-1.7322708059971799e-18,6.397531471510694e-07,1.3279781254208976e-18,0.0308550180220688,8.043170569929156e-18,-0.0059310724355264,-2.814663438345712e-19,0.0948145023826783,-2.0505160940317092e-19,0.9954949573643884,0.001,0.0,0.0
1760945198.558119,0.937590557401775,5.3,0.0698841283586763,-1.941045130663651e-18,6.388169709930597e-07,1.680529436420116e-18,0.0309169186714205,8.032365334444211e-18,-0.0059429718404479,-2.8891065363093004e-19,0.0948144992029821,-2.155095838109647e-19,0.995494957667234,0.001,0.0,0.0
1760945198.570072,0.9372750988592178,5.3,0.0698841304818476,-6.730099862802614e-19,6.378820105658263e-07,2.104812106518543e-18,0.030978723915409,8.021294072765168e-18,-0.0059548529042921,-2.9906778272613194e-19,0.0948144960279397,-2.198583604400952e-19,0.9954949579696364,0.001,0.0,0.0
1760945198.5821378,0.9369590119181552,5.3,0.0698841326012114,2.0250960481228777e-18,6.369482637716645e-07,-3.574028173082318e-18,0.0310404338898308,8.011110283332158e-18,-0.005966715653168,-2.822428608891944e-19,0.094814492857545,-2.0808693528952452e-19,0.995494958271596,0.001,0.0,0.0
1760945198.5940576,0.9366422975473468,5.3,0.0698841347167745,3.007061276694324e-18,6.360157291169931e-07,-4.280155672018051e-18,0.0311020487303273,8.000951440974734e-18,-0.0059785601131545,-2.6236458571240375e-19,0.0948144896917919,-1.9109118201115968e-19,0.9954949585731137,0.001,0.0,0.0
1760945198.6060443,0.9363249567141716,5.3,0.0698841368285437,-2.3213569083131853e-18,6.350844043047554e-07,2.1462271664502944e-18,0.0311635685723849,7.990131773645104e-18,-0.0059903863103004,-2.7194176719309117e-19,0.0948144865306745,-2.0365803283936321e-19,0.9954949588741896,0.001,0.0,0.0
1760945198.617967,0.9360069903846314,5.3,0.0698841389365257,-1.195365742478518e-19,6.34154288059306e-07,1.0907639132343841e-18,0.0312249935513347,7.979271772626031e-18,-0.006002194270625,-2.773150827177952e-19,0.0948144833741867,-2.047721029346601e-19,0.9954949591748248,0.001,0.0,0.0
1760945198.6299603,0.9356883995233508,5.3,0.0698841410407275,9.483419159136006e-19,6.332253774072651e-07,-1.6209505452143345e-18,0.0312863238023532,7.96887767481953e-18,-0.0060139840201176,-2.6969867578395283e-19,0.0948144802223225,-1.992844519209682e-19,0.9954949594750196,0.001,0.0,0.0
1760945198.6418853,0.93536918509358,5.3,0.0698841431411556,1.2331593858615441e-18,6.322976711916339e-07,-2.968755666551542e-18,0.0313475594604617,7.958703745442931e-18,-0.006025755584738,-2.5550752314245223e-19,0.094814477075076,-1.9173939447221632e-19,0.9954949597747746,0.001,0.0,0.0
1760945198.6538785,0.9350493480571954,5.3,0.0698841452378169,1.843886417943987e-20,6.31371168227436e-07,-7.751356385589947e-19,0.0314087006605267,7.948221449723029e-18,-0.0060375089904158,-2.5165625345126887e-19,0.0948144739324411,-1.9127892261809405e-19,0.9954949600740904,0.001,0.0,0.0
1760945198.6658382,0.9347288893747016,5.3,0.0698841473307181,2.353669707438251e-18,6.304458660428776e-07,-5.02255102936112e-18,0.03146974753726,7.938399805771454e-18,-0.0060492442630512,-2.277759314298705e-19,0.0948144707944119,-1.7718491116366302e-19,0.9954949603729674,0.001,0.0,0.0
1760945198.6778212,0.9344078100052334,5.3,0.0698841494198659,-2.603764998136164e-18,6.295217627308173e-07,2.624637662274072e-18,0.0315307002252182,7.927571110296547e-18,-0.0060609614285146,-2.395994024174144e-19,0.0948144676609824,-1.9138444168533717e-19,0.9954949606714064,0.001,0.0,0.0
1760945198.6897671,0.9340861109065568,5.3,0.0698841515052671,-4.884191363512205e-19,6.285988578169943e-07,-9.711212742641893e-19,0.0315915588588037,7.917282965976781e-18,-0.0060726605126463,-2.345370736167802e-19,0.0948144645321466,-1.9335727075575451e-19,0.9954949609694076,0.001,0.0,0.0
1760945198.7020223,0.9337637930350702,5.3,0.0698841535869283,2.4392618793267158e-18,6.276771492738929e-07,-5.195595596596947e-18,0.0316523235722639,7.907541065969748e-18,-0.0060843415412573,-2.098359435179524e-19,0.0948144614078986,-1.7875571511230577e-19,0.995494961266972,0.001,0.0,0.0
1760945198.714147,0.9334408573458076,5.3,0.0698841556648563,-2.7830835904751723e-18,6.267566351222191e-07,2.950343317736537e-18,0.0317129944996914,7.89670252790254e-18,-0.0060960045401282,-2.2319517037122693e-19,0.0948144582882324,-1.9400191998397192e-19,0.9954949615641,0.001,0.0,0.0
1760945198.7262356,0.9331173047924384,5.3,0.0698841577390577,-2.6640313277324847e-18,6.258373138574971e-07,5.1655520050251696e-18,0.0317735717750244,7.885392315202675e-18,-0.0061076495350107,-2.476416963504411e-19,0.0948144551731422,-2.0971082202951292e-19,0.9954949618607924,0.001,0.0,0.0
1760945198.7380905,0.9327931363272692,5.3,0.0698841598095393,-9.481432286134382e-19,6.249191846404975e-07,2.087998747440772e-18,0.0318340555320466,7.874530811998414e-18,-0.0061192765516263,-2.5758771069908186e-19,0.0948144520626219,-2.1542177404190032e-19,0.9954949621570492,0.001,0.0,0.0
1760945198.750075,0.932468352901247,5.3,0.0698841618763076,2.5853169312320095e-18,6.24002245205933e-07,-3.239935085405998e-18,0.031894445904387,7.864361942704445e-18,-0.0061308856156667,-2.4269099663187664e-19,0.0948144489566656,-2.0102097990954017e-19,0.9954949624528716,0.001,0.0,0.0
1760945198.7620685,0.9321429554639586,5.3,0.0698841639393694,3.448590324294143e-18,6.230864948225033e-07,-3.7017708688547e-18,0.0319547430255202,7.854183438139109e-18,-0.0061424767527943,-2.2590073931766134e-19,0.0948144458552675,-1.8210160824404602e-19,0.9954949627482595,0.001,0.0,0.0
1760945198.7740483,0.931816944963634,5.3,0.0698841659987312,-4.592453297875237e-18,6.221719321767268e-07,8.473866121164703e-18,0.0320149470287663,7.842437923906219e-18,-0.0061540499886414,-2.658920708648057e-19,0.0948144427584216,-2.089696386629921e-19,0.995494963043214,0.001,0.0,0.0
1760945198.7859719,0.931490322347146,5.3,0.0698841680543998,3.0626240626361433e-18,6.212585549585335e-07,-3.845198322370751e-18,0.0320750580472914,7.832409247566457e-18,-0.0061656053488108,-2.4821472567482247e-19,0.094814439666122,-1.919102796269956e-19,0.9954949633377356,0.001,0.0,0.0
1760945198.7978864,0.9311630885600144,5.3,0.0698841701063818,1.8502061183359922e-18,6.203463631040782e-07,-3.520995916959252e-18,0.0321350762141067,7.822462022790493e-18,-0.0061771428588756,-2.315660078289571e-19,0.0948144365783628,-1.8103065669421588e-19,0.9954949636318244,0.001,0.0,0.0
1760945198.809875,0.9308352445464052,5.3,0.0698841721546836,2.6884380000397098e-18,6.194353540985997e-07,-5.078314228936109e-18,0.0321950016620697,7.812782647530359e-18,-0.0061886625443792,-2.0756463355655482e-19,0.0948144334951381,-1.6524241788376797e-19,0.9954949639254816,0.001,0.0,0.0
1760945198.821822,0.9305067912491328,5.3,0.0698841741993121,1.9266442430340984e-18,6.185255272152221e-07,-9.70959730452863e-19,0.0322548345238832,7.8022953911967e-18,-0.0062001644308354,-2.0364154250269689e-19,0.0948144304164421,-1.5519130150665492e-19,0.9954949642187076,0.001,0.0,0.0
1760945198.8337336,0.9301777296096628,5.3,0.0698841762402737,1.7250215289381058e-18,6.176168805802228e-07,-2.4764667309593297e-18,0.0323145749320962,7.792182410692714e-18,-0.0062116485437281,-1.9213410821030377e-19,0.0948144273422688,-1.4543097954440556e-19,0.9954949645115024,0.001,0.0,0.0
1760945198.8457463,0.9298480605681118,5.3,0.069884178277575,1.739006557959081e-19,6.167094131667023e-07,-1.051678311005342e-18,0.0323742230191035,7.781974142008245e-18,-0.0062231149085122,-1.869807252687415e-19,0.0948144242726125,-1.440653524526734e-19,0.9954949648038672,0.001,0.0,0.0
1760945198.8576467,0.92951778506325,5.3,0.0698841803112226,-9.097378818060558e-19,6.158031242007711e-07,1.7127712735848409e-18,0.0324337789171456,7.771308485025661e-18,-0.0062345635506124,-1.950723865539247e-19,0.0948144212074671,-1.4940434565685616e-19,0.9954949650958024,0.001,0.0,0.0
1760945198.8696032,0.9291869040325024,5.3,0.0698841823412231,2.2624719073697152e-18,6.14898012082227e-07,-2.678384188318132e-18,0.0324932427583094,7.76121219117921e-18,-0.0062459944954237,-1.828169632575631e-19,0.094814418146827,-1.368763482075721e-19,0.9954949653873084,0.001,0.0,0.0
1760945198.8815265,0.9288554184119512,5.3,0.069884184367583,-2.451207098437727e-19,6.139940751151477e-07,-2.803376537197326e-19,0.0325526146745275,7.750918727637188e-18,-0.0062574077683122,-1.813034841925862e-19,0.0948144150906861,-1.3796113797156132e-19,0.995494965678386,0.001,0.0,0.0
1760945198.8934562,0.928523329136336,5.3,0.0698841863903088,-9.289931202473111e-20,6.130913129419127e-07,2.2540955918528585e-19,0.0326118947975787,7.74049611244081e-18,-0.0062688033946136,-1.8238096009943245e-19,0.0948144120390388,-1.385305006297511e-19,0.9954949659690356,0.001,0.0,0.0
1760945198.9054198,0.928190637139056,5.3,0.0698841884094072,2.3883583226786684e-19,6.121897232939211e-07,-3.655361259811048e-19,0.0326710832590882,7.730158215932552e-18,-0.0062801813996346,-1.806752366185264e-19,0.094814408991879,-1.3716876060503208e-19,0.9954949662592576,0.001,0.0,0.0
1760945198.9174669,0.9278573433521722,5.3,0.0698841904248845,-3.924925351156238e-19,6.112893057533545e-07,7.8233731102013195e-19,0.032730180190527,7.719687351647955e-18,-0.0062915418086519,-1.8438227159892261e-19,0.0948144059492011,-1.3949261474863274e-19,0.995494966549053,0.001,0.0,0.0
1760945198.929337,0.9275234487064076,5.3,0.0698841924367473,8.2754499872501985e-19,6.103900588356042e-07,-1.4357226242326345e-18,0.0327891857232127,7.709535629392447e-18,-0.0063028846469129,-1.7763017540872518e-19,0.0948144029109992,-1.3469415735154144e-19,0.995494966838422,0.001,0.0,0.0
1760945198.9412615,0.92718895413115,5.3,0.0698841944450022,-1.5300433313428357e-18,6.094919813707461e-07,2.8502661854843718e-18,0.032848099988309,7.698775827176079e-18,-0.0063142099396354,-1.91088368817136e-19,0.0948143998772674,-1.4365870302611155e-19,0.9954949671273652,0.001,0.0,0.0
1760945198.9532406,0.9268538605544532,5.3,0.0698841964496555,-3.8190129614605423e-19,6.085950717080201e-07,2.1731913725888816e-19,0.0329069231168262,7.688453224181324e-18,-0.0063255177120074,-1.9199125190217108e-19,0.094814396848,-1.4566385353434774e-19,0.9954949674158832,0.001,0.0,0.0
1760945198.9651563,0.9265181689030384,5.3,0.0698841984507138,3.7098921367049633e-19,6.076993294729022e-07,-6.120543674862822e-19,0.0329656552396209,7.678205916053721e-18,-0.0063368079891879,-1.891213209004161e-19,0.094814393823191,-1.4352784483122538e-19,0.9954949677039764,0.001,0.0,0.0
1760945198.97711,0.926181880102296,5.3,0.0698842004481836,-1.0952269275625986e-18,6.068047527232175e-07,6.983150321153799e-19,0.0330242964873962,7.667903811069126e-18,-0.0063480807963058,-1.9207691742076777e-19,0.0948143908028349,-1.4930895706203172e-19,0.9954949679916456,0.001,0.0,0.0
1760945198.9890783,0.925844995076286,5.3,0.0698842024420712,1.0969367923820722e-18,6.059113407510933e-07,-1.9440176130945365e-18,0.0330828469907018,7.657934060570582e-18,-0.006359336158461,-1.8292280176018792e-19,0.0948143877869256,-1.4292953982257474e-19,0.9954949682788912,0.001,0.0,0.0
1760945199.001059,0.9255075147477418,5.3,0.0698842044323831,8.998153488790378e-19,6.050190920167836e-07,-2.3827197937935392e-18,0.0331413068799339,7.648066136720326e-18,-0.0063705741007236,-1.7148986533308242e-19,0.0948143847754575,-1.3732103206758345e-19,0.9954949685657138,0.001,0.0,0.0
1760945199.0129814,0.92516944003807,5.3,0.0698842064191259,1.08560592250379e-18,6.041280056247006e-07,-1.3711482675503221e-18,0.0331996762853356,7.63798306990502e-18,-0.0063817946481343,-1.6517875769072068e-19,0.0948143817684248,-1.31267523822e-19,0.995494968852114,0.001,0.0,0.0
1760945199.025016,0.9248307718673524,5.3,0.0698842084023058,-2.4876646586211027e-18,6.032380804891635e-07,1.870971835579656e-18,0.0332579553369965,7.627650371470996e-18,-0.0063929978257043,-1.7330956758825966e-19,0.0948143787658216,-1.445333526197279e-19,0.9954949691380924,0.001,0.0,0.0
1760945199.037115,0.924491511154348,5.3,0.0698842103819293,-1.1501269099215468e-18,6.0234931538227e-07,2.077709662825473e-19,0.0333161441648531,7.617557156051866e-18,-0.0064041836584154,-1.7379986393642676e-19,0.0948143757676423,-1.5035789449939987e-19,0.9954949694236492,0.001,0.0,0.0
1760945199.049077,0.924151658816494,5.3,0.0698842123580028,7.308054004607226e-19,6.014617089810063e-07,-1.2877140678957102e-18,0.0333742428986887,7.607577270820392e-18,-0.0064153521712197,-1.6773792250425057e-19,0.094814372773881,-1.4611164808890162e-19,0.9954949697087854,0.001,0.0,0.0
1760945199.0610194,0.923811215769907,5.3,0.0698842143305328,-2.2504109783984443e-18,6.005752605125732e-07,1.4349477268868633e-18,0.0334322516681337,7.597322539715986e-18,-0.0064265033890403,-1.7381131933159257e-19,0.0948143697845319,-1.579904067360613e-19,0.9954949699935012,0.001,0.0,0.0
1760945199.0730567,0.923470182929386,5.3,0.0698842162995255,-1.6114944342381096e-18,5.996899683889192e-07,1.0505084185357845e-18,0.0334901706026652,7.587120090871357e-18,-0.0064376373367706,-1.7827652716530673e-19,0.0948143667995894,-1.6651018813018737e-19,0.9954949702777977,0.001,0.0,0.0
1760945199.0850484,0.9231285612084124,5.3,0.0698842182649873,1.6263349862936298e-18,5.98805831021373e-07,-2.9116509793684775e-18,0.0335479998316075,7.577409575001801e-18,-0.0064487540392744,-1.6455811405021245e-19,0.0948143638190477,-1.570380273628233e-19,0.9954949705616748,0.001,0.0,0.0
1760945199.096995,0.9227863515191528,5.3,0.0698842202269247,3.163487470876142e-19,5.979228486526899e-07,4.5399238009877143e-20,0.033605739484132,7.567230438031935e-18,-0.0064598535213866,-1.6493153316242578e-19,0.094814360842901,-1.5548352469231118e-19,0.995494970845133,0.001,0.0,0.0
1760945199.108954,0.92244355477246,5.3,0.069884222185344,-1.0001386223689482e-19,5.970410191401126e-07,2.633252337707365e-19,0.0336633896892571,7.557047405680343e-18,-0.0064709358079123,-1.6619465147387732e-19,0.0948143578711435,-1.5610578538485693e-19,0.9954949711281734,0.001,0.0,0.0
1760945199.1208444,0.9221001718778736,5.3,0.0698842241402515,-3.5768615926060435e-18,5.961603416229706e-07,4.6665798473211895e-18,0.0337209505758488,7.546293466204617e-18,-0.0064820009236273,-1.877231167958936e-19,0.0948143549037696,-1.7611834167284981e-19,0.9954949714107963,0.001,0.0,0.0
1760945199.1329012,0.9217562037436235,5.3,0.0698842260916535,-1.3564123052215812e-18,5.952808145958446e-07,1.4208152866646604e-18,0.0337784222726199,7.536005711696978e-18,-0.0064930488932782,-1.9415486576122081e-19,0.0948143519407735,-1.835456548193038e-19,0.9954949716930024,0.001,0.0,0.0
1760945199.1447818,0.9214116512766304,5.3,0.0698842280395563,-2.0486777083130216e-18,5.944024372858766e-07,1.878343052853164e-18,0.033835804908131,7.525773857490574e-18,-0.0065040797415821,-2.025326963320059e-19,0.0948143489821495,-1.9463269432511984e-19,0.9954949719747916,0.001,0.0,0.0
1760945199.1567311,0.9210665153825066,5.3,0.0698842299839664,-1.3510809212779776e-18,5.935252091010483e-07,6.005481253283015e-19,0.0338930986107897,7.515688850270117e-18,-0.0065150934932267,-2.0488249420206933e-19,0.094814346027892,-2.0164309599944992e-19,0.9954949722561652,0.001,0.0,0.0
1760945199.1687403,0.920720796965559,5.3,0.0698842319248899,-2.2632947774003297e-18,5.926491282487369e-07,3.625220626764621e-18,0.0339503035088515,7.505089836271752e-18,-0.0065260901728705,-2.218513465493714e-19,0.094814343077995,-2.146261171413725e-19,0.9954949725371236,0.001,0.0,0.0
1760945199.1807745,0.92037449692879,5.3,0.0698842338623331,-2.814865105464e-18,5.917741938406675e-07,4.1059593512666166e-18,0.0340074197304193,7.494426500349679e-18,-0.0065370698051425,-2.4095382534901363e-19,0.0948143401324531,-2.305830035883008e-19,0.995494972817667,0.001,0.0,0.0
1760945199.1936524,0.9200276161738988,5.3,0.0698842357963024,-1.7228481650564697e-18,5.909004047880653e-07,3.480705690663961e-18,0.0340644474034433,7.483792583705551e-18,-0.0065480324146427,-2.5746266418421946e-19,0.0948143371912604,-2.4080955799591407e-19,0.9954949730977962,0.001,0.0,0.0
1760945199.206231,0.9196801556012836,5.3,0.069884237726804,1.1059120180718357e-18,5.900277600592031e-07,2.723851409187084e-19,0.0341213866557219,7.473524500819433e-18,-0.0065589780259417,-2.593453726290011e-19,0.0948143342544113,-2.354368345361409e-19,0.9954949733775116,0.001,0.0,0.0
1760945199.218488,0.9193321161100424,5.3,0.0698842396538442,-2.9081647374883883e-19,5.891562577001238e-07,6.612953330874661e-19,0.0341782376149009,7.46342388252247e-18,-0.0065699066635804,-2.624988435657599e-19,0.0948143313219,-2.371965762052761e-19,0.9954949736568142,0.001,0.0,0.0
1760945199.2305477,0.9189834985979752,5.3,0.0698842415774292,6.881699264402073e-19,5.882858977189566e-07,-1.1520699325604917e-18,0.0342350004084741,7.453613159416332e-18,-0.0065808183520713,-2.5709222681372453e-19,0.094814328393721,-2.3322609124228043e-19,0.995494973935704,0.001,0.0,0.0
1760945199.2429435,0.9186343039615846,5.3,0.0698842434975652,2.177106742371789e-18,5.874166779736792e-07,-3.3139337524858943e-18,0.034291675163783,7.444119558873722e-18,-0.0065917131158967,-2.416311229241408e-19,0.0948143254698685,-2.2082008708620995e-19,0.9954949742141816,0.001,0.0,0.0
1760945199.255175,0.918284533096079,5.3,0.0698842454142585,-7.072861331399191e-19,5.86548598230179e-07,5.72381733499874e-19,0.0343482620080172,7.434104716930513e-18,-0.0066025909795105,-2.441415890774507e-19,0.0948143225503368,-2.2460902991010195e-19,0.9954949744922476,0.001,0.0,0.0
1760945199.267332,0.9179341868953724,5.3,0.0698842473275153,8.153344779197448e-19,5.856816573085054e-07,-1.40069650295872e-18,0.0344047610682142,7.424379019538217e-18,-0.0066134519673368,-2.375578262873333e-19,0.0948143196351203,-2.198882200570183e-19,0.9954949747699028,0.001,0.0,0.0
1760945199.279436,0.9175832662520872,5.3,0.0698842492373418,-2.376473735680876e-18,5.84815853515573e-07,1.68720186618655e-18,0.0344611724712599,7.41433855114127e-18,-0.0066242961037705,-2.4482670789738577e-19,0.0948143167242133,-2.325137815133555e-19,0.9954949750471476,0.001,0.0,0.0
1760945199.2913895,0.9172317720575552,5.3,0.0698842511437441,-4.592216681326697e-19,5.83951186469852e-07,1.7055677212618245e-18,0.0345174963438879,7.404033470115336e-18,-0.0066351234131777,-2.530982509384095e-19,0.0948143138176101,-2.3560982335422767e-19,0.995494975323982,0.001,0.0,0.0
1760945199.3033223,0.9168797052018184,5.3,0.0698842530467286,2.489163832772372e-18,5.830876539111637e-07,-1.6891482263856133e-18,0.0345737328126803,7.39415316866047e-18,-0.0066459339198949,-2.458734057279065e-19,0.0948143109153052,-2.22422241602768e-19,0.9954949756004076,0.001,0.0,0.0
1760945199.3153555,0.9165270665736328,5.3,0.0698842549463013,4.429173607825232e-19,5.822252561322985e-07,-1.4848208520080093e-18,0.0346298820040676,7.384522456567927e-18,-0.0066567276482298,-2.386927102953144e-19,0.0948143080172929,-2.195118711951769e-19,0.995494975876424,0.001,0.0,0.0
1760945199.3275108,0.916173857060467,5.3,0.0698842568424684,1.5845539688581913e-18,5.813639912373363e-07,-3.616874144054061e-18,0.0346859440443284,7.37529147234131e-18,-0.0066675046224606,-2.214428262650988e-19,0.0948143051235674,-2.099113534025217e-19,0.9954949761520322,0.001,0.0,0.0
1760945199.3394618,0.915820077548506,5.3,0.0698842587352361,2.1862149591522973e-19,5.805038580651649e-07,1.5907559290531005e-18,0.03474191905959,7.364966682421902e-18,-0.0066782648668364,-2.294598398578541e-19,0.0948143022341233,-2.095756353746267e-19,0.9954949764272326,0.001,0.0,0.0
1760945199.351862,0.9154657289226522,5.3,0.0698842606246105,-1.7787436615805126e-18,5.796448560251302e-07,4.170202969992871e-18,0.0347978071758279,7.354325145169836e-18,-0.0066890084055778,-2.493715013414257e-19,0.0948142993489548,-2.2040422383120896e-19,0.9954949767020258,0.001,0.0,0.0
1760945199.3641343,0.9151108120665262,5.3,0.0698842625105978,7.998071598187042e-19,5.787869838468254e-07,-1.8959740545407893e-18,0.0348536085188665,7.344802785223264e-18,-0.0066997352628753,-2.4031875912754734e-19,0.0948142964680563,-2.155272128692844e-19,0.9954949769764122,0.001,0.0,0.0
1760945199.3764155,0.9147553278624692,5.3,0.0698842643932041,1.9704539252951197e-18,5.779302404122122e-07,-1.5885559912822974e-18,0.0349093232143787,7.335055379670915e-18,-0.0067104454628909,-2.3334552104063897e-19,0.0948142935914223,-2.0496727979341924e-19,0.9954949772503926,0.001,0.0,0.0
1760945199.388765,0.9143992771915436,5.3,0.0698842662724354,1.6558370476015546e-18,5.770746240617595e-07,-9.816551615830236e-19,0.0349649513878863,7.325218982451558e-18,-0.0067211390297571,-2.2924381590586583e-19,0.0948142907190471,-1.9625969341077894e-19,0.9954949775239672,0.001,0.0,0.0
1760945199.4009252,0.914042660933536,5.3,0.069884268148298,2.2910484390018607e-18,5.762201342045186e-07,-2.1389424594118695e-18,0.0350204931647596,7.315600338740148e-18,-0.006731815987578,-2.196843920478076e-19,0.0948142878509251,-1.8384273173087992e-19,0.9954949777971368,0.001,0.0,0.0
1760945199.413105,0.9136854799669571,5.3,0.0698842700207979,1.0610758551458945e-18,5.753667697465205e-07,9.404512272609628e-20,0.035075948670218,7.30561793331395e-18,-0.0067424763604281,-2.206536002452082e-19,0.0948142849870506,-1.7860453917505753e-19,0.995494978069902,0.001,0.0,0.0
1760945199.4253008,0.9133277351690446,5.3,0.0698842718899411,-4.1571884861735963e-19,5.745145299535616e-07,8.666371242557463e-19,0.0351313180293298,7.29566232402324e-18,-0.0067531201723528,-2.247696017786502e-19,0.0948142821274182,-1.810832086291497e-19,0.9954949783422627,0.001,0.0,0.0
1760945199.4375112,0.912969427415764,5.3,0.0698842737557338,-2.0562452050621778e-18,5.736634131092235e-07,4.637156593627208e-18,0.0351866013670124,7.284975468558673e-18,-0.0067637474473689,-2.468728498626249e-19,0.0948142792720222,-1.9351464413158832e-19,0.9954949786142204,0.001,0.0,0.0
1760945199.4496553,0.9126105575818102,5.3,0.069884275618182,-1.2205047556974749e-18,5.728134180653227e-07,3.94969455049393e-18,0.0352417988080322,7.274326948123335e-18,-0.0067743582094638,-2.659543058310487e-19,0.094814276420857,-2.014629196129842e-19,0.995494978885775,0.001,0.0,0.0
1760945199.4617355,0.9122511265406088,5.3,0.0698842774772917,-2.1693054885132293e-18,5.719645443577433e-07,5.690919834071288e-18,0.0352969104770048,7.26338894019162e-18,-0.0067849524825961,-2.9325081476187635e-19,0.0948142735739171,-2.1495746808806493e-19,0.9954949791569272,0.001,0.0,0.0
1760945199.4738984,0.9118911351643186,5.3,0.0698842793330691,-1.2078851567242386e-18,5.711167899702422e-07,1.2196379212254092e-18,0.0353519364983951,7.253517349114546e-18,-0.0067955302906953,-2.9875287301124573e-19,0.0948142707311968,-2.2154911259460503e-19,0.9954949794276772,0.001,0.0,0.0
1760945199.4859874,0.911530584323832,5.3,0.0698842811855201,1.5722908282784922e-18,5.702701552020293e-07,-2.781344362010706e-18,0.0354068769965172,7.244253873602916e-18,-0.006806091657662,-2.856575762013213e-19,0.0948142678926906,-2.1240739221793608e-19,0.995494979698026,0.001,0.0,0.0
1760945199.4981267,0.9111694748887772,5.3,0.0698842830346508,7.55706732086971e-21,5.694246377864334e-07,-7.383014008157944e-19,0.0354617320955349,7.234712743362939e-18,-0.0068166366073676,-2.819845589427684e-19,0.094814265058393,-2.120181839734064e-19,0.995494979967974,0.001,0.0,0.0
1760945199.5103843,0.9108078077275196,5.3,0.0698842848804672,-5.752318696876861e-19,5.685802367450655e-07,1.1248772917473557e-18,0.0355165019194611,7.224767248302522e-18,-0.0068271651636549,-2.8730926729091383e-19,0.0948142622282984,-2.154139742359419e-19,0.9954949802375216,0.001,0.0,0.0
1760945199.5225492,0.910445583707163,5.3,0.0698842867229752,-2.656713631381016e-18,5.677369513649546e-07,3.0123210863708123e-18,0.0355711865921585,7.214693765559155e-18,-0.0068376773503377,-3.010420031121369e-19,0.0948142594024012,-2.3006368231553583e-19,0.9954949805066696,0.001,0.0,0.0
1760945199.5345583,0.910082803693552,5.3,0.0698842885621809,7.344064276336742e-19,5.668947805655339e-07,-4.522499955172101e-19,0.0356257862373394,7.205034831953788e-18,-0.0068481731912009,-2.991419611627448e-19,0.0948142565806959,-2.261971593339542e-19,0.995494980775418,0.001,0.0,0.0
1760945199.5468378,0.9097194685512726,5.3,0.0698842903980903,-1.1359375939066304e-18,5.660537229736583e-07,8.102393214164517e-19,0.0356803009785658,7.195285081180654e-18,-0.0068586527100003,-3.0263540374008268e-19,0.0948142537631769,-2.322335537338971e-19,0.995494981043768,0.001,0.0,0.0
1760945199.5588932,0.909355579143654,5.3,0.0698842922307093,1.6539203865968138e-18,5.652137775996689e-07,-1.5673497757360702e-18,0.0357347309392495,7.185788322366484e-18,-0.0068691159304629,-2.9561996457949617e-19,0.0948142509498388,-2.232609209928516e-19,0.9954949813117198,0.001,0.0,0.0
1760945199.5709538,0.9089911363327704,5.3,0.0698842940600439,9.399518868606645e-19,5.643749433385435e-07,-2.409557191120163e-18,0.0357890762426522,7.176634869375252e-18,-0.0068795628762869,-2.840728811678023e-19,0.0948142481406759,-2.1743945817794666e-19,0.9954949815792736,0.001,0.0,0.0
1760945199.582973,0.908626140979442,5.3,0.0698842958861,1.493092044314287e-18,5.635372192942166e-07,-7.232324554094521e-19,0.0358433370118855,7.166953361144407e-18,-0.0068899935711416,-2.811792567805317e-19,0.0948142453356828,-2.096651399812596e-19,0.9954949818464306,0.001,0.0,0.0
1760945199.594921,0.9082605939432372,5.3,0.0698842977088837,1.6909329496289433e-18,5.627006043469077e-07,-3.771029957466679e-18,0.035897513369911,7.158033869701563e-18,-0.0069004080386675,-2.632134393214861e-19,0.0948142425348539,-1.9946128610596877e-19,0.9954949821131908,0.001,0.0,0.0
1760945199.6068828,0.907894496082474,5.3,0.0698842995284007,-4.691692425226401e-18,5.618650970623702e-07,5.879629989598855e-18,0.0359516054395405,7.147537954132471e-18,-0.0069108063024763,-2.902466874932963e-19,0.0948142397381836,-2.2559477251101423e-19,0.9954949823795548,0.001,0.0,0.0
1760945199.618915,0.9075278482542208,5.3,0.0698843013446571,5.924065396832943e-19,5.610306962733459e-07,-7.565142762607529e-19,0.0360056133434359,7.138031977966976e-18,-0.0069211883861508,-2.867676169585397e-19,0.0948142369456667,-2.2229283008684986e-19,0.9954949826455234,0.001,0.0,0.0
1760945199.6308603,0.9071606513142986,5.3,0.0698843031576587,-8.688764490197099e-19,5.601974012513234e-07,1.6779541596111674e-18,0.0360595372041096,7.128100687915094e-18,-0.006931554313245,-2.947055837486084e-19,0.0948142341572974,-2.274115641849176e-19,0.995494982911097,0.001,0.0,0.0
1760945199.642837,0.9067929061172826,5.3,0.0698843049674116,-1.6305883963342061e-18,5.593652109865997e-07,2.513630295954024e-18,0.036113377143924,7.118116375377521e-18,-0.0069419041072842,-3.0644339441433577e-19,0.0948142313730703,-2.367186318595758e-19,0.995494983176276,0.001,0.0,0.0
1760945199.65479,0.9064246135165032,5.3,0.0698843067739214,-1.547264162431662e-19,5.585341242687205e-07,1.1877980047187554e-18,0.0361671332850923,7.108247988229433e-18,-0.0069522377917651,-3.1228336762717463e-19,0.09481422859298,-2.3805333988480518e-19,0.9954949834410608,0.001,0.0,0.0
1760945199.666772,0.906055774364048,5.3,0.0698843085771942,1.0441445714067242e-18,5.577041399860767e-07,-1.7868731228806585e-18,0.0362208057496779,7.099005462365306e-18,-0.0069625553901551,-3.0388687017251247e-19,0.0948142258170208,-2.320103890350641e-19,0.9954949837054524,0.001,0.0,0.0
1760945199.678877,0.9056863895107632,5.3,0.0698843103772358,-1.908117575122666e-18,5.568752571846593e-07,3.5677938677556955e-18,0.0362743946595949,7.088825011635868e-18,-0.0069728569258935,-3.2073622767019794e-19,0.0948142230451874,-2.431962097860104e-19,0.995494983969451,0.001,0.0,0.0
1760945199.6909344,0.9053164598062544,5.3,0.0698843121740521,1.2641168109399517e-18,5.560474743933349e-07,-1.8009892386172157e-20,0.0363279001366083,7.079111562705314e-18,-0.0069831424223906,-3.212488796605879e-19,0.0948142202774743,-2.3689877248002598e-19,0.9954949842330572,0.001,0.0,0.0
1760945199.702962,0.90494598609889,5.3,0.0698843139676488,2.3661100087834487e-18,5.552207907371801e-07,-4.985837707460166e-18,0.0363813223023335,7.070541766727853e-18,-0.0069934119030279,-2.9755816898428964e-19,0.094814217513876,-2.2275933101033255e-19,0.9954949844962712,0.001,0.0,0.0
1760945199.715006,0.9045749692358,5.3,0.069884315758032,2.1589620931916138e-18,5.543952054773233e-07,-1.384615332673643e-18,0.0364346612782371,7.061090944682762e-18,-0.0070036653911584,-2.916864915488358e-19,0.094814214754387,-2.113562633669573e-19,0.995494984759094,0.001,0.0,0.0
1760945199.7272103,0.9042034100628804,5.3,0.0698843175452073,1.7293453217351577e-18,5.53570716927107e-07,-1.1042577278596432e-18,0.0364879171856364,7.051647650947574e-18,-0.0070139029101064,-2.87009678831853e-19,0.0948142119990019,-2.0222457975581068e-19,0.995494985021526,0.001,0.0,0.0
1760945199.7393298,0.9038313094247924,5.3,0.0698843193291807,-1.6918587385553733e-18,5.527473241942222e-07,3.1954623318596586e-18,0.0365410901456997,7.041542783866687e-18,-0.0070241244831676,-3.0210928914244503e-19,0.0948142092477152,-2.121571168215873e-19,0.9954949852835676,0.001,0.0,0.0
1760945199.7514088,0.9034586681649656,5.3,0.0698843211099579,8.609783479270131e-19,5.519250264022354e-07,7.059773063270568e-19,0.0365941802794465,7.0317651718846e-18,-0.0070343301336088,-3.060335035155712e-19,0.0948142065005215,-2.082088535727153e-19,0.9954949855452194,0.001,0.0,0.0
1760945199.7633991,0.9030854871255976,5.3,0.0698843228875447,1.7128645008553465e-19,5.511038224934314e-07,-1.8711593397033256e-19,0.0366471877077476,7.022315846619854e-18,-0.0070445198846686,-3.051842191961396e-19,0.0948142037574153,-2.0726701102778738e-19,0.995494985806482,0.001,0.0,0.0
1760945199.775348,0.902711767147658,5.3,0.0698843246619469,-2.130560741299849e-19,5.502837109201748e-07,4.780763685879522e-19,0.0367001125513248,7.012741607007518e-18,-0.0070546937595566,-3.074622522564235e-19,0.0948142010183911,-2.0855372270893045e-19,0.9954949860673554,0.001,0.0,0.0
1760945199.7872756,0.9023375090708876,5.3,0.0698843264331704,5.026972725111349e-19,5.494646909753543e-07,-8.237290534185544e-19,0.0367529549307515,7.003433255350508e-18,-0.0070648517814541,-3.0360161536110884e-19,0.0948141982834436,-2.056618236583262e-19,0.9954949863278408,0.001,0.0,0.0
1760945199.7992544,0.9019627137338012,5.3,0.0698843282012208,-8.806770303086514e-19,5.48646761615986e-07,1.6911327887463757e-18,0.0368057149664523,6.993686166684378e-18,-0.0070749939735136,-3.1159948102915223e-19,0.0948141955525674,-2.1084559131520985e-19,0.9954949865879384,0.001,0.0,0.0
1760945199.8113284,0.9015873819736896,5.3,0.069884329966104,1.7920359254627135e-18,5.478299212136147e-07,-3.1678449042351586e-18,0.0368583927787035,6.984876733229711e-18,-0.0070851203588595,-2.9668541447624183e-19,0.0948141928257569,-2.0042688167913413e-19,0.9954949868476488,0.001,0.0,0.0
1760945199.8232532,0.901211514626619,5.3,0.0698843317278257,3.555795770525234e-20,5.470141694485896e-07,5.708798552928835e-19,0.0369109884876331,6.975304772798435e-18,-0.0070952309605869,-2.9954051166293282e-19,0.0948141901030069,-2.005185929909868e-19,0.9954949871069724,0.001,0.0,0.0
1760945199.8352659,0.9008351125274344,5.3,0.0698843334863917,4.5745852094123295e-19,5.461995048539228e-07,-7.355831716446453e-19,0.0369635022132204,6.966058695404068e-18,-0.0071053258017631,-2.960971967170893e-19,0.0948141873843118,-1.978933880107621e-19,0.9954949873659098,0.001,0.0,0.0
1760945199.8472548,0.900458176509761,5.3,0.0698843352418076,1.5160060070346398e-18,5.453859257984126e-07,-3.3602537900242e-18,0.037015934075297,6.957389499237704e-18,-0.0071154049054268,-2.800926456778361e-19,0.0948141846696662,-1.8875574764687226e-19,0.9954949876244612,0.001,0.0,0.0
1760945199.8592994,0.9000807074060045,5.3,0.0698843369940793,2.534816410530245e-18,5.445734324391333e-07,-6.168856322557053e-18,0.037068284193546,6.949303648072016e-18,-0.0071254682945877,-2.505915166255691e-19,0.0948141819590649,-1.7321550122943916e-19,0.995494987882628,0.001,0.0,0.0
1760945199.8713367,0.8997027060473538,5.3,0.0698843387432123,-3.1638019531356543e-18,5.437620229953238e-07,4.990635097351677e-18,0.0371205526875027,6.939022531016723e-18,-0.0071355159922274,-2.739225830211997e-19,0.0948141792525023,-1.9132292227136664e-19,0.9954949881404096,0.001,0.0,0.0
1760945199.8834171,0.8993241732637819,5.3,0.0698843404892125,3.441503539431911e-18,5.429516963256355e-07,-2.6439304030457792e-18,0.0371727396765542,6.929895375631081e-18,-0.007145548021299,-2.624004956612052e-19,0.0948141765499731,-1.7294628439473078e-19,0.9954949883978074,0.001,0.0,0.0
1760945199.8953917,0.8989451098840476,5.3,0.0698843422320855,-7.789832574768463e-19,5.421424514270063e-07,7.343708684437054e-19,0.03722484527994,6.920463093704977e-18,-0.0071555644047275,-2.6568374538657565e-19,0.0948141738514718,-1.7716760422920428e-19,0.9954949886548214,0.001,0.0,0.0
1760945199.907376,0.8985655167356972,5.3,0.069884343971837,9.760954587887296e-19,5.413342866088151e-07,-1.70705462962144e-18,0.0372768696167516,6.911450620340057e-18,-0.0071655651654089,-2.57651773579278e-19,0.0948141711569932,-1.715016892913283e-19,0.9954949889114522,0.001,0.0,0.0
1760945199.9192839,0.8981853946450653,5.3,0.0698843457084727,-1.8156607255572552e-18,5.405272017522968e-07,3.3798940186929295e-18,0.037328812805933,6.9014628459082166e-18,-0.007175550326211,-2.7360988328563096e-19,0.0948141684665319,-1.8213837036278322e-19,0.9954949891677004,0.001,0.0,0.0
1760945199.9313188,0.8978047444372772,5.3,0.0698843474419982,-2.7847238553160176e-18,5.397211953945422e-07,5.41415266444348e-18,0.0373806749662806,6.8910694467901546e-18,-0.0071855199099734,-2.9923673155159794e-19,0.0948141657800824,-1.9856486013358785e-19,0.9954949894235668,0.001,0.0,0.0
1760945199.9432588,0.8974235669362498,5.3,0.0698843491724193,-6.908113578654079e-19,5.389162665645754e-07,1.6155620364785916e-18,0.037432456216443,6.8814594004928794e-18,-0.0071954739395073,-3.069539939348696e-19,0.0948141630976394,-2.0277150130452808e-19,0.9954949896790511,0.001,0.0,0.0
1760945199.9552054,0.8970418629646933,5.3,0.0698843508997414,1.6402003724082065e-18,5.381124143277911e-07,-2.890278926038811e-18,0.0374841566749218,6.87273081172975e-18,-0.0072054124375954,-2.933492575387353e-19,0.0948141604191976,-1.9323980929897301e-19,0.9954949899341548,0.001,0.0,0.0
1760945199.9672298,0.896659633344113,5.3,0.0698843526239704,-3.966217231174048e-18,5.373096371016297e-07,4.5708814249822236e-18,0.0375357764600709,6.8627579865013364e-18,-0.0072153354269923,-3.142139929587624e-19,0.0948141577447516,-2.1514261892644557e-19,0.9954949901888775,0.001,0.0,0.0
1760945199.979158,0.8962768788948099,5.3,0.0698843543451118,-1.6874502359526351e-18,5.365079342088983e-07,6.590296925799809e-19,0.0375873156900974,6.85355651635745e-18,-0.0072252429304238,-3.166977745222988e-19,0.0948141550742961,-2.238567285671638e-19,0.9954949904432204,0.001,0.0,0.0
1760945199.9910998,0.8958936004358832,5.3,0.0698843560631712,1.353334256887213e-18,5.357073038061788e-07,-2.405532648332137e-18,0.0376387744830608,6.84478864568792e-18,-0.0072351349705878,-3.0536846113496507e-19,0.0948141524078256,-2.1598324908834396e-19,0.9954949906971836,0.001,0.0,0.0
1760945200.003234,0.8955097987852311,5.3,0.0698843577781543,1.2986140934283094e-18,5.349077459714315e-07,-3.586334206104672e-19,0.0376901529568738,6.8354717836754535e-18,-0.0072450115701542,-3.041971040348535e-19,0.094814149745335,-2.093491901872716e-19,0.9954949909507678,0.001,0.0,0.0
1760945200.0153487,0.8951254747595528,5.3,0.0698843594900665,2.5181440026182873e-18,5.341092590421574e-07,-3.911903686678814e-18,0.037741451229302,6.826986578598412e-18,-0.0072548727517641,-2.8592267750036306e-19,0.0948141470868188,-1.9496212651709445e-19,0.9954949912039734,0.001,0.0,0.0
1760945200.0274038,0.89474062917435,5.3,0.0698843611989137,-1.3497656658076317e-18,5.333118416375434e-07,1.7330767828484605e-18,0.0377926694179645,6.81747180377651e-18,-0.0072647185380304,-2.9390421689828335e-19,0.0948141444322717,-2.024980652067808e-19,0.9954949914568012,0.001,0.0,0.0
1760945200.0394056,0.8943552628439277,5.3,0.0698843629047012,2.0491449502643573e-18,5.325154932201614e-07,-3.6514538684477954e-18,0.037843807640333,6.808989942469752e-18,-0.0072745489515381,-2.7670536239139412e-19,0.0948141417816884,-1.9057109435323605e-19,0.9954949917092512,0.001,0.0,0.0
1760945200.0513897,0.8939693765813963,5.3,0.0698843646074347,2.489914804336668e-18,5.317202120475065e-07,-4.712849958355143e-18,0.0378948660137331,6.8007300884588224e-18,-0.0072843640148439,-2.544286215966046e-19,0.0948141391350636,-1.7594390826188346e-19,0.9954949919613242,0.001,0.0,0.0
1760945200.0633185,0.8935829711986729,5.3,0.0698843663071197,2.3150994623946717e-18,5.309259981540941e-07,-1.6761533910861111e-18,0.0379458446553434,6.791682793055673e-18,-0.0072941637504762,-2.4718030848817324e-19,0.094814136492392,-1.636255328992471e-19,0.9954949922130206,0.001,0.0,0.0
1760945200.07527,0.893196047506483,5.3,0.0698843680037618,5.327797070128918e-19,5.301328499000927e-07,-1.6715486935760146e-18,0.0379967436821963,6.782912987871236e-18,-0.0073039481809352,-2.3911293535002204e-19,0.0948141338536683,-1.6017954085135061e-19,0.9954949924643413,0.001,0.0,0.0
1760945200.0872407,0.8928086063143618,5.3,0.0698843696973665,1.831386712214534e-18,5.293407654031985e-07,-2.7210517723899746e-18,0.0380475632111776,6.774257623862997e-18,-0.0073137173286931,-2.264380418429916e-19,0.0948141312188872,-1.4977520150829692e-19,0.9954949927152862,0.001,0.0,0.0
1760945200.099287,0.8924206484306555,5.3,0.0698843713879394,2.892432353082781e-18,5.285497444511571e-07,-6.813452253478475e-18,0.0380983033590269,6.766631199204949e-18,-0.0073234712161937,-1.938991978470228e-19,0.0948141285880433,-1.321494972953259e-19,0.9954949929658562,0.001,0.0,0.0
1760945200.1111555,0.8920321746625235,5.3,0.0698843730754859,-4.482747541987096e-19,5.277597853967561e-07,5.863352414029752e-19,0.0381489642423375,6.7573887349101745e-18,-0.007333209865853,-1.9659852106565648e-19,0.0948141259611314,-1.346549799215827e-19,0.9954949932160516,0.001,0.0,0.0
1760945200.1231482,0.8916431858159392,5.3,0.0698843747600117,1.1393352206107126e-18,5.269708878698182e-07,-6.475322673640918e-19,0.0381995459775565,6.748299959756664e-18,-0.0073429333000588,-1.9391657771793256e-19,0.0948141233381463,-1.2867858585221133e-19,0.9954949934658732,0.001,0.0,0.0
1760945200.1351647,0.8912536826956912,5.3,0.0698843764415221,-1.049588838234616e-18,5.261830501225019e-07,1.9934098396366808e-18,0.0382500486809853,6.7387688197341186e-18,-0.0073526415411707,-2.0333885885294352e-19,0.0948141207190826,-1.3484562443706297e-19,0.9954949937153212,0.001,0.0,0.0
1760945200.1471667,0.8908636661053858,5.3,0.0698843781200227,2.109118988213231e-18,5.253962712014878e-07,-3.769935457178676e-18,0.0383004724687789,6.7304150389450325e-18,-0.0073623346115206,-1.8557909411099645e-19,0.094814118103935,-1.2256379126072329e-19,0.995494993964396,0.001,0.0,0.0
1760945200.159118,0.8904731368474481,5.3,0.069884379795519,-4.895747230653359e-18,5.246105504298229e-07,6.237252722567322e-18,0.038350817456947,6.720253955988643e-18,-0.0073720125334116,-2.1429516239851324e-19,0.0948141154926984,-1.4988168946737841e-19,0.9954949942130986,0.001,0.0,0.0
1760945200.1709867,0.8900820957231229,5.3,0.0698843814680164,9.703041191087213e-19,5.238258865956373e-07,-1.4688717045739837e-18,0.038401083761353,6.7114399621713186e-18,-0.0073816753291195,-2.0745060290433317e-19,0.0948141128853674,-1.4436184410243297e-19,0.9954949944614292,0.001,0.0,0.0
1760945200.1829937,0.889690543532477,5.3,0.0698843831375204,2.225829919646807e-18,5.230422785125385e-07,-2.064611465135332e-18,0.0384512714977151,6.702620677990042e-18,-0.0073913230208917,-1.9822969914496837e-19,0.0948141102819368,-1.3230529914811194e-19,0.9954949947093882,0.001,0.0,0.0
1760945200.1949673,0.8892984810744,5.3,0.0698843848040364,2.627273478681673e-19,5.222597252587751e-07,-1.1995375234078389e-18,0.0385013807816056,6.693862722537716e-18,-0.007400955630948,-1.923829371843469e-19,0.0948141076824014,-1.3042699901485658e-19,0.9954949949569762,0.001,0.0,0.0
1760945200.2069418,0.8889059091466062,5.3,0.06988438646757,-1.5143911407811633e-18,5.214782252133867e-07,1.4417472585249897e-18,0.0385514117284517,6.68461951414508e-18,-0.0074105731814798,-1.9883894413570037e-19,0.0948141050867558,-1.386464308430917e-19,0.9954949952041938,0.001,0.0,0.0
1760945200.2189453,0.888512828545636,5.3,0.0698843881281265,-1.074157729012855e-18,5.206977780793858e-07,2.8143048018485637e-18,0.0386013644535348,6.6749556495581766e-18,-0.0074201756946509,-2.1233651223471448e-19,0.0948141024949949,-1.4532747379715317e-19,0.9954949954510414,0.001,0.0,0.0
1760945200.2310302,0.8881192400668572,5.3,0.0698843897857114,-6.296901503939319e-19,5.199183822115332e-07,6.782810849607469e-19,0.0386512390719916,6.6658110220201975e-18,-0.0074297631925969,-2.1541609176469404e-19,0.0948140999071135,-1.4878389035278872e-19,0.9954949956975194,0.001,0.0,0.0
1760945200.2429347,0.8877251445044669,5.3,0.06988439144033,8.57698515451677e-19,5.191400368340003e-07,-1.4986038140998134e-18,0.038701035698813,6.657093529086258e-18,-0.0074393356974256,-2.083653567995404e-19,0.0948140973231062,-1.4380586700633805e-19,0.9954949959436284,0.001,0.0,0.0
1760945200.2549293,0.8873305426514927,5.3,0.0698843930919878,1.9074034621971543e-18,5.183627408056781e-07,-1.394645906105431e-18,0.0387507544488454,6.64819229050441e-18,-0.0074488932312169,-2.0232759086066945e-19,0.0948140947429679,-1.336516724614178e-19,0.995494996189369,0.001,0.0,0.0
1760945200.266994,0.8869354352997939,5.3,0.0698843947406902,-2.4567357715655833e-18,5.175864925568016e-07,3.2001057904070644e-18,0.0388003954367899,6.638594830526156e-18,-0.0074584358160227,-2.170874296276837e-19,0.0948140921666933,-1.473925647741547e-19,0.9954949964347414,0.001,0.0,0.0
1760945200.2788892,0.8865398232400634,5.3,0.0698843963864426,3.4009156670473205e-19,5.168112915515004e-07,-1.1179268866469897e-18,0.0388499587772028,6.629874427397786e-18,-0.0074679634738675,-2.116880324305928e-19,0.0948140895942773,-1.4517279777573962e-19,0.9954949966797464,0.001,0.0,0.0
1760945200.2909126,0.8861437072618293,5.3,0.0698843980292504,-1.0423955663307574e-18,5.160371366205669e-07,1.9551750340284678e-18,0.0388994445844956,6.620484978386186e-18,-0.0074774762267471,-2.209229207664956e-19,0.0948140870257146,-1.5128661087998036e-19,0.9954949969243844,0.001,0.0,0.0
1760945200.3027687,0.8857470881534557,5.3,0.0698843996691188,2.076066838978473e-18,5.152640268094754e-07,-3.7054127000052775e-18,0.0389488529729353,6.612295042707491e-18,-0.0074869740966304,-2.0346858970961672e-19,0.0948140844610001,-1.3919985936318425e-19,0.995494997168656,0.001,0.0,0.0
1760945200.3147511,0.8853499667021447,5.3,0.0698844013060533,-5.342168151799856e-19,5.144919605484844e-07,1.5856237342720449e-18,0.038998184056644,6.602955429697392e-18,-0.0074964571054579,-2.1110296784831597e-19,0.0948140819001285,-1.4260767786760676e-19,0.9954949974125616,0.001,0.0,0.0
1760945200.3270407,0.8849523436939378,5.3,0.0698844029400593,1.5369885317895266e-18,5.137209374569574e-07,-2.7191926614360212e-18,0.0390474379495997,6.594582452950883e-18,-0.0075059252751426,-1.983007768400137e-19,0.0948140793430946,-1.336706068244136e-19,0.9954949976561016,0.001,0.0,0.0
1760945200.3391275,0.8845542199137174,5.3,0.069884404571142,-3.781338664419047e-18,5.129509560906864e-07,4.2138333265605534e-18,0.0390966147656357,6.5849684319062986e-18,-0.0075153786275697,-2.1747632384330964e-19,0.0948140767898933,-1.544841346366808e-19,0.9954949978992764,0.001,0.0,0.0
1760945200.351215,0.8841555961452081,5.3,0.0698844061993069,1.7844089390942452e-18,5.121820153437384e-07,-3.764436488261149e-18,0.0391457146184411,6.576884976686203e-18,-0.0075248171845966,-1.9959193031630085e-19,0.0948140742405194,-1.4382364264187132e-19,0.9954949981420868,0.001,0.0,0.0
1760945200.3631804,0.8837564731709782,5.3,0.0698844078245592,-4.291904427455682e-18,5.114141137989588e-07,6.499760441623536e-18,0.039194737621561,6.5667002674962995e-18,-0.0075342409680528,-2.2990048681956724e-19,0.0948140716949677,-1.6826116776564346e-19,0.9954949983845331,0.001,0.0,0.0
1760945200.3751647,0.8833568517724412,5.3,0.0698844094469042,-2.5151682907513333e-18,5.106472509882454e-07,4.348506709860598e-18,0.0392436838883963,6.556931759502046e-18,-0.0075436499997405,-2.503545784712609e-19,0.0948140691532331,-1.8284369493069925e-19,0.995494998626616,0.001,0.0,0.0
1760945200.3872516,0.8829567327298574,5.3,0.0698844110663473,-1.2335506986896409e-18,5.098814255696955e-07,3.9507936828405935e-18,0.0392925535322038,6.5470769830213414e-18,-0.0075530443014339,-2.694350269742692e-19,0.0948140666153103,-1.9085785012730992e-19,0.9954949988683356,0.001,0.0,0.0
1760945200.399216,0.8825561168223353,5.3,0.0698844126828937,8.007711416521906e-19,5.091166367090505e-07,-5.320299186006825e-19,0.0393413466660966,6.538229946139326e-18,-0.0075624238948797,-2.6717055248773255e-19,0.0948140640811943,-1.866221333502694e-19,0.9954949991096927,0.001,0.0,0.0
1760945200.4112144,0.8821550048278328,5.3,0.0698844142965487,3.0586555613488747e-18,5.083528828233594e-07,-3.556267587838641e-18,0.039390063403044,6.529957186714325e-18,-0.0075717888017966,-2.509220044923674e-19,0.0948140615508798,-1.6971425002514196e-19,0.995494999350688,0.001,0.0,0.0
1760945200.4231427,0.8817533975231593,5.3,0.0698844159073176,-1.6739545748218333e-18,5.075901630589577e-07,2.429255740324647e-18,0.0394387038558715,6.520628817753914e-18,-0.0075811390438762,-2.6221472841727135e-19,0.0948140590243617,-1.7919296892895122e-19,0.9954949995913214,0.001,0.0,0.0
1760945200.4351287,0.8813512956839762,5.3,0.0698844175152058,-2.057502171591051e-19,5.068284764369099e-07,1.2586570503350784e-18,0.0394872681372611,6.5114602821900564e-18,-0.0075904746427822,-2.6838310313850627e-19,0.0948140565016349,-1.8081526420935585e-19,0.9954949998315938,0.001,0.0,0.0
1760945200.4470675,0.8809487000847992,5.3,0.0698844191202183,1.121003110506941e-18,5.060678221213786e-07,-1.9463022319684064e-18,0.0395357563597514,6.5030845624827914e-18,-0.0075997956201508,-2.5922978259266393e-19,0.0948140539826943,-1.7431435501553357e-19,0.9954950000715056,0.001,0.0,0.0
1760945200.459027,0.8805456114989995,5.3,0.0698844207223605,-2.076176616134566e-18,5.053081984369604e-07,3.8536410718584616e-18,0.0395841686357375,6.4934585857739706e-18,-0.0076091019975905,-2.774216979584132e-19,0.0948140514675346,-1.864718061197868e-19,0.9954950003110572,0.001,0.0,0.0
1760945200.4709928,0.8801420306988053,5.3,0.0698844223216377,1.1258229737536765e-18,5.045496049914905e-07,-1.1497500544969576e-18,0.0396325050774713,6.4848302033967e-18,-0.0076183937966825,-2.7223703761375807e-19,0.0948140489561508,-1.8032647462169177e-19,0.9954950005502492,0.001,0.0,0.0
1760945200.4829788,0.8797379584553029,5.3,0.069884423918055,1.5232714188880516e-18,5.037920397827265e-07,-3.4938528645768726e-18,0.0396807657970616,6.476843900986202e-18,-0.00762767103898,-2.5557080718663066e-19,0.0948140464485378,-1.710886947446755e-19,0.9954950007890822,0.001,0.0,0.0
1760945200.4948952,0.8793333955384386,5.3,0.0698844255116176,-4.391534397592215e-18,5.030355028747728e-07,5.322936293281613e-18,0.0397289509064739,6.4671157162587825e-18,-0.0076369337460093,-2.7997583328751225e-19,0.0948140439446905,-1.9546447403540957e-19,0.9954950010275564,0.001,0.0,0.0
1760945200.506855,0.8789283427170201,5.3,0.0698844271023309,-8.817343343635411e-19,5.022799921647826e-07,-8.14461360427331e-19,0.039777060517531,6.458715081766716e-18,-0.0076461819392687,-2.7550940991815167e-19,0.0948140414446036,-1.9947104992707536e-19,0.9954950012656724,0.001,0.0,0.0
1760945200.5188856,0.8785228007587176,5.3,0.0698844286901999,-2.118924089107973e-19,5.015255068930488e-07,4.316100722856989e-19,0.0398250947419127,6.449872738726312e-18,-0.0076554156402294,-2.775560421432023e-19,0.0948140389482723,-2.0073087898391844e-19,0.9954950015034308,0.001,0.0,0.0
1760945200.530936,0.8781167704300656,5.3,0.0698844302752299,4.639555083544477e-19,5.007720466013934e-07,-7.587132343728954e-19,0.0398730536911561,6.44129423319368e-18,-0.0076646348703348,-2.740005859501268e-19,0.0948140364556912,-1.980626186938322e-19,0.995495001740832,0.001,0.0,0.0
1760945200.5429423,0.8777102524964644,5.3,0.0698844318574261,-8.11052745393137e-19,5.000196096210312e-07,1.559744237710454e-18,0.0399209374766557,6.432187866068291e-18,-0.0076738396510012,-2.813775848398756e-19,0.0948140339668554,-2.0283762160245865e-19,0.9954950019778764,0.001,0.0,0.0
1760945200.55489,0.8773032477221812,5.3,0.0698844334367936,-1.3121537750069497e-18,4.992681948434458e-07,3.2886611430644432e-18,0.0399687462096632,6.422688740920131e-18,-0.0076830300036171,-2.9712315079977363e-19,0.0948140314817597,-2.1092724522449652e-19,0.9954950022145646,0.001,0.0,0.0
1760945200.5667572,0.876895756870352,5.3,0.0698844350133376,3.1020781304022054e-19,4.985178014113416e-07,3.5366557137920294e-19,0.0400164800012882,6.413853027747414e-18,-0.0076922059495442,-2.990332217855049e-19,0.094814029000399,-2.0955265394722248e-19,0.9954950024508972,0.001,0.0,0.0
1760945200.5787387,0.8764877807029826,5.3,0.0698844365870632,1.5254816967282341e-19,4.977684279249303e-07,-1.758225233353461e-19,0.0400641389624977,6.4051699394566785e-18,-0.0077013675101162,-2.9823091207577444e-19,0.0948140265227684,-2.0870989842725717e-19,0.9954950026868744,0.001,0.0,0.0
1760945200.5906682,0.8760793199809503,5.3,0.0698844381579757,3.654863241029298e-18,4.970200738877538e-07,-4.646620065630228e-18,0.0401117232041165,6.3973531738530984e-18,-0.0077105147066399,-2.7683909491505798e-19,0.0948140240488627,-1.8831883516008408e-19,0.9954950029224968,0.001,0.0,0.0
1760945200.602657,0.8756703754640055,5.3,0.0698844397260801,-2.038409878328628e-18,4.96272737722693e-07,4.366550129743863e-18,0.0401592328368275,6.387659082496485e-18,-0.0077196475603945,-2.9759902487965063e-19,0.0948140215786769,-2.0052877708826585e-19,0.995495003157765,0.001,0.0,0.0
1760945200.6146526,0.8752609479107726,5.3,0.0698844412913816,-2.33166105527664e-18,4.955264184361548e-07,3.239809060197252e-18,0.0402066679711712,6.378373367951578e-18,-0.0077287660926322,-3.1262082311154844e-19,0.0948140191122058,-2.1367025762599748e-19,0.9954950033926792,0.001,0.0,0.0
1760945200.626624,0.874851038078752,5.3,0.0698844428538853,3.723646379712742e-18,4.947811154633692e-07,-6.6986889088642004e-18,0.0402540287175465,6.371167405106478e-18,-0.0077378703245774,-2.8105251763230534e-19,0.0948140166494444,-1.9196695054864088e-19,0.9954950036272402,0.001,0.0,0.0
1760945200.6385424,0.8744406467243213,5.3,0.0698844444135963,-1.6324074066332824e-18,4.940368271423678e-07,5.554444550091733e-20,0.0403013151862104,6.36275157513794e-18,-0.0077469602774276,-2.8054912654611033e-19,0.0948140141903877,-2.00112833543466e-19,0.9954950038614484,0.001,0.0,0.0
1760945200.6506217,0.8740297746027369,5.3,0.0698844459705198,8.426765390187207e-19,4.932935522280051e-07,-1.4939191213019113e-18,0.040348527487278,6.3544434387539334e-18,-0.0077560359723528,-2.735139372207655e-19,0.0948140117350307,-1.9521272476771533e-19,0.995495004095304,0.001,0.0,0.0
1760945200.6626885,0.8736184224681349,5.3,0.0698844475246607,1.827327248158533e-18,4.925512904787842e-07,-2.692515090348223e-18,0.0403956657307231,6.346365060161667e-18,-0.0077650974304965,-2.6097935258634413e-19,0.0948140092833682,-1.848418723082164e-19,0.995495004328808,0.001,0.0,0.0
1760945200.6746972,0.8732065910735337,5.3,0.0698844490760242,3.3621936979039525e-18,4.918100399092816e-07,-6.2940096585012015e-18,0.0404427300263777,6.33916644116075e-18,-0.0077741446729739,-2.312483079168306e-19,0.0948140068353953,-1.6512465298740608e-19,0.9954950045619604,0.001,0.0,0.0
1760945200.6866047,0.872794281170834,5.3,0.0698844506246154,3.5979508965516094e-18,4.910698001753239e-07,-4.830295972586643e-18,0.0404897204839326,6.3315194410075165e-18,-0.007783177720874,-2.0890987999850489e-19,0.0948140043911069,-1.4492616658458037e-19,0.995495004794762,0.001,0.0,0.0
1760945200.6985955,0.8723814935108215,5.3,0.0698844521704393,6.484594672615744e-19,4.903305695386039e-07,-1.3393191964218437e-18,0.0405366372129373,6.3232561436707785e-18,-0.0077921965952578,-2.02547776700942e-19,0.0948140019504981,-1.4106041752937092e-19,0.9954950050272132,0.001,0.0,0.0
1760945200.7106743,0.8719682288431673,5.3,0.069884453713501,1.5973920924331633e-18,4.895923475349265e-07,-3.6587072424341694e-18,0.0405834803228001,6.315539925916877e-18,-0.0078012013171597,-1.850960735848865e-19,0.0948139995135637,-1.3137608972390337e-19,0.9954950052593142,0.001,0.0,0.0
1760945200.722594,0.8715544879164302,5.3,0.0698844552538056,-7.141159198150467e-19,4.888551332722065e-07,5.326642666588699e-19,0.0406302499227882,6.30691298002937e-18,-0.0078101919075869,-1.874050344387496e-19,0.0948139970802988,-1.3518051174280437e-19,0.9954950054910658,0.001,0.0,0.0
1760945200.734591,0.8711402714780575,5.3,0.069884456791358,7.804492076408475e-19,4.881189248758836e-07,-1.3685024882885076e-18,0.0406769461220278,6.298651574864104e-18,-0.0078191683875193,-1.809650272887968e-19,0.0948139946506983,-1.3064869001726552e-19,0.9954950057224684,0.001,0.0,0.0
1760945200.746623,0.8707255802743867,5.3,0.0698844583261634,2.395760292076988e-18,4.873837215852023e-07,-2.3833506087676665e-18,0.0407235690295043,6.2904258690672556e-18,-0.0078281307779098,-1.7023855420642062e-19,0.0948139922247573,-1.175956371700603e-19,0.9954950059535226,0.001,0.0,0.0
1760945200.7585318,0.8703104150506471,5.3,0.0698844598582267,3.682633407229126e-19,4.866495222742252e-07,-3.4028343255902633e-20,0.0407701187540623,6.281824098723341e-18,-0.0078370790996843,-1.7024167838934876e-19,0.0948139898024707,-1.1574432815081508e-19,0.9954950061842284,0.001,0.0,0.0
1760945200.7705214,0.8698947765509608,5.3,0.0698844613875529,-1.915344797128566e-19,4.859163262310295e-07,4.149065935472768e-19,0.0408165954044059,6.2731603178780454e-18,-0.0078460133737416,-1.7221568573394192e-19,0.0948139873838336,-1.1689380472535496e-19,0.9954950064145868,0.001,0.0,0.0
1760945200.7824366,0.8694786655183447,5.3,0.0698844629141471,-3.4150844873449507e-18,4.851841325420695e-07,4.3572249630248794e-18,0.0408629990890986,6.263805411616853e-18,-0.0078549336209533,-1.922811658876623e-19,0.094813984968841,-1.3595445193944416e-19,0.9954950066445982,0.001,0.0,0.0
1760945200.7944753,0.8690620826947115,5.3,0.0698844644380142,-1.2424693385968754e-18,4.844529394575638e-07,2.562032114819964e-18,0.0409093299165633,6.254669008674967e-18,-0.0078638398621644,-2.0444613914416301e-19,0.0948139825574879,-1.4335563433608194e-19,0.9954950068742628,0.001,0.0,0.0
1760945200.8063023,0.8686450288208711,5.3,0.0698844659591592,-7.515216676110288e-19,4.837227459188249e-07,8.891029234058258e-19,0.0409555879950827,6.246011115917828e-18,-0.0078727321181927,-2.0851692026383724e-19,0.0948139801497693,-1.4751842501418586e-19,0.9954950071035812,0.001,0.0,0.0
1760945200.8183603,0.8682275046365323,5.3,0.0698844674775872,1.0840790775700345e-18,4.829935516055315e-07,-1.9122880381722792e-18,0.0410017734327994,6.23794044804664e-18,-0.007881610409829,-1.9951502425015165e-19,0.0948139777456802,-1.4121791752352348e-19,0.995495007332554,0.001,0.0,0.0
1760945200.8303716,0.867809510880304,5.3,0.069884468993303,1.373764984504841e-18,4.822653543525486e-07,-1.885094171960481e-18,0.0410478863377157,6.229840316796953e-18,-0.0078904747578374,-1.9078322182070936e-19,0.0948139753452157,-1.3348665613383257e-19,0.9954950075611816,0.001,0.0,0.0
1760945200.8422887,0.8673910482896968,5.3,0.0698844705063117,1.6992203763513265e-18,4.815381545058348e-07,-1.106994763213761e-18,0.0410939268176942,6.221443941805016e-18,-0.0078993251829545,-1.8607795154204331e-19,0.0948139729483709,-1.2450429313426188e-19,0.9954950077894644,0.001,0.0,0.0
1760945200.854272,0.8669721176011244,5.3,0.0698844720166182,1.2793958950715078e-18,4.80811949793138e-07,-3.052485884589938e-18,0.0411398949804572,6.2137447667968875e-18,-0.0079081617058906,-1.714927153242061e-19,0.0948139705551407,-1.1668882437561999e-19,0.9954950080174028,0.001,0.0,0.0
1760945200.8662689,0.8665527195499049,5.3,0.0698844735242274,-7.550078576879475e-20,4.800867400370541e-07,-6.333142620639474e-19,0.0411857909335875,6.2054730730701526e-18,-0.007916984347329,-1.6830240723306124e-19,0.0948139681655202,-1.1676287741209422e-19,0.9954950082449976,0.001,0.0,0.0
1760945200.8782897,0.8661328548702621,5.3,0.0698844750291443,-4.583212070347333e-19,4.79362523670371e-07,8.78182870877168e-19,0.0412316147845283,6.196813309698004e-18,-0.0079257931279258,-1.7245483944851994e-19,0.0948139657795046,-1.1945997355877912e-19,0.995495008472249,0.001,0.0,0.0
1760945200.8902254,0.8657125242953276,5.3,0.0698844765313737,9.331986676046902e-19,4.78639299196325e-07,-1.6388825060989133e-18,0.0412773666405831,6.188712458657248e-18,-0.0079345880683106,-1.6474206080175217e-19,0.0948139633970887,-1.1403964006415457e-19,0.9954950086991576,0.001,0.0,0.0
1760945200.9022143,0.8652917285571413,5.3,0.0698844780309207,-1.7448001574654838e-18,4.779170664324859e-07,3.2297654668479905e-18,0.0413230466089159,6.179544511515886e-18,-0.0079433691890863,-1.799865071891268e-19,0.0948139610182677,-1.242524339885428e-19,0.9954950089257236,0.001,0.0,0.0
1760945200.9142344,0.8648704683866534,5.3,0.06988447952779,2.115138043304836e-20,4.771958237272993e-07,-5.262443771436779e-19,0.0413686547965515,6.171301985145508e-18,-0.0079521365108286,-1.7738064351739578e-19,0.0948139586430367,-1.2389971719320086e-19,0.9954950091519478,0.001,0.0,0.0
1760945200.9262075,0.8644487445137257,5.3,0.0698844810219867,-4.185054967200251e-19,4.764755706894972e-07,8.123565495484852e-19,0.0414141913103755,6.162711341616292e-18,-0.0079608900540868,-1.8122446951927621e-19,0.0948139562713907,-1.2636738104917842e-19,0.9954950093778304,0.001,0.0,0.0
1760945200.9381926,0.8640265576671329,5.3,0.0698844825135156,8.619677470081886e-19,4.757563054012494e-07,-1.507137369238354e-18,0.0414596562571342,6.154644038465012e-18,-0.0079696298393831,-1.7413350116240946e-19,0.0948139539033249,-1.2136392373332992e-19,0.9954950096033724,0.001,0.0,0.0
1760945200.9501195,0.8636039085745643,5.3,0.0698844840023816,1.3597298715651968e-18,4.7503802700046157e-07,-3.229958463093436e-18,0.041505049743435,6.147069314638167e-18,-0.0079783558872133,-1.5870269834964722e-19,0.0948139515388343,-1.1306532599512804e-19,0.9954950098285736,0.001,0.0,0.0
1760945200.9621155,0.8631807979626247,5.3,0.0698844854885895,6.295021595247622e-19,4.743207347504348e-07,8.101065614044237e-19,0.0415503718757465,6.138354245785635e-18,-0.0079870682180463,-1.630295550530979e-19,0.094813949177914,-1.1031497265522716e-19,0.9954950100534348,0.001,0.0,0.0
1760945200.9741905,0.8627572265568365,5.3,0.0698844869721442,3.5780438462444905e-19,4.736044276309709e-07,-5.657509253909328e-19,0.0415956227603984,6.1301078989352425e-18,-0.0079957668523244,-1.6038452693409338e-19,0.0948139468205591,-1.0826566929912164e-19,0.9954950102779564,0.001,0.0,0.0
1760945200.9862902,0.8623331950816405,5.3,0.0698844884530506,-6.121606548771683e-19,4.728891042053845e-07,1.168417917915282e-18,0.0416408025035818,6.121489991306652e-18,-0.0080044518104632,-1.659084920650824e-19,0.0948139444667647,-1.1186549354787945e-19,0.9954950105021388,0.001,0.0,0.0
1760945200.998298,0.8619087042603977,5.3,0.0698844899313135,1.2382324342238724e-18,4.721747635278909e-07,-2.196024559475641e-18,0.0416859112113492,6.1136513771696e-18,-0.0080131231128517,-1.5556794573727745e-19,0.0948139421165259,-1.0466326037227678e-19,0.9954950107259826,0.001,0.0,0.0
1760945201.0103064,0.8614837548153903,5.3,0.0698844914069378,6.279879484290193e-19,4.714614049688711e-07,-1.904669525926552e-18,0.0417309489896145,6.1058405008503025e-18,-0.0080217807798521,-1.4638498066921625e-19,0.0948139397698378,-1.006339117721386e-19,0.9954950109494882,0.001,0.0,0.0
1760945201.022278,0.8610583474678236,5.3,0.0698844928799282,-1.8121878317271774e-18,4.707490266230162e-07,3.3349585671824444e-18,0.0417759159441537,6.096755784020738e-18,-0.0080304248318003,-1.6212067063440715e-19,0.0948139374266956,-1.1123217879656267e-19,0.9954950111726562,0.001,0.0,0.0
1760945201.0342515,0.8606324829378271,5.3,0.0698844943502897,-3.0629726703639563e-19,4.700376281222421e-07,-1.2992662990828229e-18,0.041820812180604,6.088911170768736e-18,-0.0080390552890053,-1.5551277324864254e-19,0.0948139350870943,-1.121427050404261e-19,0.9954950113954868,0.001,0.0,0.0
1760945201.0462074,0.860206161944456,5.3,0.069884495818027,-8.806398465481146e-19,4.693272077813629e-07,1.6272816239731609e-18,0.0418656378044651,6.0802281022118435e-18,-0.0080476721717499,-1.631922471582647e-19,0.0948139327510291,-1.1729668109169414e-19,0.9954950116179808,0.001,0.0,0.0
1760945201.058165,0.8597793852056926,5.3,0.0698844972831449,-1.6737501725459997e-18,4.68617764877268e-07,2.5528873724941112e-18,0.0419103929210981,6.071363579843877e-18,-0.0080562755002901,-1.7510488031683212e-19,0.0948139304184952,-1.2683711241227492e-19,0.995495011840138,0.001,0.0,0.0
1760945201.0700667,0.8593521534384478,5.3,0.0698844987456482,-1.1110134390194913e-19,4.67909298759388e-07,1.069824730465539e-18,0.0419550776357266,6.062745627231399e-18,-0.0080648652948555,-1.8037854226561413e-19,0.0948139280894876,-1.278989402237813e-19,0.9954950120619598,0.001,0.0,0.0
1760945201.0820255,0.8589244673585623,5.3,0.0698845002055417,-2.0439368227866416e-18,4.672018078133125e-07,4.606466781728489e-18,0.0419996920534364,6.053327437992323e-18,-0.0080734415756489,-2.0233486976761368e-19,0.0948139257640016,-1.402541525440165e-19,0.995495012283446,0.001,0.0,0.0
1760945201.0939927,0.858496327680808,5.3,0.0698845016628301,-2.141871762132153e-18,4.664952912342048e-07,2.8774759049359898e-18,0.0420442362791756,6.04450036891646e-18,-0.0080820043628471,-2.1564372917114958e-19,0.0948139234420322,-1.522794309471381e-19,0.9954950125045974,0.001,0.0,0.0
1760945201.1059716,0.8580677351188897,5.3,0.0698845031175183,-2.590690125969693e-18,4.65789747895749e-07,6.395363538814337e-18,0.0420887104177545,6.034598758518657e-18,-0.0080905536766003,-2.4624493333119064e-19,0.0948139211235747,-1.6820559264079942e-19,0.9954950127254142,0.001,0.0,0.0
1760945201.1179612,0.8576386903854462,5.3,0.0698845045696111,-2.970440922262261e-18,4.650851766909768e-07,6.585690006600676e-18,0.0421331145738464,6.0247087568718675e-18,-0.008099089537032,-2.776166889290369e-19,0.0948139188086241,-1.8611255089756024e-19,0.995495012945897,0.001,0.0,0.0
1760945201.1299624,0.8572091941920518,5.3,0.069884506019113,-3.521013445285486e-18,4.643815769382844e-07,4.857480539624799e-18,0.0421774488519869,6.0154747752957344e-18,-0.0081076119642398,-3.001272093236896e-19,0.0948139164971757,-2.0594068550437072e-19,0.9954950131660464,0.001,0.0,0.0
1760945201.1419315,0.8567792472492176,5.3,0.069884507466029,-4.637747617361498e-18,4.636789471534195e-07,6.852087731807068e-18,0.0422217133565747,6.005808789111332e-18,-0.0081161209782944,-3.320328414722426e-19,0.0948139141892246,-2.322720135297385e-19,0.9954950133858624,0.001,0.0,0.0
1760945201.1539192,0.8563488502663932,5.3,0.0698845089103637,1.3457735119856113e-18,4.629772859957333e-07,-2.1104226855155576e-18,0.0422659081918711,5.998111753858229e-18,-0.0081246165992405,-3.2217447478081264e-19,0.094813911884766,-2.2457962308694747e-19,0.995495013605346,0.001,0.0,0.0
1760945201.16585,0.8559180039519677,5.3,0.0698845103521218,1.538584730785727e-18,4.622765933186754e-07,-7.903529484994265e-19,0.0423100334620006,5.989959047096329e-18,-0.0081330988470962,-3.189685979806776e-19,0.0948139095837951,-2.1654675427613293e-19,0.9954950138244972,0.001,0.0,0.0
1760945201.177868,0.8554867090132714,5.3,0.0698845117913081,-1.3492504264020845e-18,4.615768672166059e-07,2.5735699582222773e-18,0.042354089270951,5.981185191497253e-18,-0.0081415677418535,-3.3113580569633894e-19,0.0948139072863071,-2.2447952308596777e-19,0.9954950140433168,0.001,0.0,0.0
1760945201.1897929,0.8550549661565771,5.3,0.0698845132279273,-2.432028972814405e-19,4.60878107052702e-07,1.351364476511551e-18,0.0423980757225729,5.972651409632919e-18,-0.008150023303478,-3.3774798606756293e-19,0.0948139049922971,-2.263318893661155e-19,0.9954950142618052,0.001,0.0,0.0
1760945201.2017076,0.8546227760871011,5.3,0.0698845146619841,1.6584081737830956e-18,4.601803118203697e-07,-1.5462214452133634e-18,0.0424419929205807,5.9647600562630045e-18,-0.0081584655519089,-3.3084057242582384e-19,0.0948139027017604,-2.1734631845197885e-19,0.9954950144799628,0.001,0.0,0.0
1760945201.2136455,0.8541901395090056,5.3,0.0698845160934831,-2.01063459918832e-18,4.594834801786753e-07,3.768457085975818e-18,0.0424858409685519,5.955737948030048e-18,-0.0081668945070595,-3.4863991391311254e-19,0.0948139004146921,-2.2913662472311934e-19,0.9954950146977898,0.001,0.0,0.0
1760945201.2257318,0.8537570571253992,5.3,0.0698845175224291,-1.2780871122068182e-18,4.587876109869614e-07,3.925418256700811e-18,0.042529619969928,5.946550293975586e-18,-0.0081753101888167,-3.675724539427061e-19,0.0948138981310875,-2.3735984231402874e-19,0.9954950149152872,0.001,0.0,0.0
1760945201.237745,0.8533235296383381,5.3,0.0698845189488268,1.2470073809189116e-18,4.5809270357706555e-07,3.2701666607050194e-20,0.0425733300280138,5.938266215844408e-18,-0.0081837126170409,-3.6832997269217296e-19,0.0948138958509418,-2.3117121888393645e-19,0.995495015132455,0.001,0.0,0.0
1760945201.2497509,0.8528895577488284,5.3,0.0698845203726807,-5.507940832987766e-19,4.573987564509412e-07,1.13140657806277e-18,0.0426169712459783,5.92987498925296e-18,-0.0081921018115667,-3.73699492782822e-19,0.0948138935742502,-2.344472814312005e-19,0.995495015349294,0.001,0.0,0.0
1760945201.261656,0.8524551421568267,5.3,0.0698845217939956,1.1875915613729241e-18,4.567057692438679e-07,-2.0627799868025058e-18,0.042660543726854,5.922276714023421e-18,-0.0082004777922024,-3.639980377036687e-19,0.094813891301008,-2.275601748538645e-19,0.9954950155658042,0.001,0.0,0.0
1760945201.2736309,0.8520202835612423,5.3,0.0698845232127761,1.3051074090679631e-18,4.560137403581728e-07,-2.7297128291561477e-19,0.0427040475735378,5.9140953063956295e-18,-0.0082088405787302,-3.6325626819247947e-19,0.0948138890312103,-2.209346188214497e-19,0.9954950157819864,0.001,0.0,0.0
1760945201.285578,0.8515849826599373,5.3,0.0698845246290268,2.1411095099484444e-18,4.5532266884206644e-07,-4.586426787468839e-18,0.0427474828887907,5.907215799787375e-18,-0.0082171901909062,-3.4144663593371343e-19,0.0948138867648524,-2.0810424715164362e-19,0.9954950159978412,0.001,0.0,0.0
1760945201.297671,0.8511492401497296,5.3,0.0698845260427525,-1.7073758040553145e-18,4.546325536777321e-07,2.364648203971292e-18,0.0427908497752379,5.898639561388441e-18,-0.0082255266484603,-3.524007216736603e-19,0.0948138845019295,-2.177192650955848e-19,0.9954950162133686,0.001,0.0,0.0
1760945201.3096871,0.8507130567263926,5.3,0.0698845274539576,-2.392533543788888e-19,4.539433940396733e-07,1.3291842911421153e-18,0.0428341483353691,5.890200665673536e-18,-0.0082338499710963,-3.58904164265435e-19,0.0948138822424369,-2.1954179956968015e-19,0.9954950164285692,0.001,0.0,0.0
1760945201.3217235,0.8502764330846581,5.3,0.0698845288626469,-2.654607926902411e-18,4.532551881814274e-07,3.0202638189328965e-18,0.0428773786715383,5.8815794786304425e-18,-0.0082421601784919,-3.726775433490735e-19,0.0948138799863698,-2.3418431362213497e-19,0.9954950166434438,0.001,0.0,0.0
1760945201.3336968,0.8498393699182165,5.3,0.0698845302688248,-2.668502749342921e-18,4.525679357963924e-07,5.1878770409244656e-18,0.0429205408859644,5.872252975522142e-18,-0.0082504572902993,-3.972328889949421e-19,0.0948138777337235,-2.4992590117040906e-19,0.9954950168579924,0.001,0.0,0.0
1760945201.3456855,0.8494018679197192,5.3,0.0698845316724961,-4.854758962172919e-19,4.518816353662772e-07,2.6201248530448732e-18,0.0429636350807308,5.863476878218294e-18,-0.0082587413261438,-4.100466688879696e-19,0.0948138754844932,-2.5358682408494146e-19,0.9954950170722155,0.001,0.0,0.0
1760945201.3576317,0.8489639277807788,5.3,0.0698845330736654,2.347531637707698e-18,4.51196285995996e-07,-4.140966539149726e-18,0.043006661357786,5.856517803235072e-18,-0.0082670123056257,-3.9055439743193617e-19,0.0948138732386742,-2.3994235651804867e-19,0.995495017286114,0.001,0.0,0.0
1760945201.3696344,0.8485255501919716,5.3,0.0698845344723371,-1.890681084287138e-18,4.505118870291321e-07,1.3572362329298393e-18,0.0430496198189433,5.848370393291492e-18,-0.0082752702483185,-3.964086652420038e-19,0.0948138709962619,-2.4999192166839884e-19,0.995495017499688,0.001,0.0,0.0
1760945201.381607,0.8480867358428384,5.3,0.0698845358685159,-9.546493177951445e-19,4.498284365571809e-07,2.619555179819099e-18,0.0430925105658812,5.83966884957481e-18,-0.00828351517377,-4.0899353985875834e-19,0.0948138687572514,-2.5598631375824683e-19,0.995495017712938,0.001,0.0,0.0
1760945201.3935685,0.8476474854218858,5.3,0.0698845372622063,2.5716172735361438e-18,4.4914593418438164e-07,-4.5612055408172414e-18,0.0431353337001433,5.8328083193040094e-18,-0.0082917471015024,-3.8751614052711134e-19,0.094813866521638,-2.4102797504979584e-19,0.9954950179258644,0.001,0.0,0.0
1760945201.4055376,0.847207799616588,5.3,0.069884538653413,1.5165409599410512e-18,4.484643788017212e-07,-2.9276676562305095e-18,0.0431780893231386,5.825593646166631e-18,-0.0082999660510117,-3.736611798186008e-19,0.094813864289417,-2.3209033838795315e-19,0.9954950181384676,0.001,0.0,0.0
1760945201.417534,0.8467676791133877,5.3,0.0698845400421404,-8.118407114998518e-20,4.477837693907634e-07,-5.771387060048365e-19,0.0432207775361416,5.81786425858338e-18,-0.0083081720417682,-3.7074782523187763e-19,0.0948138620605838,-2.3221904090471725e-19,0.9954950183507484,0.001,0.0,0.0
1760945201.42953,0.8463271245976975,5.3,0.0698845414283931,-4.0287596209672553e-19,4.471041042572533e-07,8.15277725812129e-19,0.0432633984402921,5.809709993110237e-18,-0.0083163650932162,-3.7461351684496e-19,0.0948138598351336,-2.346104061719108e-19,0.9954950185627068,0.001,0.0,0.0
1760945201.4415863,0.8458861367539022,5.3,0.0698845428121756,8.640763238205986e-19,4.464253831456947e-07,-1.475461986959499e-18,0.043305952136596,5.802145642057777e-18,-0.0083245452247742,-3.676812204582973e-19,0.0948138576130617,-2.2961148345342525e-19,0.9954950187743432,0.001,0.0,0.0
1760945201.4536128,0.8454447162653587,5.3,0.0698845441934925,-1.5732309518394429e-18,4.457476046709417e-07,2.9555912476987525e-18,0.0433484387259247,5.793492350130288e-18,-0.0083327124558348,-3.81642623537416e-19,0.0948138553943634,-2.388405325558073e-19,0.9954950189856586,0.001,0.0,0.0
1760945201.465639,0.8450028638143984,5.3,0.0698845455723482,-2.7258338335959433e-19,4.450707678756154e-07,4.5492577472012736e-20,0.0433908583090155,5.7856161313472506e-18,-0.0083408668057652,-3.8174259832828943e-19,0.0948138531790341,-2.40220421380034e-19,0.9954950191966532,0.001,0.0,0.0
1760945201.4775944,0.8445605800823279,5.3,0.0698845469487474,1.8684756626572465e-19,4.4439487188316956e-07,-2.504354132553128e-19,0.0434332109864719,5.77780799726785e-18,-0.0083490082939065,-3.8058488701579728e-19,0.094813850967069,-2.391721513514632e-19,0.9954950194073272,0.001,0.0,0.0
1760945201.4895356,0.844117865749431,5.3,0.0698845483226944,-7.123147165487606e-19,4.437199154386765e-07,2.902281063282164e-20,0.0434754968587634,5.7700197631428026e-18,-0.008357136939574,-3.803914716312136e-19,0.0948138487584635,-2.4273052364541283e-19,0.9954950196176812,0.001,0.0,0.0
1760945201.501576,0.8436747214949698,5.3,0.0698845496941937,3.8416959665892503e-19,4.430458968686495e-07,-6.213687668652374e-19,0.0435177160262258,5.762286615864809e-18,-0.0083652527620579,-3.774812949445856e-19,0.094813846553213,-2.4052490415776587e-19,0.9954950198277156,0.001,0.0,0.0
1760945201.5135105,0.8432311479971858,5.3,0.0698845510632499,2.304338565979496e-18,4.423728158861908e-07,-4.9092855817269e-18,0.0435598685890615,5.75571977771773e-18,-0.0083733557806215,-3.541419379650329e-19,0.0948138443513126,-2.2673009044394034e-19,0.9954950200374312,0.001,0.0,0.0
1760945201.5255473,0.8427871459333016,5.3,0.0698845524298675,2.2507576226977727e-18,4.4170067165724986e-07,-1.5535125737273945e-18,0.0436019546473389,5.748051894413888e-18,-0.0083814460145037,-3.4747305669755743e-19,0.0948138421527578,-2.1479018438467305e-19,0.9954950202468278,0.001,0.0,0.0
1760945201.5374475,0.8423427159795223,5.3,0.0698845537940509,1.550274304977645e-18,4.410294626886332e-07,-7.801711789422666e-19,0.0436439743009936,5.7402300021296545e-18,-0.0083895234829172,-3.443240018644632e-19,0.094813839957544,-2.0670312388087077e-19,0.9954950204559064,0.001,0.0,0.0
1760945201.549394,0.8418978588110364,5.3,0.0698845551558045,-1.3472965246703413e-18,4.4035918794628914e-07,2.567624659484376e-18,0.0436859276498276,5.731712333515986e-18,-0.0083975882050488,-3.5646252530904103e-19,0.0948138377656665,-2.146233040082849e-19,0.9954950206646672,0.001,0.0,0.0
1760945201.561381,0.8414525751020179,5.3,0.0698845565151328,-2.496103101532624e-19,4.396898462414877e-07,1.3601064494250383e-18,0.0437278147935098,5.723459168446679e-18,-0.0084056402000603,-3.63115185047988e-19,0.0948138355771205,-2.1651171100760194e-19,0.9954950208731106,0.001,0.0,0.0
1760945201.5733073,0.8410068655256268,5.3,0.0698845578720403,-2.182461858697964e-18,4.3902143707350297e-07,3.524358129015907e-18,0.0437696358315761,5.714808280078897e-18,-0.0084136794870875,-3.796209763156605e-19,0.0948138333919016,-2.2904351441201187e-19,0.9954950210812372,0.001,0.0,0.0
1760945201.5852642,0.8405607307540109,5.3,0.0698845592265313,-3.3774982672767214e-18,4.383539586695393e-07,3.769093967618931e-18,0.0438113908634295,5.70625017684508e-18,-0.0084217060852408,-3.967802528744245e-19,0.094813831210005,-2.476405066555459e-19,0.9954950212890474,0.001,0.0,0.0
1760945201.5972059,0.8401141714583075,5.3,0.0698845605786104,-1.7234488143245336e-18,4.376874107021987e-07,3.4643541086066712e-18,0.0438530799883402,5.697564776782962e-18,-0.0084297200136049,-4.132071067127773e-19,0.0948138290314262,-2.578629271320235e-19,0.9954950214965416,0.001,0.0,0.0
1760945201.6091807,0.839667188308644,5.3,0.0698845619282819,-1.6571891606429985e-18,4.370217919726906e-07,4.627431596888796e-18,0.0438947033054458,5.688470176012608e-18,-0.0084377212912393,-4.354532408813552e-19,0.0948138268561604,-2.6830517070490733e-19,0.9954950217037202,0.001,0.0,0.0
1760945201.6212227,0.8392197819741395,5.3,0.0698845632755503,-1.4161823960045197e-18,4.363571008719691e-07,4.338346952640062e-18,0.0439362609137513,5.679473980501323e-18,-0.0084457099371777,-4.563761419776398e-19,0.0948138246842031,-2.774111025864112e-19,0.9954950219105836,0.001,0.0,0.0
1760945201.6342542,0.8387719531229066,5.3,0.0698845646204199,7.600097246854089e-19,4.356933367896377e-07,-1.7937152400017818e-18,0.0439777529121292,5.67222774620877e-18,-0.0084536859704288,-4.478141630823941e-19,0.0948138225155497,-2.727805622704564e-19,0.9954950221171324,0.001,0.0,0.0
1760945201.6469436,0.8383237024220525,5.3,0.0698845659628952,1.1898402922356225e-18,4.350304988223033e-07,-2.8792507052979738e-18,0.0440191793993198,5.665284261532516e-18,-0.0084616494099751,-4.340478741400707e-19,0.0948138203501956,-2.654937408908837e-19,0.995495022323367,0.001,0.0,0.0
1760945201.6594756,0.8378750305376799,5.3,0.0698845673029805,3.966365686148733e-18,4.343685857884551e-07,-6.024330217113904e-18,0.0440605404739312,5.658970097198348e-18,-0.0084696002747742,-4.05945131718754e-19,0.0948138181881361,-2.4289839724186706e-19,0.9954950225292878,0.001,0.0,0.0
1760945201.6720064,0.837425938134889,5.3,0.0698845686406802,1.2299786276958692e-19,4.337075968134112e-07,9.876434448641821e-19,0.0441018362344394,5.6508955925479184e-18,-0.0084775385837584,-4.10912775654792e-19,0.0948138160293667,-2.4274991853668354e-19,0.9954950227348952,0.001,0.0,0.0
1760945201.6846228,0.8369764258777783,5.3,0.0698845699759988,7.5083032816319835e-19,4.3304753013139473e-07,-1.2491099880107646e-18,0.0441430667791884,5.6435095606435e-18,-0.0084854643558343,-4.050534723475975e-19,0.0948138138738827,-2.3842134718409217e-19,0.9954950229401898,0.001,0.0,0.0
1760945201.6972651,0.8365264944294463,5.3,0.0698845713089404,2.0699894829922947e-18,4.32388385477373e-07,-3.118899979997117e-18,0.0441842322063904,5.636548699418965e-18,-0.0084933776098835,-3.905122835372897e-19,0.0948138117216796,-2.266409552800016e-19,0.9954950231451718,0.001,0.0,0.0
1760945201.7097955,0.8360761444519927,5.3,0.0698845726395096,2.9084399627220493e-18,4.317301617225045e-07,-5.455336624928533e-18,0.044225332614126,5.630277585049e-18,-0.008501278364762,-3.647395321254918e-19,0.0948138095727528,-2.095791369428189e-19,0.9954950233498416,0.001,0.0,0.0
1760945201.7222729,0.8356253766065201,5.3,0.0698845739677106,1.0786798166483641e-18,4.310728576373801e-07,-7.819963298561291e-19,0.0442663681003441,5.622672963926589e-18,-0.0085091666393004,-3.6135403877881146e-19,0.0948138074270977,-2.038370704624052e-19,0.9954950235542,0.001,0.0,0.0
1760945201.7351425,0.8351741915531345,5.3,0.0698845752935478,-1.123296380449255e-18,4.304164724696242e-07,2.1461563284696313e-18,0.044307338762862,5.614425214753964e-18,-0.0085170424523044,-3.7150123615339794e-19,0.0948138052847098,-2.1044319646205922e-19,0.9954950237582472,0.001,0.0,0.0
1760945201.7476852,0.8347225899509476,5.3,0.0698845766170256,-1.1366951708844011e-18,4.297610047376611e-07,1.6081947172476397e-18,0.0443482446993659,5.60636715090757e-18,-0.008524905822554,-3.7896765508838543e-19,0.0948138031455844,-2.1686349666001607e-19,0.9954950239619836,0.001,0.0,0.0
1760945201.7604387,0.8342705724580773,5.3,0.0698845779381482,2.290434798810041e-18,4.2910645390190237e-07,-2.7196196886783264e-18,0.0443890860074107,5.599270589763636e-18,-0.0085327567688043,-3.665206497006472e-19,0.0948138010097171,-2.0417746548020264e-19,0.9954950241654098,0.001,0.0,0.0
1760945201.772957,0.8338181397316496,5.3,0.0698845792569199,5.987333099701883e-19,4.284528179094035e-07,9.302919493346022e-19,0.0444298627844201,5.591184534521236e-18,-0.0085405953097851,-3.714315010994562e-19,0.0948137988771032,-2.0163628617140496e-19,0.995495024368526,0.001,0.0,0.0
1760945201.7852423,0.8333652924277999,5.3,0.0698845805733451,4.7468769056907655e-19,4.278000971191198e-07,-7.473031844930162e-19,0.0444705751276869,5.583731694914929e-18,-0.0085484214642011,-3.6793853686804352e-19,0.0948137967477382,-1.9891930085859097e-19,0.9954950245713328,0.001,0.0,0.0
1760945201.7972732,0.8329120312016739,5.3,0.0698845818874281,-8.069007628476484e-19,4.271482895261174e-07,1.5528514818112574e-18,0.0445112231343729,5.575711182059009e-18,-0.0085562352507317,-3.7528310057816213e-19,0.0948137946216176,-2.036702817388272e-19,0.9954950247738308,0.001,0.0,0.0
1760945201.8092275,0.8324583567074295,5.3,0.0698845831991732,-2.205436672824082e-18,4.264973939036817e-07,2.185777033639525e-18,0.0445518069015094,5.567687204332465e-18,-0.0085640366880311,-3.851167179828081e-19,0.0948137924987368,-2.1568252671519437e-19,0.99549502497602,0.001,0.0,0.0
1760945201.8211656,0.8320042695982375,5.3,0.0698845845085846,2.8204599476598123e-18,4.2584741027324933e-07,-5.068886904360816e-18,0.0445923265259967,5.561401529194253e-18,-0.0085718257947286,-3.6123035060472442e-19,0.0948137903790912,-1.9924646936479344e-19,0.9954950251779012,0.001,0.0,0.0
1760945201.8332305,0.8315497705262836,5.3,0.0698845858156667,1.4319822298187084e-18,4.2519833624871547e-07,-1.4244011317613088e-18,0.044632782104605,5.554058481262869e-18,-0.0085796025894284,-3.548157647265457e-19,0.0948137882626764,-1.914418349776168e-19,0.9954950253794744,0.001,0.0,0.0
1760945201.8452015,0.8310948601427695,5.3,0.0698845871204236,1.6009272716347677e-18,4.24550172355009e-07,-2.264324507402867e-18,0.0446731737339738,5.546997832792721e-18,-0.0085873670907092,-3.4430491842099727e-19,0.0948137861494878,-1.8240006818504165e-19,0.9954950255807404,0.001,0.0,0.0
1760945201.8572183,0.8306395390979134,5.3,0.0698845884228597,4.0545361988760783e-19,4.239029167043335e-07,-1.4652257514451665e-18,0.0447135015106125,5.539866446650207e-18,-0.0085951193171254,-3.372033133960299e-19,0.094813784039521,-1.7968604990098049e-19,0.9954950257816998,0.001,0.0,0.0
1760945201.8691528,0.8301838080409532,5.3,0.0698845897229792,2.5013739369274722e-18,4.2325656826379066e-07,-2.571652270212065e-18,0.0447537655309003,5.5327903165862076e-18,-0.0086028592872055,-3.2558971399109315e-19,0.0948137819327713,-1.6601860083452335e-19,0.9954950259823526,0.001,0.0,0.0
1760945201.8811605,0.8297276676201456,5.3,0.0698845910207864,3.135446719945747e-18,4.226111261652093e-07,-5.866782167356736e-18,0.0447939658910864,5.52674860489592e-18,-0.0086105870194538,-2.978776180363496e-19,0.0948137798292343,-1.4763170428998242e-19,0.9954950261826996,0.001,0.0,0.0
1760945201.8930666,0.8292711184827694,5.3,0.0698845923162855,1.0830018216945357e-18,4.219665893626341e-07,5.540171919814497e-19,0.0448341026872901,5.5188176330603014e-18,-0.0086183025323491,-3.011423832086841e-19,0.0948137777289054,-1.4250108492737266e-19,0.9954950263827408,0.001,0.0,0.0
1760945201.9050307,0.8288141612751252,5.3,0.0698845936094807,-6.168059522941466e-20,4.213229566236826e-07,2.17012575720819e-19,0.0448741760155009,5.5112029773831634e-18,-0.0086260058443454,-3.021937540768859e-19,0.0948137756317802,-1.4290985651450528e-19,0.9954950265824768,0.001,0.0,0.0
1760945201.9169955,0.828356796642538,5.3,0.0698845949003762,2.16630759395184e-19,4.2068022678074966e-07,-3.2667400474979294e-19,0.0449141859715787,5.503719234002173e-18,-0.008633696973872,-3.0067096306107044e-19,0.0948137735378542,-1.4167704904084756e-19,0.9954950267819084,0.001,0.0,0.0
1760945201.9290411,0.8278990252293575,5.3,0.0698845961889763,-3.511059677008512e-19,4.200383993043182e-07,7.048083032276169e-19,0.0449541326512537,5.495981887812043e-18,-0.0086413759393328,-3.0401169632314466e-19,0.0948137714471229,-1.4375812957203304e-19,0.9954950269810356,0.001,0.0,0.0
1760945201.9411747,0.8274408476789603,5.3,0.0698845974752851,7.449809571980053e-19,4.193974734135081e-07,-1.287883730720166e-18,0.044994016150127,5.488776299791417e-18,-0.008649042759107,-2.9795636218558104e-19,0.0948137693595818,-1.3944075285935712e-19,0.9954950271798588,0.001,0.0,0.0
1760945201.9532716,0.8269822646337505,5.3,0.069884598759307,-1.3722067368030896e-18,4.1875744659085326e-07,2.5610147092656178e-18,0.0450338365636701,5.4805684512498165e-18,-0.0086566974515493,-3.1004955620210013e-19,0.0948137672752263,-1.4748248162991956e-19,0.9954950273783788,0.001,0.0,0.0
1760945201.9658897,0.8265232767351613,5.3,0.069884600041046,-2.4751033931572035e-19,4.181183193319072e-07,1.3343310395514085e-18,0.0450735939872253,5.4726389897966426e-18,-0.0086643400349894,-3.165749445346684e-19,0.0948137651940522,-1.4934825833545697e-19,0.9954950275765958,0.001,0.0,0.0
1760945201.978026,0.8260638846236568,5.3,0.0698846013205063,-1.7657675181075382e-18,4.174800899058426e-07,4.108861351100502e-18,0.0451132885160062,5.463984737272429e-18,-0.0086719705277319,-3.3618694766079483e-19,0.0948137631160547,-1.6008340297475988e-19,0.9954950277745102,0.001,0.0,0.0
1760945201.9901404,0.825604088938732,5.3,0.0698846025976922,1.1786493783665852e-18,4.16842757198148e-07,-1.2420631179420873e-18,0.0451529202450971,5.456735355732354e-18,-0.0086795889480567,-3.3056848543293715e-19,0.0948137610412296,-1.5363135027437244e-19,0.9954950279721224,0.001,0.0,0.0
1760945202.0020587,0.8251438903189159,5.3,0.0698846038726077,2.3082056374598703e-18,4.162063209430043e-07,-2.202840165195597e-18,0.0451924892694539,5.44965310147423e-18,-0.0086871953142193,-3.2069901276660626e-19,0.0948137589695724,-1.4109925160278952e-19,0.9954950281694328,0.001,0.0,0.0
1760945202.0139658,0.8246832894017713,5.3,0.0698846051452571,1.1361249159710908e-19,4.1557077937241066e-07,-9.262001124625626e-19,0.0452319956839033,5.4424908929113154e-18,-0.0086947896444499,-3.161416502313685e-19,0.0948137569010785,-1.4009234217209206e-19,0.995495028366442,0.001,0.0,0.0
1760945202.02602,0.8242222868238966,5.3,0.0698846064156445,-7.809850032204804e-19,4.149361319332766e-07,1.4741095288743457e-18,0.0452714395831439,5.4346342781304565e-18,-0.0087023719569545,-3.2310641542157864e-19,0.0948137548357436,-1.4467737209273598e-19,0.9954950285631504,0.001,0.0,0.0
1760945202.0379727,0.8237608832209277,5.3,0.069884607683774,-2.2846954096339743e-18,4.143023769765173e-07,2.310772043446919e-18,0.0453108210617456,5.426740114640822e-18,-0.008709942269914,-3.335244180819282e-19,0.0948137527735632,-1.5714323928532876e-19,0.9954950287595584,0.001,0.0,0.0
1760945202.0499396,0.8232990792275382,5.3,0.0698846089496499,-1.030328688666389e-20,4.1366951387104697e-07,8.764315148795609e-19,0.04535014021415,5.4189948734770295e-18,-0.008717500601485,-3.378831857916665e-19,0.0948137507145328,-1.5761243340574173e-19,0.995495028955666,0.001,0.0,0.0
1760945202.0618587,0.8228368754774417,5.3,0.0698846102132761,7.200474486045564e-19,4.1303754165932205e-07,-1.2255811724501793e-18,0.0453893971346708,5.411888516097396e-18,-0.0087250469697991,-3.321262898225586e-19,0.0948137486586481,-1.5344834096415534e-19,0.9954950291514744,0.001,0.0,0.0
1760945202.0738857,0.8223742726033925,5.3,0.0698846114746569,-1.309492105387267e-18,4.124064591271074e-07,2.451910530224687e-18,0.0454285919174932,5.403801212977188e-18,-0.0087325813929634,-3.437062998031779e-19,0.0948137466059045,-1.6112628187291446e-19,0.9954950293469834,0.001,0.0,0.0
1760945202.085781,0.8219112712371871,5.3,0.0698846127337963,-3.7712497576951305e-18,4.11776265422826e-07,7.199536876141889e-18,0.0454677246566747,5.39444217950415e-18,-0.0087401038890605,-3.7774941423104505e-19,0.0948137445562978,-1.8330769683235918e-19,0.9954950295421936,0.001,0.0,0.0
1760945202.097722,0.8214478720096657,5.3,0.0698846139906985,-1.7625839057422262e-18,4.111469593899391e-07,4.374134908880352e-18,0.045506795446145,5.385753597086383e-18,-0.0087476144761483,-3.986886459825343e-19,0.0948137425098234,-1.941568252323892e-19,0.9954950297371056,0.001,0.0,0.0
1760945202.1096458,0.8209840755507131,5.3,0.0698846152453676,1.3913876524340757e-18,4.1051854038699373e-07,-1.6135559510361206e-18,0.045545804379706,5.378741802319464e-18,-0.0087551131722603,-3.913225787887085e-19,0.0948137404664769,-1.8647004386614145e-19,0.9954950299317198,0.001,0.0,0.0
1760945202.121596,0.8205198824892603,5.3,0.0698846164978076,-1.9384407628699084e-18,4.0989100691171653e-07,3.619597642420332e-18,0.045584751551032,5.3704081466754814e-18,-0.0087625999954051,-4.0841509390094893e-19,0.0948137384262539,-1.9783064752921285e-19,0.9954950301260364,0.001,0.0,0.0
1760945202.133548,0.8200552934532856,5.3,0.0698846177480226,1.7583589105986476e-18,4.092643575672773e-07,4.312081832704554e-19,0.0456236370536699,5.362616983685763e-18,-0.0087700749635674,-4.113978803456626e-19,0.0948137363891501,-1.8928691580590133e-19,0.9954950303200558,0.001,0.0,0.0
1760945202.145516,0.8195903090698162,5.3,0.0698846189960168,-4.796612691261883e-19,4.086385925774057e-07,1.0102101785103691e-18,0.0456624609810394,5.35497368021671e-18,-0.0087775380947069,-4.1619840419109274e-19,0.094813734355161,-1.92151005679196e-19,0.9954950305137786,0.001,0.0,0.0
1760945202.157483,0.819124929964929,5.3,0.0698846202417942,-2.353512119673687e-18,4.08013710182416e-07,3.816844933516429e-18,0.0457012234264327,5.346667529401579e-18,-0.0087849894067591,-4.340782571576015e-19,0.0948137323242823,-2.0567282016997592e-19,0.9954950307072052,0.001,0.0,0.0
1760945202.1694372,0.8186591567637524,5.3,0.0698846214853588,1.2295703019033308e-18,4.073897089712611e-07,-1.340570201503399e-18,0.0457399244830152,5.339612575025861e-18,-0.0087924289176348,-4.2799339467857065e-19,0.0948137302965095,-1.9892126107195534e-19,0.995495030900336,0.001,0.0,0.0
1760945202.181372,0.8181929900904674,5.3,0.0698846227267147,1.3227359394435772e-18,4.067665887623071e-07,-3.123176150522794e-18,0.0457785642438251,5.333188451746606e-18,-0.0087998566452207,-4.130767318705932e-19,0.0948137282718383,-1.9085705549750864e-19,0.9954950310931712,0.001,0.0,0.0
1760945202.1933272,0.8177264305683087,5.3,0.069884623965866,2.958318388549712e-19,4.061443480856549e-07,8.029859967820162e-20,0.0458171428017739,5.325796793312727e-18,-0.0088072726073789,-4.136135077495065e-19,0.0948137262502643,-1.89421290443368e-19,0.9954950312857116,0.001,0.0,0.0
1760945202.2052784,0.8172594788195663,5.3,0.0698846252028166,-6.039451348423718e-20,4.055229855199951e-07,2.008314358908633e-19,0.0458556602496465,5.318429111313783e-18,-0.0088146768219472,-4.1458442025042577e-19,0.0948137242317831,-1.8981673666819088e-19,0.9954950314779576,0.001,0.0,0.0
1760945202.2172756,0.8167921354655867,5.3,0.0698846264375707,2.0637912130781925e-19,4.049025008804544e-07,-2.9241638831041185e-19,0.0458941166801008,5.3111917903075964e-18,-0.0088220693067391,-4.132272408947892e-19,0.0948137222163903,-1.886511892631808e-19,0.9954950316699092,0.001,0.0,0.0
1760945202.229267,0.816324401126774,5.3,0.0698846276701322,-3.1550581284421374e-19,4.042828927875926e-07,6.561627653845833e-19,0.0459325121856688,5.3037201667171696e-18,-0.0088294500795438,-4.163427897202789e-19,0.0948137202040816,-1.905320622057807e-19,0.995495031861567,0.001,0.0,0.0
1760945202.2412903,0.8158562764225913,5.3,0.0698846289005052,-2.2723287576151282e-18,4.036641601851338e-07,5.031529762777365e-18,0.0459708468587556,5.29498770220166e-18,-0.0088368191581262,-4.403056041659239e-19,0.0948137181948526,-2.0422539589056945e-19,0.9954950320529315,0.001,0.0,0.0
1760945202.2532797,0.8153877619715623,5.3,0.0698846301286937,2.604093371507728e-18,4.030463018471674e-07,-2.4556453110605898e-18,0.0460091207916405,5.288192573002844e-18,-0.0088441765602267,-4.2932435580530895e-19,0.094813716188699,-1.9010510593610946e-19,0.9954950322440032,0.001,0.0,0.0
1760945202.2652779,0.8149188583912718,5.3,0.0698846313547016,2.1628681879731846e-19,4.024293170138317e-07,2.7173588479317184e-19,0.0460473340764764,5.2808033832028216e-18,-0.0088515223035618,-4.307768983635111e-19,0.0948137141856165,-1.8915468534711912e-19,0.9954950324347824,0.001,0.0,0.0
1760945202.277215,0.8144495662983678,5.3,0.0698846325785331,1.3069555844819397e-19,4.0181320462035226e-07,-1.457019610218231e-19,0.0460854868052905,5.273594200992371e-18,-0.0088588564058237,-4.3011405973775943e-19,0.0948137121856006,-1.8843502785700092e-19,0.9954950326252694,0.001,0.0,0.0
1760945202.2892237,0.8139798863085627,5.3,0.069884633800192,-1.6199292292101641e-19,4.011979638508418e-07,3.7740729337553174e-19,0.0461235790699839,5.266257098030202e-18,-0.0088661788846802,-4.319152929156884e-19,0.0948137101886471,-1.8941990637409529e-19,0.9954950328154648,0.001,0.0,0.0
1760945202.3011696,0.8135098190366337,5.3,0.0698846350196824,3.9613174594653233e-19,4.005835931395849e-07,-6.37428889750196e-19,0.0461616109623321,5.2591988586544616e-18,-0.0088734897577751,-4.289312800697224e-19,0.0948137081947516,-1.8714664698689261e-19,0.995495033005369,0.001,0.0,0.0
1760945202.3131595,0.8130393650964252,5.3,0.0698846362370081,-6.820269994222185e-19,3.999700914973189e-07,1.3225544895208284e-18,0.046199582573985,5.251624663189506e-18,-0.008880789042728,-4.3518903715378765e-19,0.0948137062039097,-1.9116711589600422e-19,0.995495033194982,0.001,0.0,0.0
1760945202.325134,0.8125685251008495,5.3,0.0698846374521733,-1.5643412233065144e-18,3.993574587491935e-07,3.7445207469635055e-18,0.0462374939964671,5.243310687636179e-18,-0.0088880767571344,-4.530833060310142e-19,0.0948137042161173,-2.0072760347555904e-19,0.9954950333843052,0.001,0.0,0.0
1760945202.337129,0.8120972996618884,5.3,0.0698846386651818,3.5109918844068963e-19,3.98745693521694e-07,-1.0867693462458865e-18,0.0462753453211774,5.236465385441096e-18,-0.0088953529185655,-4.4784512296901e-19,0.0948137022313699,-1.9846721536134541e-19,0.995495033573338,0.001,0.0,0.0
1760945202.3490596,0.8116256893905935,5.3,0.0698846398760376,-1.018788922113631e-18,3.9813479448230893e-07,1.9303836067758577e-18,0.0463131366393897,5.228741572555391e-18,-0.0089026175445687,-4.569676366960244e-19,0.0948137002496632,-2.044516609531745e-19,0.9954950337620811,0.001,0.0,0.0
1760945202.3610504,0.8111536948970889,5.3,0.0698846410847447,-1.359392898328982e-18,3.975247607997655e-07,2.0122375547799844e-18,0.0463508680422527,5.2210632435470536e-18,-0.0089098706526674,-4.663390007849359e-19,0.094813698270993,-2.1217157360126e-19,0.9954950339505352,0.001,0.0,0.0
1760945202.3729992,0.8106813167905716,5.3,0.0698846422913069,2.2769402796251765e-18,3.969155915431445e-07,-4.059023909510794e-18,0.0463885396207902,5.215012153850433e-18,-0.0089171122603607,-4.472205868876754e-19,0.0948136962953548,-1.9891819676134864e-19,0.9954950341387004,0.001,0.0,0.0
1760945202.38495,0.810208555679313,5.3,0.0698846434957282,2.499594111612289e-18,3.963072854845763e-07,-3.3644493032414383e-18,0.0464261514659011,5.208682956220924e-18,-0.0089243423851238,-4.3165837166136355e-19,0.0948136943227445,-1.848817329024116e-19,0.9954950343265772,0.001,0.0,0.0
1760945202.3969092,0.8097354121706603,5.3,0.0698846446980126,2.9471886716385067e-18,3.9569984160374077e-07,-4.1657586986785056e-18,0.0464637036683595,5.202588424618791e-18,-0.0089315610444079,-4.1232135067139884e-19,0.0948136923531577,-1.6823787215004685e-19,0.995495034514166,0.001,0.0,0.0
1760945202.4088907,0.8092618868710371,5.3,0.069884645898164,-5.166099158978335e-18,3.950932589251165e-07,8.124737645088041e-18,0.046501196318815,5.1933044723062144e-18,-0.0089387682556402,-4.503011595405895e-19,0.0948136903865902,-1.9779420958405152e-19,0.9954950347014674,0.001,0.0,0.0
1760945202.4208677,0.8087879803859458,5.3,0.0698846470961861,2.6096431542154855e-18,3.94487536870645e-07,-4.412873088521064e-18,0.0465386295077927,5.187353691801143e-18,-0.0089459640362242,-4.295854227018344e-19,0.0948136884230377,-1.827219129544956e-19,0.9954950348884816,0.001,0.0,0.0
1760945202.4329877,0.8083136933199677,5.3,0.0698846482920831,-1.3508649605782582e-18,3.938826738195837e-07,3.0890115069377505e-18,0.0465760033256932,5.1793415004137695e-18,-0.008953148403539,-4.443131975491665e-19,0.0948136864624959,-1.909054443363837e-19,0.995495035075209,0.001,0.0,0.0
1760945202.4449906,0.8078390262767651,5.3,0.0698846494858587,1.6721046242937045e-19,3.932786695239648e-07,6.040594542333891e-19,0.0466133178627931,5.171976701389348e-18,-0.0089603213749404,-4.474015521959752e-19,0.0948136845049604,-1.9036130528343306e-19,0.99549503526165,0.001,0.0,0.0
1760945202.4571378,0.8073639798590823,5.3,0.0698846506775168,-2.5448490761317273e-18,3.926755219312239e-07,5.540387012182061e-18,0.0466505732092447,5.16326418198503e-18,-0.00896748296776,-4.737674587511396e-19,0.0948136825504271,-2.056514840275055e-19,0.9954950354478052,0.001,0.0,0.0
1760945202.4691303,0.8068885546687463,5.3,0.0698846518670613,1.7649358715608446e-19,3.920732308016789e-07,2.7764122076363813e-18,0.0466877694550764,5.155144835223488e-18,-0.0089746331993057,-4.8767321083262e-19,0.0948136805988918,-2.0609222957304574e-19,0.9954950356336748,0.001,0.0,0.0
1760945202.481836,0.8064127513066695,5.3,0.0698846530544962,2.152451830772665e-18,3.9147179534222497e-07,-3.778579805938664e-18,0.0467249066901927,5.149109435857279e-18,-0.0089817720868615,-4.698923518096836e-19,0.09481367865035,-1.9358980718171256e-19,0.9954950358192592,0.001,0.0,0.0
1760945202.4945035,0.8059365703728493,5.3,0.0698846542398252,3.2258653134250607e-18,3.908712134763321e-07,-3.3217020477399934e-18,0.0467619850043744,5.1427089433620186e-18,-0.0089888996476874,-4.548873755796844e-19,0.0948136767047976,-1.759595115614256e-19,0.9954950360045592,0.001,0.0,0.0
1760945202.5067291,0.8054600124663704,5.3,0.0698846554230522,-1.216785394476192e-18,3.902714851546389e-07,1.5144439421174899e-18,0.0467990044872788,5.13526315122723e-18,-0.0089960158990201,-4.618441101716897e-19,0.0948136747622304,-1.8272897569181897e-19,0.9954950361895744,0.001,0.0,0.0
1760945202.518747,0.804983078185406,5.3,0.0698846566041811,-2.041181196503775e-18,3.896726088729305e-07,1.869905044212173e-18,0.0468359652284394,5.12787322763342e-18,-0.0090031208580723,-4.701835689844849e-19,0.094813672822644,-1.9377447147603272e-19,0.995495036374306,0.001,0.0,0.0
1760945202.5307655,0.8045057681272184,5.3,0.0698846577832156,-4.769470313484287e-18,3.890745841575546e-07,6.269402454131416e-18,0.0468728673172667,5.119306268969661e-18,-0.0090102145420329,-4.991240598463836e-19,0.0948136708860343,-2.204832708244674e-19,0.995495036558754,0.001,0.0,0.0
1760945202.5427136,0.804028082888161,5.3,0.0698846589601598,9.387758765640893e-19,3.8847740896803146e-07,-1.3843407809530233e-18,0.0469097108430478,5.112652111723306e-18,-0.0090172969680673,-4.926858898555335e-19,0.094813668952397,-2.1516083627581972e-19,0.9954950367429188,0.001,0.0,0.0
1760945202.5546627,0.8035500230636787,5.3,0.0698846601350172,-1.979337839504218e-18,3.878810836090244e-07,2.33103180160766e-18,0.0469464958949466,5.105098155541373e-18,-0.009024368153317,-5.03346665600258e-19,0.094813667021728,-2.261146521182732e-19,0.9954950369268012,0.001,0.0,0.0
1760945202.566605,0.8030715892483105,5.3,0.0698846613077919,-3.985701867818988e-18,3.8728560671211057e-07,6.2268279896154004e-18,0.0469832225620042,5.0964503209802334e-18,-0.0090314281149,-5.324472422497053e-19,0.0948136650940229,-2.489028592582032e-19,0.9954950371104008,0.001,0.0,0.0
1760945202.578602,0.802592782035689,5.3,0.0698846624784876,5.316029331632155e-19,3.866909763559617e-07,-6.133919446747314e-19,0.0470198909331387,5.089611836241798e-18,-0.0090384768699107,-5.296527077081407e-19,0.0948136631692775,-2.4597130690635495e-19,0.9954950372937188,0.001,0.0,0.0
1760945202.590546,0.8021136020185434,5.3,0.0698846636471082,-7.236562169551534e-19,3.860971925356158e-07,1.4214484297260074e-18,0.0470565010971456,5.0822103446373146e-18,-0.0090455144354198,-5.363828980047818e-19,0.0948136612474877,-2.502456627933378e-19,0.9954950374767554,0.001,0.0,0.0
1760945202.6025743,0.8016340497886997,5.3,0.0698846648136573,1.503209834609581e-18,3.8550425374438523e-07,-2.63079024742299e-18,0.0470930531426976,5.075964689320281e-18,-0.0090525408284746,-5.240047823466048e-19,0.0948136593286492,-2.4151898475188333e-19,0.9954950376595108,0.001,0.0,0.0
1760945202.614747,0.801154125937082,5.3,0.0698846659781389,1.637892720464607e-19,3.8491215925335313e-07,-1.0139373122428816e-18,0.0471295471583452,5.069354253718626e-18,-0.0090595560660986,-5.190340460630542e-19,0.0948136574127579,-2.4022152678363443e-19,0.9954950378419856,0.001,0.0,0.0
1760945202.6268175,0.8006738310537143,5.3,0.0698846671405567,-1.3109416483264394e-18,3.843209082928622e-07,1.1070353368075518e-18,0.0471659832325162,5.062203506137147e-18,-0.0090665601652922,-5.239207705771213e-19,0.0948136554998095,-2.4726979335076637e-19,0.99549503802418,0.001,0.0,0.0
1760945202.638987,0.8001931657277207,5.3,0.0698846683009144,-2.3175563544839082e-18,3.8373049914144393e-07,2.3833586891370736e-18,0.0472023614535164,5.054740111716242e-18,-0.0090735531430317,-5.346839867199676e-19,0.0948136535897999,-2.5993407403777472e-19,0.9954950382060944,0.001,0.0,0.0
1760945202.6510353,0.799712130547328,5.3,0.0698846694592159,3.4777835056809545e-18,3.831409313376621e-07,-4.8854590994304674e-18,0.0472386819095295,5.049042056179394e-18,-0.0090805350162702,-5.120223753482608e-19,0.0948136516827248,-2.403141298039668e-19,0.9954950383877296,0.001,0.0,0.0
1760945202.6631825,0.7992307260998658,5.3,0.0698846706154649,-3.468311678656237e-18,3.82552203640488e-07,2.8838222063893174e-18,0.047274944688617,5.0415920674385096e-18,-0.0090875058019374,-5.247249777195428e-19,0.0948136497785801,-2.5893680124870134e-19,0.9954950385690854,0.001,0.0,0.0
1760945202.6752403,0.7987489529717683,5.3,0.0698846717696653,5.77895170421934e-19,3.819643151651099e-07,-1.5486238256710786e-18,0.0473111498787189,5.035126980265176e-18,-0.0090944655169397,-5.1729489348151565e-19,0.0948136478773615,-2.5533078211788734e-19,0.9954950387501628,0.001,0.0,0.0
1760945202.6872191,0.7982668117485756,5.3,0.0698846729218206,1.9148025454525887e-18,3.8137726499965597e-07,-2.840234914263979e-18,0.0473472975676532,5.028951296401934e-18,-0.0091014141781599,-5.040666467034759e-19,0.0948136459790651,-2.444549518743928e-19,0.9954950389309616,0.001,0.0,0.0
1760945202.699145,0.7977843030149349,5.3,0.0698846740719347,2.423453487315326e-19,3.807910521846497e-07,2.1554881962450685e-19,0.0473833878431162,5.021936415102384e-18,-0.0091083518024574,-5.05251429513165e-19,0.0948136440836864,-2.433488574029449e-19,0.9954950391114824,0.001,0.0,0.0
1760945202.711053,0.7973014273546012,5.3,0.0698846752200113,7.678832827060559e-20,3.802056754256528e-07,-3.1128329623085605e-20,0.047419420792683,5.015057835721453e-18,-0.0091152784066683,-5.051331560042843e-19,0.0948136421912215,-2.429517421886024e-19,0.995495039291726,0.001,0.0,0.0
1760945202.7230663,0.7968181853504394,5.3,0.0698846763660542,-4.113927398721731e-20,3.796211343910358e-07,1.7466405337981204e-19,0.0474553965038073,5.008112428717486e-18,-0.0091221940076053,-5.059828379008504e-19,0.0948136403016662,-2.432391725646592e-19,0.9954950394716924,0.001,0.0,0.0
1760945202.735102,0.7963345775844246,5.3,0.069884677510067,1.797427269377387e-19,3.7903742702320523e-07,-2.2707945564494507e-19,0.0474913150638214,5.001297006550836e-18,-0.009129098622058,-5.04938156483289e-19,0.0948136384150162,-2.422371229933309e-19,0.995495039651382,0.001,0.0,0.0
1760945202.7482212,0.795850604637644,5.3,0.0698846786520536,2.717646148351081e-18,3.784545527897196e-07,-5.658941440963425e-18,0.0475271765599367,4.996115133781434e-18,-0.0091359922667924,-4.780646298680338e-19,0.0948136365312674,-2.260305466101031e-19,0.9954950398307952,0.001,0.0,0.0
1760945202.766532,0.7953662670902981,5.3,0.0698846797920175,-2.838120979432376e-18,3.778725111129558e-07,4.4266331802926924e-18,0.0475629810792433,4.988041723351096e-18,-0.0091428749585516,-4.98742742193013e-19,0.0948136346504157,-2.422490399023155e-19,0.9954950400099328,0.001,0.0,0.0
1760945202.7851863,0.7948815655217017,5.3,0.0698846809299626,1.0651819965289926e-18,3.77291300205871e-07,-3.7623419955220995e-18,0.0475987287087109,4.982438860106925e-18,-0.0091497467140553,-4.805288352809828e-19,0.094813632772457,-2.3516833432355607e-19,0.9954950401887944,0.001,0.0,0.0
1760945202.8038359,0.7943965005102853,5.3,0.0698846820658924,-5.314312962630381e-19,3.767109199760933e-07,2.170788680920424e-19,0.0476344195351881,4.9755998907158416e-18,-0.0091566075499997,-4.813534480831082e-19,0.0948136308973872,-2.3791440703300964e-19,0.9954950403673812,0.001,0.0,0.0
1760945202.8224368,0.7939110726335958,5.3,0.0698846831998108,4.477438240628048e-19,3.761313693281226e-07,-7.299737301773168e-19,0.047670053645403,4.968976881610085e-18,-0.0091634574830582,-4.779331659682446e-19,0.094813629025202,-2.3534081792132665e-19,0.9954950405456932,0.001,0.0,0.0
1760945202.8452003,0.7934252824682988,5.3,0.0698846843317212,2.629787012727081e-18,3.755526467338217e-07,-4.138400495999358e-18,0.0477056311259634,4.963271194622492e-18,-0.009170296529881,-4.585843954863799e-19,0.0948136271558974,-2.202918361604782e-19,0.9954950407237309,0.001,0.0,0.0
1760945202.8576686,0.7929391305901788,5.3,0.0698846854616276,1.3831399336805982e-18,3.74974751396662e-07,-4.0473005580724175e-18,0.0477411520633566,4.9577441173441146e-18,-0.009177124707095,-4.39094787019051e-19,0.0948136252894693,-2.1148732297673994e-19,0.9954950409014944,0.001,0.0,0.0
1760945202.8696952,0.792452617574141,5.3,0.0698846865895335,-9.128928536815305e-19,3.743976820963602e-07,9.074195802257404e-19,0.0477766165439496,4.9507443676261e-18,-0.009183942031304,-4.431737642002681e-19,0.0948136234259135,-2.1645854931032169e-19,0.9954950410789846,0.001,0.0,0.0
1760945202.8817232,0.7919657439942122,5.3,0.0698846877154426,2.0659431840834745e-18,3.73821438109152e-07,-9.52488773866525e-19,0.0478120246539895,4.943966484600533e-18,-0.0091907485190889,-4.394138074001064e-19,0.094813621565226,-2.057270901481759e-19,0.9954950412562014,0.001,0.0,0.0
1760945202.8937116,0.791478510423542,5.3,0.0698846888393585,1.6757404891966153e-18,3.7324601862764193e-07,-2.370576716329149e-18,0.0478473764796032,4.937793824414771e-18,-0.0091975441870073,-4.2841023483899683e-19,0.0948136197074026,-1.9626205897243277e-19,0.9954950414331456,0.001,0.0,0.0
1760945202.9059107,0.7909909174344045,5.3,0.0698846899612849,-3.121546148210548e-18,3.726714229658393e-07,4.406086628399706e-18,0.0478826721067979,4.9298388751801444e-18,-0.009204329051594,-4.488550349050386e-19,0.0948136178524392,-2.1388262760304578e-19,0.9954950416098172,0.001,0.0,0.0
1760945202.918046,0.7905029655981991,5.3,0.0698846910812254,-3.95335243109249e-19,3.7209764907729705e-07,2.3093537524736552e-18,0.0479179116214612,4.922269963320578e-18,-0.0092111031293605,-4.6016427429732725e-19,0.0948136160003318,-2.169481606611203e-19,0.9954950417862168,0.001,0.0,0.0
1760945202.9303775,0.7900146554854517,5.3,0.0698846921991837,-1.7972203749472656e-18,3.715246966024728e-07,1.470945493679886e-18,0.0479530951093608,4.915242597007133e-18,-0.0092178664367954,-4.666348671935101e-19,0.0948136141510763,-2.265897259812796e-19,0.995495041962345,0.001,0.0,0.0
1760945202.942488,0.7895259876658162,5.3,0.0698846933151634,-9.101960315458899e-19,3.70952564943593e-07,2.5355544917365145e-18,0.0479882226561452,4.907671458553796e-18,-0.0092246189903643,-4.788228426886074e-19,0.0948136123046685,-2.3232303354416335e-19,0.9954950421382016,0.001,0.0,0.0
1760945202.9547112,0.7890369627080753,5.3,0.069884694429168,-4.835519935393538e-19,3.703812523891e-07,1.8033080051414774e-18,0.0480232943473435,4.900312198009302e-18,-0.0092313608065101,-4.875702428724043e-19,0.0948136104611044,-2.3558529648545274e-19,0.9954950423137876,0.001,0.0,0.0
1760945202.9669704,0.7885475811801425,5.3,0.0698846955412014,2.1349194310183183e-18,3.698107581614052e-07,-2.409114957810848e-18,0.0480583102683654,4.8941422603878134e-18,-0.0092380919016525,-4.765951457770202e-19,0.0948136086203799,-2.2381983377917507e-19,0.9954950424891033,0.001,0.0,0.0
1760945202.979115,0.7880578436490622,5.3,0.0698846966512669,9.228942034287385e-19,3.69241081244315e-07,3.476189415383961e-19,0.0480932705045017,4.887124396685945e-18,-0.0092448122921884,-4.787601740422966e-19,0.094813606782491,-2.1938942602196335e-19,0.9954950426641488,0.001,0.0,0.0
1760945202.9913523,0.7875677506810117,5.3,0.0698846977593683,-1.4497996615574646e-19,3.686722212889413e-07,3.8555050567265177e-19,0.0481281751409242,4.880284153526071e-18,-0.0092515219944919,-4.806105700438474e-19,0.0948136049474336,-2.2029272175533393e-19,0.9954950428389244,0.001,0.0,0.0
1760945203.0035698,0.7870773028413022,5.3,0.0698846988655092,3.9633899872361173e-19,3.681041759467535e-07,-6.282512906725423e-19,0.048163024262686,4.873735437418279e-18,-0.0092582210249142,-4.776723589718658e-19,0.0948136031152036,-2.180227818311018e-19,0.995495043013431,0.001,0.0,0.0
1760945203.0157535,0.78658650069438,5.3,0.0698846999696931,2.2917960090163393e-18,3.675369456581051e-07,-4.892636556855084e-18,0.0481978179547211,4.868516748844497e-18,-0.0092649093997836,-4.544101014443672e-19,0.094813601285797,-2.0429838842959318e-19,0.9954950431876686,0.001,0.0,0.0
1760945203.0279644,0.7860953448038276,5.3,0.0698847010719236,1.3840369997023654e-18,3.669705284402991e-07,-2.711413396981355e-18,0.0482325563018452,4.862641483207595e-18,-0.0092715871354058,-4.415680527253925e-19,0.0948135994592096,-1.9612284634300872e-19,0.9954950433616376,0.001,0.0,0.0
1760945203.040132,0.785603835732365,5.3,0.0698847021722042,1.5320389481513083e-19,3.66404924145953e-07,-1.0151436652475853e-18,0.0482672393887556,4.856293266819531e-18,-0.0092782542480633,-4.36586187708903e-19,0.0948135976354376,-1.9487759528231544e-19,0.9954950435353384,0.001,0.0,0.0
1760945203.0523713,0.7851119740418513,5.3,0.0698847032705386,-8.672924808760177e-19,3.658401312341932e-07,1.6478959880753666e-18,0.0483018673000311,4.849121134187991e-18,-0.0092849107540162,-4.443747197615361e-19,0.0948135958144768,-1.9997441754496484e-19,0.9954950437087716,0.001,0.0,0.0
1760945203.06448,0.7846197602932853,5.3,0.0698847043669304,1.7491512744780298e-18,3.652761484829887e-07,-3.096122516758827e-18,0.0483364401201324,4.8433376730792316e-18,-0.0092915566695019,-4.2979775022797705e-19,0.0948135939963233,-1.8980347905668293e-19,0.9954950438819374,0.001,0.0,0.0
1760945203.0766823,0.7841271950468067,5.3,0.0698847054613829,3.5209216476468245e-18,3.647129758820161e-07,-5.225991091155686e-18,0.048370957933402,4.838090611012067e-18,-0.0092981920107349,-4.0545671096271154e-19,0.0948135921809729,-1.698027776382489e-19,0.9954950440548362,0.001,0.0,0.0
1760945203.0888371,0.7836342788616979,5.3,0.0698847065539,2.9906181777134732e-18,3.6415061142629197e-07,-6.320735801358676e-18,0.0484054208240645,4.833365510618052e-18,-0.0093048167939073,-3.7541435262892215e-19,0.0948135903684217,-1.519202174279003e-19,0.9954950442274684,0.001,0.0,0.0
1760945203.100968,0.7831410122963846,5.3,0.0698847076444849,-5.377357614586319e-19,3.6358905485610213e-07,-5.999274439464106e-19,0.0484398288762268,4.827035134717122e-18,-0.0093114310351882,-3.7216768287293714e-19,0.0948135885586656,-1.5430815641140132e-19,0.9954950443998344,0.001,0.0,0.0
1760945203.113039,0.7826473959084372,5.3,0.0698847087331414,-2.0771435502008014e-19,3.630283049568555e-07,4.218975593652002e-19,0.048474182173878,4.8202374604063094e-18,-0.0093180347507243,-3.7416810382011103e-19,0.0948135867517006,-1.5554229995898704e-19,0.9954950445719346,0.001,0.0,0.0
1760945203.1250503,0.7821534302545722,5.3,0.0698847098198729,4.509039800594261e-19,3.6246836065422217e-07,-7.50211898978096e-19,0.0485084808008894,4.813786021144534e-18,-0.0093246279566396,-3.706488628008089e-19,0.0948135849475227,-1.5294309218855314e-19,0.9954950447437692,0.001,0.0,0.0
1760945203.1369717,0.7816591158906532,5.3,0.0698847109046829,-8.009370815871246e-19,3.619092211524259e-07,1.5259123049694848e-18,0.0485427248410153,4.80668102510149e-18,-0.0093312106690356,-3.7786210097861115e-19,0.0948135831461279,-1.5765159271598692e-19,0.9954950449153388,0.001,0.0,0.0
1760945203.1502683,0.7811644533716918,5.3,0.069884711987575,-1.3476712240600099e-18,3.61350884903178e-07,3.33783517367376e-18,0.0485769143778923,4.798975532302448e-18,-0.009337782903991,-3.9383536637584714e-19,0.0948135813475123,-1.6594119695624305e-19,0.9954950450866438,0.001,0.0,0.0
1760945203.168661,0.7806694432518497,5.3,0.0698847130685527,-3.9307972305009455e-18,3.607933519451922e-07,4.7757111598926746e-18,0.04861104949504,4.791162199590279e-18,-0.0093443446775622,-4.157416344946296e-19,0.0948135795516717,-1.8776779057023122e-19,0.9954950452576844,0.001,0.0,0.0
1760945203.19063,0.7801740860844391,5.3,0.0698847141476194,-1.5445278615742921e-18,3.602366204692376e-07,3.921002039624426e-19,0.0486451302758608,4.784633874141905e-18,-0.0093508960057833,-4.1696545123674217e-19,0.0948135777586023,-1.9564442491949325e-19,0.995495045428461,0.001,0.0,0.0
1760945203.2096975,0.7796783824219234,5.3,0.0698847152247787,-5.089400394337057e-18,3.596806894932909e-07,8.078524168348733e-18,0.0486791568036403,4.775755136601426e-18,-0.0093574369046652,-4.547556936378968e-19,0.0948135759682999,-2.2480203719878744e-19,0.995495045598974,0.001,0.0,0.0
1760945203.2269676,0.7791823328159202,5.3,0.0698847163000341,-4.2472172506352777e-19,3.591255588324095e-07,1.9293752596276576e-18,0.0487131291615472,4.7684995768899496e-18,-0.0093639673901972,-4.641637389794594e-19,0.0948135741807608,-2.2783617867587207e-19,0.995495045769224,0.001,0.0,0.0
1760945203.2390475,0.7786859378172004,5.3,0.069884717373389,-2.0862713040314377e-18,3.5857122698616135e-07,1.9926053937366667e-18,0.0487470474326334,4.761521592840578e-18,-0.0093704874783454,-4.730929401630397e-19,0.0948135723959808,-2.3916341091046774e-19,0.9954950459392112,0.001,0.0,0.0
1760945203.2511573,0.7781891979756911,5.3,0.0698847184448469,-8.146844525674621e-21,3.580176927811696e-07,8.03654074628438e-19,0.0487809116998344,4.754652062214064e-18,-0.0093769971850541,-4.770902927638964e-19,0.0948135706139561,-2.3958719700286244e-19,0.995495046108936,0.001,0.0,0.0
1760945203.263166,0.7776921138404755,5.3,0.0698847195144113,-3.1842837610807712e-18,3.574649553807955e-07,3.9873593358454495e-18,0.0488147220459693,4.7470702554711196e-18,-0.0093834965262449,-4.954246877926807e-19,0.0948135688346825,-2.573235212000485e-19,0.9954950462783988,0.001,0.0,0.0
1760945203.2751155,0.777194685959795,5.3,0.0698847205820857,5.61931333659772e-18,3.569130138431919e-07,-7.418689703293244e-18,0.0488484785537406,4.742480327992834e-18,-0.0093899855178171,-4.611733645121246e-19,0.0948135670581562,-2.258469085854444e-19,0.9954950464475996,0.001,0.0,0.0
1760945203.2871213,0.77669691488105,5.3,0.0698847216478734,5.0326328203205944e-18,3.563618678714708e-07,-6.82673382399875e-18,0.048882181305735,4.737762404741385e-18,-0.0093964641756477,-4.2957870603186667e-19,0.0948135652843733,-1.97560143267064e-19,0.9954950466165392,0.001,0.0,0.0
1760945203.2991211,0.7761988011508008,5.3,0.0698847227117781,1.4914272222383922e-18,3.558115154198642e-07,-3.678340507849395e-18,0.0489158303844228,4.732404134354954e-18,-0.0094029325155912,-4.1197394028920105e-19,0.0948135635133297,-1.8838883541138584e-19,0.9954950467852182,0.001,0.0,0.0
1760945203.31113,0.7757003453147691,5.3,0.069884723773803,-3.636052277465116e-18,3.55261956001121e-07,6.676653107584383e-18,0.0489494258721584,4.7238760739380115e-18,-0.0094093905534801,-4.434727290726813e-19,0.0948135617450215,-2.096459883445424e-19,0.9954950469536366,0.001,0.0,0.0
1760945203.3232002,0.7752015479178395,5.3,0.0698847248339517,7.20202402897413e-19,3.5471318880456626e-07,-9.541713288286297e-19,0.0489829678511807,4.717596619753334e-18,-0.0094158383051244,-4.390723670667498e-19,0.0948135599794448,-2.0561415652708521e-19,0.9954950471217948,0.001,0.0,0.0
1760945203.3351548,0.7747024095040599,5.3,0.0698847258922275,-1.0892837290115936e-18,3.541652121315193e-07,2.0713153273497536e-18,0.0490164564036127,4.7104517648988536e-18,-0.0094222757863119,-4.488628978088863e-19,0.0948135582165957,-2.120157844455721e-19,0.9954950472896932,0.001,0.0,0.0
1760945203.34712,0.7742029306166436,5.3,0.069884726948634,-7.703861886357702e-19,3.536180264044511e-07,2.305444379747873e-18,0.0490498916114617,4.703175357448622e-18,-0.0094287030128082,-4.599726985517092e-19,0.0948135564564701,-2.1694359814658315e-19,0.995495047457332,0.001,0.0,0.0
1760945203.3591135,0.7737031117979695,5.3,0.0698847280031744,-7.35564582608097e-19,3.5307162965919773e-07,2.256479702830061e-18,0.0490832735566198,4.695940312889148e-18,-0.0094351200003568,-4.708556049811088e-19,0.0948135546990643,-2.216746062657693e-19,0.995495047624712,0.001,0.0,0.0
1760945203.371152,0.773202953589584,5.3,0.0698847290558523,-1.2338022352476828e-18,3.525260207369049e-07,1.800613328714196e-18,0.0491166023208637,4.6889491933502336e-18,-0.0094415267646789,-4.792337372162712e-19,0.0948135529443741,-2.2866895102779773e-19,0.9954950477918332,0.001,0.0,0.0
1760945203.3832488,0.772702456532202,5.3,0.069884730106671,-9.163774623794054e-19,3.519811990444231e-07,2.568137909108257e-18,0.049149877985855,4.681635794818226e-18,-0.0094479233214735,-4.915813154511838e-19,0.0948135511923959,-2.344479128013478e-19,0.9954950479586964,0.001,0.0,0.0
1760945203.3953495,0.7722016211657079,5.3,0.069884731155634,3.3956231902405128e-18,3.514371634974452e-07,-3.339237654372712e-18,0.04918310063314,4.675941780160559e-18,-0.009454309686418,-4.765758753981244e-19,0.0948135494431255,-2.1596837145722344e-19,0.9954950481253012,0.001,0.0,0.0
1760945203.4075098,0.7717004480291569,5.3,0.0698847322027445,1.6550784587550536e-18,3.508939138410526e-07,-4.5093417651244484e-18,0.0492162703441504,4.6709635047579284e-18,-0.009460685875167,-4.549167590702923e-19,0.0948135476965592,-2.0559083985009505e-19,0.9954950482916488,0.001,0.0,0.0
1760945203.4196148,0.7711989376607761,5.3,0.0698847332480061,1.995102982481112e-18,3.50351448578121e-07,-3.834979581668519e-18,0.049249387200203,4.665687607356976e-18,-0.0094670519033532,-4.367733193619093e-19,0.0948135459526929,-1.938425409132278e-19,0.9954950484577392,0.001,0.0,0.0
1760945203.4316385,0.7706970905979657,5.3,0.0698847342914221,-4.8873155238654386e-18,3.498097661900638e-07,6.238429848235673e-18,0.0492824512824998,4.6576096829810345e-18,-0.0094734077865875,-4.654981127507859e-19,0.0948135442115229,-2.211182333718808e-19,0.9954950486235729,0.001,0.0,0.0
1760945203.443736,0.7701949073773001,5.3,0.0698847353329959,1.855067664131973e-18,3.4926886620039933e-07,-3.290143479429885e-19,0.0493154626721283,4.650999591557819e-18,-0.0094797535404587,-4.6474613146433e-19,0.0948135424730452,-2.1173642658424185e-19,0.99549504878915,0.001,0.0,0.0
1760945203.4557512,0.7696923885345294,5.3,0.0698847363727308,2.2750972890294912e-18,3.4872874792460855e-07,-3.4553203262846943e-18,0.0493484214500616,4.645574889742082e-18,-0.0094860891805335,-4.4862914984734685e-19,0.0948135407372559,-1.9877489229491105e-19,0.9954950489544712,0.001,0.0,0.0
1760945203.4678087,0.7691895346045801,5.3,0.0698847374106301,-4.245590922943224e-19,3.4818940973084493e-07,1.4132967941610681e-18,0.0493813276971587,4.638669665442744e-18,-0.0094924147223567,-4.554576672468498e-19,0.0948135390041512,-2.0155481096334032e-19,0.9954950491195366,0.001,0.0,0.0
1760945203.4798756,0.7686863461215565,5.3,0.0698847384466974,-1.6148505309530677e-18,3.476508513807401e-07,3.8467335454053364e-18,0.0494141814941641,4.631023321768049e-18,-0.009498730181451,-4.738366895481887e-19,0.0948135372737271,-2.114147905358569e-19,0.9954950492843466,0.001,0.0,0.0
1760945203.4919243,0.768182823618742,5.3,0.0698847394809358,-2.0617780173135498e-18,3.4711307162723484e-07,5.482934005597728e-18,0.0494469829217083,4.622814888623952e-18,-0.0095050355733175,-5.00148749591345e-19,0.0948135355459798,-2.242758666348229e-19,0.9954950494489015,0.001,0.0,0.0
1760945203.503916,0.7676789676285999,5.3,0.0698847405133488,-1.425336888941373e-18,3.465760692742538e-07,1.615091388672119e-18,0.0494797320603082,4.616047772392203e-18,-0.0095113309134351,-5.075161294975176e-19,0.0948135338209054,-2.3213713878706704e-19,0.9954950496132025,0.001,0.0,0.0
1760945203.5159404,0.7671747786827747,5.3,0.0698847415439397,-1.8582291155934936e-18,3.460398436631642e-07,1.5466005037023306e-18,0.0495124289903666,4.6093780546151125e-18,-0.0095176162172608,-5.143334877208565e-19,0.0948135320985001,-2.421191594844924e-19,0.9954950497772488,0.001,0.0,0.0
1760945203.5280192,0.7666702573120935,5.3,0.0698847425727118,-1.2623928907638351e-18,3.455043941631269e-07,1.816502938638901e-18,0.0495450737921728,4.6025163497913915e-18,-0.0095238915002299,-5.227762857765884e-19,0.09481353037876,-2.49264422965339e-19,0.9954950499410412,0.001,0.0,0.0
1760945203.540131,0.7661654040465666,5.3,0.0698847435996684,-8.886113792658091e-19,3.449697189036576e-07,2.523868679172857e-18,0.0495776665459023,4.595320948850089e-18,-0.009530156777756,-5.3491673540515415e-19,0.0948135286616812,-2.5488425976391056e-19,0.9954950501045802,0.001,0.0,0.0
1760945203.552194,0.7656602194153896,5.3,0.0698847446248129,-1.387499150777187e-18,3.444358177503807e-07,7.270515057255597e-19,0.0496102073316176,4.588929582563268e-18,-0.0095364120652305,-5.378797924350401e-19,0.0948135269472598,-2.6213481412831704e-19,0.995495050267866,0.001,0.0,0.0
1760945203.564216,0.7651547039469436,5.3,0.0698847456481485,1.2663475857394844e-18,3.4390268940956565e-07,-2.227714114908464e-18,0.0496426962292676,4.583252419044503e-18,-0.0095426573780234,-5.273946018334283e-19,0.0948135252354921,-2.5477861316323136e-19,0.9954950504308993,0.001,0.0,0.0
1760945203.576187,0.7646488581687966,5.3,0.0698847466696786,5.999178861603086e-19,3.433703329165081e-07,-1.8051478036920437e-18,0.0496751333186882,4.577539225558369e-18,-0.0095488927314827,-5.186935464564792e-19,0.0948135235263742,-2.509360410269592e-19,0.99549505059368,0.001,0.0,0.0
1760945203.588202,0.7641426826077051,5.3,0.0698847476894065,1.2561423738794816e-18,3.428387471905115e-07,-3.012187980260537e-18,0.0497075186796021,4.5722148127558475e-18,-0.0095551181409346,-5.042971649068249e-19,0.0948135218199023,-2.432564664408297e-19,0.9954950507562088,0.001,0.0,0.0
1760945203.6001785,0.7636361777896147,5.3,0.0698847487073354,-3.93117928892658e-18,3.423079316572892e-07,5.981049678564883e-18,0.0497398523916193,4.564195653303008e-18,-0.009561333621684,-5.321950545597112e-19,0.0948135201160725,-2.6565289408457244e-19,0.995495050918486,0.001,0.0,0.0
1760945203.6121955,0.7631293442396614,5.3,0.0698847497234687,8.101493230493482e-19,3.417778850160719e-07,-1.229174507457642e-18,0.0497721345342368,4.558268872797911e-18,-0.0095675391890136,-5.264680873631517e-19,0.094813518414881,-2.610433509391744e-19,0.995495051080512,0.001,0.0,0.0
1760945203.6240854,0.7626221824821731,5.3,0.0698847507378096,2.501929804629132e-18,3.412486060193958e-07,-2.532206685535727e-18,0.0498043651868391,4.552581109361137e-18,-0.009573734858185,-5.150513816619281e-19,0.0948135167163239,-2.4739154577843244e-19,0.9954950512422868,0.001,0.0,0.0
1760945203.6362023,0.7621146930406703,5.3,0.0698847517503615,4.0579253810759896e-18,3.407200946409238e-07,-4.7908514324306124e-18,0.0498365444286982,4.54753233336083e-18,-0.0095799206444376,-4.931309977485263e-19,0.0948135150203975,-2.2492403295646423e-19,0.9954950514038112,0.001,0.0,0.0
1760945203.648178,0.7616068764378674,5.3,0.0698847527611275,6.217996776714041e-19,3.401923495568852e-07,-1.2676856544448196e-18,0.0498686723389735,4.541663708599303e-18,-0.0095860965629894,-4.871125021462466e-19,0.0948135133270979,-2.2122410774267805e-19,0.9954950515650856,0.001,0.0,0.0
1760945203.6603546,0.761098733195674,5.3,0.0698847537701109,-1.2915558531728789e-18,3.396653695295203e-07,2.436708751493333e-18,0.0499007489967123,4.534644081488529e-18,-0.0095922626290372,-4.986251397834135e-19,0.0948135116364214,-2.288055626083441e-19,0.99549505172611,0.001,0.0,0.0
1760945203.6725245,0.7605902638351956,5.3,0.069884754777315,-1.2661465733752956e-18,3.391391538589498e-07,4.84995926311941e-19,0.0499327744808497,4.528393797052768e-18,-0.0095984188577557,-5.004410227187138e-19,0.0948135099483641,-2.353379073180784e-19,0.9954950518868848,0.001,0.0,0.0
1760945203.684584,0.7600814688767354,5.3,0.0698847557827431,1.0130474469109461e-18,3.386137012720875e-07,-1.7762335663629572e-18,0.0499647488702087,4.5226796461910295e-18,-0.0096045652642984,-4.92082291758861e-19,0.0948135082629222,-2.294560700633121e-19,0.9954950520474108,0.001,0.0,0.0
1760945203.6967585,0.759572348839795,5.3,0.0698847567863984,1.0768138412054086e-18,3.3808901166452804e-07,-2.6807404060089193e-18,0.0499966722435005,4.517325453397098e-18,-0.0096107018637969,-4.79250408423732e-19,0.094813506580092,-2.2282557177167897e-19,0.9954950522076876,0.001,0.0,0.0
1760945203.708934,0.7590629042430752,5.3,0.0698847577882841,1.2120706729285221e-18,3.375650827736476e-07,-2.1383818981080946e-19,0.0500285446793245,4.5109593526232244e-18,-0.0096168286713617,-4.787580105657864e-19,0.0948135048998696,-2.1669105406048825e-19,0.9954950523677164,0.001,0.0,0.0
1760945203.7210803,0.7585531356044779,5.3,0.0698847587884034,-7.3239148740788605e-19,3.370419145454196e-07,1.4513375615740084e-18,0.0500603662561684,4.504279768333881e-18,-0.0096229457020817,-4.856332223653949e-19,0.0948135032222512,-2.210223163101204e-19,0.995495052527497,0.001,0.0,0.0
1760945203.73331,0.7580430434411068,5.3,0.0698847597867596,-1.4359523439747578e-18,3.365195061068875e-07,3.5192249727831854e-18,0.0500921370524085,4.496904220839008e-18,-0.0096290529710243,-5.024672108580479e-19,0.0948135015472332,-2.2983711431603e-19,0.99549505268703,0.001,0.0,0.0
1760945203.7455003,0.7575326282692689,5.3,0.069884760783356,9.962067086160185e-19,3.359978563246128e-07,4.751638074433558e-19,0.0501238571463096,4.490343662371465e-18,-0.0096351504932356,-5.053075792307497e-19,0.0948134998748116,-2.251066514229457e-19,0.995495052846316,0.001,0.0,0.0
1760945203.7578194,0.757021890604475,5.3,0.0698847617781956,-7.799981013447587e-20,3.3547696403326164e-07,2.6894294303692023e-19,0.0501555266160252,4.484068280462318e-18,-0.0096412382837399,-5.06609574724473e-19,0.0948134982049828,-2.256212686386164e-19,0.9954950530053548,0.001,0.0,0.0
1760945203.7700317,0.7565108309614411,5.3,0.0698847627712818,-2.69336071202802e-18,3.349568284987493e-07,5.807864485931682e-18,0.0501871455395977,4.476000783132211e-18,-0.0096473163575409,-5.342356153183497e-19,0.0948134965377429,-2.4177738396626634e-19,0.9954950531641468,0.001,0.0,0.0
1760945203.7822208,0.7559994498540903,5.3,0.0698847637626177,-4.1988270044885233e-19,3.344374483869178e-07,1.1430406750650446e-18,0.0502187139949585,4.469428546169216e-18,-0.0096533847296202,-5.397307462757509e-19,0.0948134948730882,-2.4441207471281044e-19,0.9954950533226928,0.001,0.0,0.0
1760945203.7944589,0.7554877477955523,5.3,0.0698847647522065,1.5773282872591506e-18,3.339188234842052e-07,-1.400941896890861e-18,0.0502502320599281,4.463556058459493e-18,-0.0096594434149387,-5.335078558289661e-19,0.094813493211015,-2.358991955967288e-19,0.9954950534809928,0.001,0.0,0.0
1760945203.8065739,0.7549757252981661,5.3,0.0698847657400515,1.1105168406851981e-18,3.334009521471511e-07,-2.717613228608465e-18,0.0502816998122162,4.458293855059825e-18,-0.0096654924284355,-5.205089084723124e-19,0.0948134915515194,-2.2908294370121343e-19,0.9954950536390476,0.001,0.0,0.0
1760945203.8187237,0.7544633828734804,5.3,0.0698847667261557,7.242971056363345e-19,3.3288383419025666e-07,-6.874776812903399e-19,0.0503131173294219,4.452293373145315e-18,-0.0096715317850286,-5.174282504278253e-19,0.0948134898945978,-2.251512569563293e-19,0.9954950537968568,0.001,0.0,0.0
1760945203.8309755,0.7539507210322545,5.3,0.0698847677105224,-1.7622722332869147e-18,3.323674679118732e-07,5.787569985533136e-19,0.0503444846890338,4.446207558534524e-18,-0.0096775614996147,-5.194724628304515e-19,0.0948134882402464,-2.341945199823328e-19,0.9954950539544216,0.001,0.0,0.0
1760945203.84314,0.7534377402844601,5.3,0.0698847686931547,1.3253560559353974e-18,3.318518530957139e-07,-2.3568392808864152e-18,0.0503758019684301,4.440796758756614e-18,-0.0096835815870696,-5.0837248397238555e-19,0.0948134865884615,-2.264838694354444e-19,0.9954950541117418,0.001,0.0,0.0
1760945203.8552663,0.7529244411392821,5.3,0.0698847696740559,9.09493632730111e-19,3.313369881938987e-07,-1.0136934957328853e-18,0.0504070692448785,4.4349240140754395e-18,-0.0096895920622474,-5.037566200956465e-19,0.0948134849392393,-2.2147576523590057e-19,0.995495054268818,0.001,0.0,0.0
1760945203.8672657,0.7524108241051197,5.3,0.069884770653229,-1.226239716691178e-18,3.3082287236258085e-07,2.3302250275560638e-18,0.050438286595537,4.428049677197975e-18,-0.0096955929399815,-5.14770589961521e-19,0.0948134832925761,-2.2868141646072673e-19,0.9954950544256504,0.001,0.0,0.0
1760945203.879321,0.7518968896895873,5.3,0.0698847716306773,3.3533207972679453e-18,3.30309504577538e-07,-3.2765649447282605e-18,0.0504694540974533,4.422687860579578e-18,-0.0097015842350837,-5.000567827614799e-19,0.0948134816484681,-2.1044246978619256e-19,0.9954950545822394,0.001,0.0,0.0
1760945203.8912883,0.7513826383995158,5.3,0.0698847726064038,2.610731678657524e-18,3.2979688416188655e-07,-3.521623800655369e-18,0.0505005718275651,4.417537852967099e-18,-0.0097075659623451,-4.837659821537852e-19,0.0948134800069117,-1.957773921937484e-19,0.9954950547385852,0.001,0.0,0.0
1760945203.903289,0.7508680707409539,5.3,0.0698847735804118,1.8837653618825498e-18,3.2928501058327293e-07,-4.9566503170119166e-18,0.0505316398627007,4.413104845045831e-18,-0.0097135381365354,-4.599890125349421e-19,0.0948134783679032,-1.8405061072127678e-19,0.9954950548946888,0.001,0.0,0.0
1760945203.9152162,0.750353187219169,5.3,0.0698847745527043,1.527154230485062e-18,3.287738823819707e-07,-2.9912597059534553e-18,0.0505626582795784,4.407947143608116e-18,-0.0097195007724034,-4.458220112087659e-19,0.0948134767314388,-1.7503062787637421e-19,0.9954950550505496,0.001,0.0,0.0
1760945203.9271677,0.7498379883386486,5.3,0.0698847755232845,3.710132048105878e-18,3.282634982983065e-07,-5.579850453881516e-18,0.0505936271548073,4.403485478103681e-18,-0.0097254538846767,-4.198098378168653e-19,0.0948134750975148,-1.5392092511051613e-19,0.9954950552061688,0.001,0.0,0.0
1760945203.9391117,0.7493224746031006,5.3,0.0698847764921555,-3.696962390091531e-18,3.277538582694606e-07,4.630081318509747e-18,0.0506245465648869,4.396146587109305e-18,-0.0097313974880619,-4.410931835988618e-19,0.0948134734661275,-1.7450851276948857e-19,0.9954950553615464,0.001,0.0,0.0
1760945203.9510803,0.748806646515456,5.3,0.0698847774593205,-4.455996589834581e-19,3.272449604077203e-07,2.485090264341553e-18,0.0506554165862074,4.389114699132282e-18,-0.0097373315972446,-4.532533838723666e-19,0.0948134718372733,-1.7790823314351442e-19,0.9954950555166824,0.001,0.0,0.0
1760945203.9630497,0.748290504577868,5.3,0.0698847784247824,2.214488729411848e-18,3.267368045636656e-07,-3.9248343848824736e-18,0.0506862372950501,4.3842590165933184e-18,-0.0097432562268895,-4.3477400909526615e-19,0.0948134702109484,-1.6502851800614304e-19,0.9954950556715778,0.001,0.0,0.0
1760945203.9750938,0.747774049291715,5.3,0.0698847793885446,-4.622979816111489e-18,3.262293896872451e-07,7.117191780511254e-18,0.0507170087675871,4.376065529291124e-18,-0.0097491713916402,-4.679969431694785e-19,0.0948134685871491,-1.9140490483367931e-19,0.9954950558262324,0.001,0.0,0.0
1760945203.9872468,0.7472572811576,5.3,0.0698847803506099,1.542810871325154e-18,3.257227141961809e-07,-2.4768031506849887e-18,0.0507477310798818,4.370735226004707e-18,-0.0097550771061195,-4.564097531485805e-19,0.0948134669658718,-1.8255895899023392e-19,0.995495055980647,0.001,0.0,0.0
1760945203.9993339,0.7467402006753533,5.3,0.0698847813109817,2.638906296385568e-19,3.252167778971585e-07,-1.2132584274407257e-18,0.0507784043078884,4.3651137324956794e-18,-0.0097609733849292,-4.5049467244762135e-19,0.0948134653471128,-1.806688044932484e-19,0.9954950561348218,0.001,0.0,0.0
1760945204.0112932,0.7462228083440323,5.3,0.0698847822696628,2.770767226304099e-18,3.247115794366681e-07,-3.0618812535462604e-18,0.0508090285274531,4.359830288742655e-18,-0.0097668602426504,-4.365694929233754e-19,0.0948134637308684,-1.6542872250885006e-19,0.9954950562887568,0.001,0.0,0.0
1760945204.0232675,0.7457051046619234,5.3,0.0698847832266565,9.329709770956208e-20,3.242071183086558e-07,1.844782815250725e-18,0.0508396038143131,4.352999569033271e-18,-0.0097727376938428,-4.457911015328292e-19,0.0948134621171349,-1.6583554876004933e-19,0.995495056442453,0.001,0.0,0.0
1760945204.0351849,0.7451870901265428,5.3,0.0698847841819658,-1.9631945162747117e-18,3.237033932693928e-07,3.1265074298190894e-18,0.0508701302440973,4.34602146265927e-18,-0.0097786057530459,-4.6042135898669855e-19,0.0948134605059088,-1.7708713348717636e-19,0.9954950565959104,0.001,0.0,0.0
1760945204.0471463,0.7446687652346379,5.3,0.0698847851355937,4.5616801791855273e-20,3.232004033522729e-07,-5.6137457844376e-19,0.0509006078923266,4.340217093472893e-18,-0.0097844644347781,-4.576525034609825e-19,0.0948134588971862,-1.7659645339146373e-19,0.995495056749129,0.001,0.0,0.0
1760945204.0590835,0.7441501304821877,5.3,0.0698847860875434,2.510212386236164e-18,3.226981478129658e-07,-5.312706493512696e-18,0.0509310368344136,4.335957918134617e-18,-0.0097903137535369,-4.324034884752797e-19,0.0948134572909636,-1.6158647791072753e-19,0.9954950569021096,0.001,0.0,0.0
1760945204.0711453,0.743631186364405,5.3,0.0698847870378179,-2.4659904941959665e-18,3.221966254883634e-07,3.7277531930996436e-18,0.0509614171456627,4.3288287629623935e-18,-0.0097961537237994,-4.49780065004917e-19,0.0948134556872373,-1.7562186899240442e-19,0.9954950570548526,0.001,0.0,0.0
1760945204.0830956,0.743111933375736,5.3,0.0698847879864202,-2.6410805722544497e-18,3.2169583577539604e-07,3.771316690832295e-18,0.0509917489012707,4.321733606781204e-18,-0.0098019843600216,-4.672996242445051e-19,0.0948134540860037,-1.9055542383886318e-19,0.9954950572073582,0.001,0.0,0.0
1760945204.095092,0.742592372009863,5.3,0.0698847889333535,4.7362004888286896e-18,3.211957773493381e-07,-7.185335942483579e-18,0.0510220321763265,4.317866311074744e-18,-0.0098078056766388,-4.337910759370967e-19,0.0948134524872591,-1.6358378047469857e-19,0.9954950573596268,0.001,0.0,0.0
1760945204.1071017,0.7420725027597047,5.3,0.0698847898786207,-1.6196295803460969e-18,3.20696449597266e-07,2.7706548799986565e-18,0.0510522670458113,4.3110102707650936e-18,-0.009813617688066,-4.46804094006059e-19,0.0948134508909999,-1.7295113974192273e-19,0.9954950575116585,0.001,0.0,0.0
1760945204.1191907,0.7415523261174171,5.3,0.0698847908222248,-3.810828039745638e-18,3.201978515692496e-07,5.906761420298686e-18,0.0510824535845991,4.3032676594736135e-18,-0.0098194204086972,-4.7439511962307845e-19,0.0948134492972225,-1.9471695148637996e-19,0.9954950576634536,0.001,0.0,0.0
1760945204.131189,0.7410318425743946,5.3,0.069884791764169,-2.431674730133856e-18,3.196999826776989e-07,5.4776737048414054e-18,0.0511125918674562,4.2954687625796615e-18,-0.0098252138529055,-5.00507653580128e-19,0.0948134477059232,-2.0941878572606813e-19,0.9954950578150132,0.001,0.0,0.0
1760945204.1431823,0.7405110526212718,5.3,0.0698847927044563,-4.2219584896688655e-18,3.19202840844412e-07,7.501541303035248e-18,0.0511426819690417,4.2871558109381154e-18,-0.0098309980350439,-5.358429016625018e-19,0.0948134461170984,-2.3398754780169013e-19,0.9954950579663367,0.001,0.0,0.0
1760945204.1551554,0.7399899567479241,5.3,0.0698847936430896,-8.034212901114162e-19,3.187064268203943e-07,2.527099241943336e-18,0.0511727239639077,4.280330694483293e-18,-0.0098367729694445,-5.480455889835274e-19,0.0948134445307445,-2.3918866466432663e-19,0.9954950581174252,0.001,0.0,0.0
1760945204.1671555,0.7394685554434687,5.3,0.0698847945800719,-5.413386076031228e-19,3.182107381933826e-07,1.913229466333589e-18,0.0512027179264991,4.273708462011861e-18,-0.0098425386704188,-5.57312640134437e-19,0.0948134429468579,-2.427904932720292e-19,0.9954950582682784,0.001,0.0,0.0
1760945204.1791737,0.7389468491962656,5.3,0.0698847955154064,1.8077738666655505e-18,3.177157745921194e-07,-3.1758458855544118e-18,0.0512326639311541,4.268794798357932e-18,-0.0098482951522582,-5.423671786020593e-19,0.0948134413654349,-2.322898136280164e-19,0.9954950584188972,0.001,0.0,0.0
1760945204.1912105,0.7384248384939195,5.3,0.069884796449096,4.676535150591049e-19,3.172215357169556e-07,1.1565805521372177e-18,0.051262562052104,4.262339369878626e-18,-0.009854042429233,-5.483412053370369e-19,0.094813439786472,-2.3050850801702567e-19,0.9954950585692814,0.001,0.0,0.0
1760945204.2032807,0.7379025238232794,5.3,0.0698847973811437,7.196660083696144e-19,3.167280197378474e-07,-1.1840221906748e-18,0.0512924123634735,4.256799294993865e-18,-0.0098597805155932,-5.427914206367277e-19,0.0948134382099656,-2.2636559011878673e-19,0.995495058719432,0.001,0.0,0.0
1760945204.2154055,0.7373799056704411,5.3,0.0698847983115524,1.6936361398371966e-18,3.162352257110786e-07,-3.8020691409153094e-18,0.0513222149392809,4.252183434301113e-18,-0.0098655094255683,-5.246723306395531e-19,0.094813436635912,-2.161344456697733e-19,0.9954950588693486,0.001,0.0,0.0
1760945204.227326,0.736856984520748,5.3,0.0698847992403252,2.9856227598605192e-18,3.157431534737878e-07,-4.25681208874884e-18,0.0513519698534379,4.247549585078712e-18,-0.0098712291733675,-5.048998989462216e-19,0.0948134350643078,-1.9925702519030562e-19,0.995495059019032,0.001,0.0,0.0
1760945204.239407,0.7363337608587913,5.3,0.0698848001674651,-1.847301438260386e-18,3.1525180179590973e-07,2.6449473041092658e-18,0.0513816771797502,4.240872234521453e-18,-0.0098769397731794,-5.171823769785063e-19,0.0948134334951492,-2.0969992503227202e-19,0.9954950591684828,0.001,0.0,0.0
1760945204.2513516,0.7358102351684122,5.3,0.069884801092975,-3.924064429608778e-19,3.147611697038129e-07,2.415057067084881e-19,0.0514113369919171,4.234946518820957e-18,-0.0098826412391723,-5.182008830460268e-19,0.0948134319284327,-2.1176940733457097e-19,0.9954950593177008,0.001,0.0,0.0
1760945204.263328,0.7352864079327022,5.3,0.0698848020168579,3.989266664060206e-19,3.142712562544662e-07,-6.455751064859336e-19,0.051440949363532,4.2292827171852004e-18,-0.0098883335854939,-5.151775416429574e-19,0.0948134303641548,-2.0947865479245031e-19,0.9954950594666864,0.001,0.0,0.0
1760945204.2752693,0.7347622796340048,5.3,0.0698848029391167,-6.885755873266557e-19,3.137820604673325e-07,1.3399780216559805e-18,0.0514705143680825,4.22298790895473e-18,-0.0098940168262718,-5.215187890595159e-19,0.0948134288023118,-2.1353989135074124e-19,0.9954950596154404,0.001,0.0,0.0
1760945204.287258,0.7342378507539159,5.3,0.0698848038597545,1.4182939860891325e-18,3.132935815885576e-07,-2.4901005048029e-18,0.0515000320789503,4.217926722461449e-18,-0.0098996909756133,-5.098006550818816e-19,0.0948134272429002,-2.0530254804975728e-19,0.9954950597639626,0.001,0.0,0.0
1760945204.2994735,0.7337131217732853,5.3,0.0698848047787741,3.144861821626879e-19,3.12805818512554e-07,-1.3015440222990831e-18,0.0515295025694116,4.212572959071798e-18,-0.0099053560476052,-5.034701707823619e-19,0.0948134256859164,-2.0311888652823169e-19,0.9954950599122536,0.001,0.0,0.0
1760945204.311574,0.7331880931722178,5.3,0.0698848056961786,2.67761090643642e-18,3.123187705264825e-07,-2.8850421922393205e-18,0.0515589259126368,4.2074723138417776e-18,-0.009911012056314,-4.9038078133026265e-19,0.0948134241313569,-1.8842616098996525e-19,0.9954950600603136,0.001,0.0,0.0
1760945204.3235595,0.732662765430074,5.3,0.0698848066119709,2.802677956289316e-18,3.1183243647905494e-07,-5.254728145017319e-18,0.0515883021816913,4.20334071458124e-18,-0.0099166590157862,-4.655566975597715e-19,0.0948134225792182,-1.7198520555717612e-19,0.9954950602081432,0.001,0.0,0.0
1760945204.3355312,0.732137139025472,5.3,0.0698848075261538,8.486927268822318e-19,3.113468155359593e-07,-1.739978303318633e-18,0.0516176314495349,4.1980692208587394e-18,-0.0099222969400479,-4.572947478130941e-19,0.0948134210294966,-1.6693355817724992e-19,0.9954950603557426,0.001,0.0,0.0
1760945204.347459,0.7316112144362872,5.3,0.0698848084387304,1.1837263036039577e-18,3.108619077086849e-07,-2.899192353222364e-18,0.0516469137890225,4.193248997259668e-18,-0.0099279258431047,-4.434264730378095e-19,0.0948134194821886,-1.5966766893083166e-19,0.995495060503112,0.001,0.0,0.0
1760945204.3594391,0.7310849921396549,5.3,0.0698848093497036,-3.3106114023746713e-18,3.1037771108466657e-07,4.7154457228627226e-18,0.0516761492729038,4.186024690606035e-18,-0.0099335457389424,-4.653202779189102e-19,0.0948134179372907,-1.783759739921286e-19,0.995495060650252,0.001,0.0,0.0
1760945204.3713815,0.7305584726119707,5.3,0.0698848102590762,-1.447802434165791e-18,3.098942244803998e-07,1.5934871396192954e-18,0.0517053379738238,4.179797527066196e-18,-0.0099391566415263,-4.72568650767875e-19,0.0948134163947993,-1.8634009754618448e-19,0.9954950607971628,0.001,0.0,0.0
1760945204.3834004,0.7300316563288908,5.3,0.0698848111668513,1.982210522165584e-18,3.094114472872128e-07,-3.542386417173751e-18,0.0517344799643225,4.175124177525285e-18,-0.009944758564802,-4.55881413694233e-19,0.0948134148547109,-1.747985884246109e-19,0.9954950609438444,0.001,0.0,0.0
1760945204.3953483,0.7295045437653342,5.3,0.0698848120730316,-7.981131812857829e-19,3.089293789848687e-07,7.111032035772657e-19,0.0517635753168353,4.169158769088895e-18,-0.0099503515226948,-4.590382426634596e-19,0.0948134133170221,-1.7910486790284445e-19,0.9954950610902976,0.001,0.0,0.0
1760945204.407361,0.7289771353954836,5.3,0.0698848129776202,9.658955519761411e-19,3.084480184753577e-07,-1.6919397658407565e-18,0.0517926241036932,4.163928758273843e-18,-0.0099559355291097,-4.510769703819895e-19,0.0948134117817291,-1.7349720325704168e-19,0.9954950612365228,0.001,0.0,0.0
1760945204.4192853,0.7284494316927856,5.3,0.0698848138806198,-1.7983152773238982e-18,3.079673650353297e-07,3.34569806462855e-18,0.0518216263971229,4.1570495189427336e-18,-0.0099615105979318,-4.668724142499377e-19,0.0948134102488287,-1.840308590815264e-19,0.99549506138252,0.001,0.0,0.0
1760945204.431399,0.7279214331299529,5.3,0.0698848147820335,5.848163202441905e-19,3.07487417315766e-07,-1.6848800051681174e-19,0.0518505822692464,4.151236403211678e-18,-0.009967076743026,-4.6631457121505505e-19,0.0948134087183171,-1.810429994392996e-19,0.9954950615282896,0.001,0.0,0.0
1760945204.443427,0.7273931401789646,5.3,0.0698848156818641,2.5662435643286322e-18,3.070081745851443e-07,-5.392290075256138e-18,0.051879491792082,4.147296595753885e-18,-0.0099726339782375,-4.406965988144462e-19,0.094813407190191,-1.6571596241147797e-19,0.9954950616738324,0.001,0.0,0.0
1760945204.4554927,0.7268645533110677,5.3,0.0698848165801144,-2.1132065244798018e-18,3.0652963586769693e-07,4.451147624419007e-18,0.0519083550375437,4.1400342492697815e-18,-0.0099781823173913,-4.618401027233644e-19,0.0948134056644468,-1.783384918998273e-19,0.995495061819148,0.001,0.0,0.0
1760945204.467588,0.7254743478086055,5.3,0.069976186648937,8.510427136030466e-19,-0.0090032137689642,-6.707055164506245e-19,0.1773607457495402,2.6209808813401287e-18,-0.0219188779082725,-4.662648906235462e-19,0.094846025918425,-1.7972437891502243e-19,0.995491954446384,1.0,-0.1500000059604644,0.0
1760945204.4796553,0.7226971610737242,5.3,0.0701248414271475,-1.726317987897692e-19,-0.0123526875819839,8.407480950682066e-19,0.3007897681123472,2.3002941882924004e-18,-0.0422134844887175,-4.720973603346303e-19,0.0949048843598768,-1.8332077383911745e-19,0.9954863449212342,1.0,-0.1500000059604644,0.0
1760945204.4917178,0.718420531479934,5.3,0.0702847323553496,9.346857125189748e-19,-0.0131485684730899,-1.1290779689178476e-18,0.4229983406360537,2.278960966177076e-18,-0.0651677574936303,-4.669271504606094e-19,0.0949703293945071,-1.7787442152039997e-19,0.9954801035353238,1.0,-0.1500000059604644,0.0
1760945204.5039575,0.7129082010759961,5.3,0.0704433742411485,-1.2444643672006141e-18,-0.0131788080540709,1.8255313267761844e-18,0.5443038679518918,3.067410694391381e-18,-0.0887271572769874,-4.7544578528746e-19,0.0950359253617551,-1.8475560494573642e-19,0.995473843398527,1.0,-0.1500000059604644,0.0
1760945204.5161188,0.7061695752662431,5.3,0.0705986953699205,1.7650661958765482e-18,-0.0129548818100347,-1.6616979479613197e-18,0.6646406881377858,3.4432388411943397e-18,-0.1123422699522751,-4.677389745190719e-19,0.0951004066352033,-1.7491059081356804e-19,0.9954676853910522,1.0,-0.1500000059604644,0.0
1760945204.5281923,0.6982156644201245,5.3,0.0707509050049451,-1.3717845499513548e-18,-0.0127093875966476,1.7537830185391057e-18,0.7838945765661081,3.473841554616357e-18,-0.1357574286619049,-4.757358153186229e-19,0.0951636656327565,-1.82149369866162e-19,0.9954616400159964,1.0,-0.1500000059604644,0.0
1760945204.540256,0.68905900131636,5.3,0.0709011262144674,1.3693246885881106e-18,-0.012541162437779,-7.586678220568544e-19,0.9019335037199812,3.4651475027500624e-18,-0.1588534827429834,-4.726670995290988e-19,0.0952260868588217,-1.753839774827777e-19,0.9954556707265052,1.0,-0.1500000059604644,0.0
1760945204.5523667,0.6787135568709672,5.3,0.0710507721371202,-3.6575736669042683e-19,-0.0124863512512497,7.545091592039924e-19,1.018621805662918,3.7099188218834804e-18,-0.1815747858609085,-4.759314251446357e-19,0.0952882347785029,-1.7737690430362265e-19,0.9954497236489632,1.0,-0.1500000059604644,0.0
1760945204.5645888,0.6671946552587532,5.3,0.0712012663208113,4.909965332829846e-19,-0.0125520534746593,2.5698728335419668e-19,1.13382675308943,4.024232939545309e-18,-0.2038953025335349,-4.768752138301828e-19,0.0953507092102897,-1.7421350754947394e-19,0.9954437413802424,1.0,-0.1500000059604644,0.0
1760945204.5767653,0.6545188885692019,5.3,0.071353922012785,2.859159941037506e-19,-0.0127321877449635,3.56860787848228e-19,1.2474216236030828,4.046284200484361e-18,-0.2258028768779992,-4.786345675162483e-19,0.0954140797044376,-1.7265249013669428e-19,0.9954376692662156,1.0,-0.1500000059604644,0.0
1760945204.5890296,0.640704031022527,5.3,0.0715098946545718,4.143622725321914e-19,-0.0130149802841174,4.1952357261197087e-19,1.3592871532771456,3.886343760491596e-18,-0.2472919279924474,-4.809816389384762e-19,0.0954788572033661,-1.7139664178611248e-19,0.9954314581261432,1.0,-0.1500000059604644,0.0
1760945204.601186,0.62576895286109,5.3,0.0716701679009185,3.562291358625329e-19,-0.0133865092684299,4.192456648781645e-19,1.469312225154486,4.1176925892058455e-18,-0.2683600523380944,-4.830797320168222e-19,0.0955454833479361,-1.694381947595551e-19,0.995425065292114,1.0,-0.1500000059604644,0.0
1760945204.6134727,0.6097335341300225,5.3,0.071835554818111,4.693429211097877e-19,-0.0138323873088316,5.197093297176407e-19,1.577394187215968,4.1854595335096776e-18,-0.2890064368071779,-4.857825263991244e-19,0.095614328159925,-1.6816328027903942e-19,0.99541845484727,1.0,-0.1500000059604644,0.0
1760945204.6256747,0.592618578624938,5.3,0.0720067057908815,3.7981005736269463e-19,-0.0143385604628744,5.459795985090388e-19,1.683438980093046,4.2073835023375135e-18,-0.3092311111397208,-4.889585821556022e-19,0.0956856917023076,-1.664381556448917e-19,0.995411597482896,1.0,-0.1500000059604644,0.0
1760945204.637865,0.5744457283150471,5.3,0.0721841192320103,4.998676649704568e-19,-0.0148916846214917,5.412116307771206e-19,1.7873611580276978,4.015205852762199e-18,-0.3290345901223386,-4.919328061457576e-19,0.0957598076133294,-1.6466989888300072e-19,0.9954044701757464,1.0,-0.1500000059604644,0.0
1760945204.6499543,0.5552373785567845,5.3,0.0723681532969644,3.9520847281782874e-19,-0.0154792972592691,6.279151399600343e-19,1.889083842493531,3.9975230927659834e-18,-0.3484176977516445,-4.950969618194897e-19,0.0958368474956292,-1.6385287577012246e-19,0.9953970557833188,1.0,-0.1500000059604644,0.0
1760945204.662155,0.5350165944058037,5.3,0.0725590377783113,5.209903103928789e-19,-0.0160898883464164,6.426671582977498e-19,1.9885386278065664,4.058065866204314e-18,-0.3673814774152621,-4.983253931148446e-19,0.0959169256584168,-1.6181382695544617e-19,0.9953893426053132,1.0,-0.1500000059604644,0.0
1760945204.6741664,0.5138070283197206,5.3,0.0727568858024342,5.481019805214515e-19,-0.0167129203291376,6.01189830217015e-19,2.085665448895285,3.924072879035903e-18,-0.3859271438296453,-5.01165471589384e-19,0.0960001039591625,-1.5628521846813956e-19,0.9953813239356212,1.0,-0.1500000059604644,0.0
1760945204.6862323,0.4916328395246425,5.3,0.0729617051568225,5.647527659014056e-19,-0.0173388215085876,6.1453934888804385e-19,2.1804124172052703,3.926077191460828e-18,-0.4040560562989129,-5.05121585384681e-19,0.0960863966123667,-1.5602322650346858e-19,0.9953729976175018,1.0,-0.1500000059604644,0.0
1760945204.698347,0.4685186152971756,5.3,0.0731734091705028,5.6067593121650885e-19,-0.0179589649132637,6.042904385936153e-19,2.272735628775145,3.723253086503839e-18,-0.4217697038021855,-5.068332454648893e-19,0.0961757748931847,-1.451714729108951e-19,0.9953643656087432,1.0,-0.1500000059604644,0.0
1760945204.7104833,0.4444892943917981,5.3,0.0733918271132558,3.6761141511724555e-19,-0.0185656388424946,6.809791364830879e-19,2.3625989476044897,3.732560555300426e-18,-0.4390696974139664,-5.09153213370129e-19,0.0962681716944274,-1.3954340160177954e-19,0.9953554335606012,1.0,-0.1500000059604644,0.0
1760945204.7224267,0.4195700928214598,5.3,0.0736167140989331,6.157562452577713e-19,-0.0191520123557159,6.498007029962131e-19,2.449973766984422,3.646713465730305e-18,-0.4559577678222812,-5.126955567627288e-19,0.0963634859117584,-1.4863899906864806e-19,0.9953462104127058,1.0,-0.1500000059604644,0.0
1760945204.734539,0.3937864321778345,5.3,0.0738477604872399,7.370957548309835e-19,-0.0197120975317142,6.3119381245019545e-19,2.5348387512226136,3.854066315587737e-18,-0.4724357667155618,-5.173167599214338e-19,0.0964615866409862,-1.6061205617316577e-19,0.9953367080052375,1.0,-0.1500000059604644,0.0
1760945204.7466831,0.3671638706565409,5.3,0.0740846007826586,6.0095719668680825e-19,-0.0202407095808215,7.030097370427176e-19,2.617179560054069,3.6958514585967936e-18,-0.4885056712468946,-5.214482995857927e-19,0.0965623171767405,-1.5528444814676125e-19,0.9953269407091616,1.0,-0.1500000059604644,0.0
1760945204.7586935,0.339728036931953,5.3,0.0743268220314544,5.925578195967945e-19,-0.0207334255041307,5.803549419640857e-19,2.696988557934717,3.4235450140919896e-18,-0.5041695909688094,-5.258852264936745e-19,0.09666549880528,-1.5638912236648171e-19,0.9953169250749866,1.0,-0.1500000059604644,0.0
1760945204.7707312,0.3115045670063657,5.3,0.0745739717191265,5.626501598671021e-19,-0.0211865417834908,8.187009599355625e-19,2.774264510341568,3.613093019415828e-18,-0.5194297767078783,-5.292515944390983e-19,0.0967709343865861,-1.4999867772863644e-19,0.9953066795003171,1.0,-0.1500000059604644,0.0
1760945204.7828076,0.2825190441385201,5.3,0.0748255651718095,6.382024709660082e-19,-0.0215970314683753,6.711409295270715e-19,2.8490122691419963,3.464653039113118e-18,-0.5342886308824127,-5.330273378849487e-19,0.0968784117227258,-1.4622751488809191e-19,0.9952962239163184,1.0,-0.1500000059604644,0.0
1760945204.794847,0.2527969419376756,5.3,0.0750810924662061,6.158477287631186e-19,-0.0219625009572876,6.524739907352888e-19,2.9212424490370097,3.3471889575673015e-18,-0.5487487187874106,-5.364274989594169e-19,0.0969877067109485,-1.436320538191249e-19,0.9952855794931176,1.0,-0.1500000059604644,0.0
1760945204.8068967,0.2223635706907663,5.3,0.0753400248537375,6.494375524703419e-19,-0.0222811467295998,8.296972538973071e-19,2.9909710970282584,3.671048840108405e-18,-0.5628127803916402,-5.409099930042344e-19,0.0970985862812632,-1.425364014592163e-19,0.9952747683640836,1.0,-0.1500000059604644,0.0
1760945204.8189943,0.1912440269721263,5.3,0.0756018207057609,7.063119011553044e-19,-0.0225517122566406,8.4137942815020815e-19,3.058219356802304,3.605755528338169e-18,-0.5764837422169072,-5.452372049735986e-19,0.0972108111193814,-1.3859503906724357e-19,0.9952638133688536,1.0,-0.1500000059604644,0.0
1760945204.83117,0.1594631465679712,5.3,0.075865930987915,7.960470994493023e-19,-0.0227734453017521,6.883174123426512e-19,3.1230131298666,3.1018740276045334e-18,-0.589764728900372,-5.485787180376017e-19,0.0973241381769614,-1.3181278630816997e-19,0.995252737814929,1.0,-0.1500000059604644,0.0
1760945204.843114,0.1270454607307173,5.3,0.0761318042729013,6.998361376375718e-19,-0.0229460558042444,5.927006967632546e-19,3.185382735209604,3.0450279447766603e-18,-0.6026590740771911,-5.518401732741431e-19,0.0974383229720643,-1.2736625775719737e-19,0.995241565257597,1.0,-0.1500000059604644,0.0
1760945204.85512,0.0940151557620708,5.3,0.0763988913022693,5.934569370114296e-19,-0.0230696745293972,4.469889766182597e-19,3.245362569189764,2.8372856150541012e-18,-0.6151703302614524,-5.548026324306029e-19,0.0975531216836366,-1.2492459926363577e-19,0.9952303192978889,1.0,-0.1500000059604644,0.0
1760945204.8671703,0.060396035908077,5.3,0.0766666491090306,6.483686176133345e-19,-0.0231448126546637,5.599606013177012e-19,3.3029907672853374,2.978866122163767e-18,-0.6273022774473606,-5.581092480550426e-19,0.0976682930446937,-1.2498235761043797e-19,0.9952190233982344,1.0,-0.1500000059604644,0.0
1760945204.879167,0.0262114895345632,5.3,0.0769345447141477,5.946569088190951e-19,-0.0231723224502575,5.535644789331549e-19,3.358308869257466,2.7726743821083242e-18,-0.63905893019846,-5.613540960348849e-19,0.0977836000396579,-1.2188349710969563e-19,0.9952077007154256,1.0,-0.1500000059604644,0.0
1760945204.891214,-0.0085155414629315,5.3,0.0772020584111228,5.556747224191594e-19,-0.0231533591998867,5.427997095617522e-19,3.4113614891936663,2.796300663777536e-18,-0.6504445430393904,-5.646483103112387e-19,0.097898811412041,-1.2135397875025143e-19,0.9951963739504428,1.0,-0.1500000059604644,0.0
1760945204.903244,-0.0437625890736598,5.3,0.0774686866540165,5.54070905359699e-19,-0.0230893444943673,6.869385626282555e-19,3.46219599180629,2.7960747583284453e-18,-0.661463614010852,-5.678382900287702e-19,0.0980137029893173,-1.1871479541537257e-19,0.9951850652146674,1.0,-0.1500000059604644,0.0
1760945204.9152555,-0.0795076834821103,5.3,0.0777339445652499,5.782726062901604e-19,-0.0229819310171421,5.7023552285947405e-19,3.5108621762626635,2.5869104795350645e-18,-0.6721208862935298,-5.71088783170346e-19,0.0981280588324312,-1.1616880251988254e-19,0.9951737959119396,1.0,-0.1500000059604644,0.0
1760945204.9273355,-0.1157293743571541,5.3,0.0779973680804659,3.9003375603361095e-19,-0.0228329689263211,4.0292612862476954e-19,3.5574119687194963,2.4984905814091318e-18,-0.6824213478495627,-5.740631390177085e-19,0.0982416722179019,-1.1257847979228705e-19,0.9951625866358874,1.0,-0.1500000059604644,0.0
1760945204.9393616,-0.1524067492130706,5.3,0.0782585157485332,3.815956637173117e-19,-0.0226444739229401,4.669188318041039e-19,3.6018991246255028,2.3844829248331723e-18,-0.6923702290702751,-5.76638268388045e-19,0.0983543464609347,-1.1103243500311034e-19,0.9951514570819068,1.0,-0.1500000059604644,0.0
1760945204.9514916,-0.1895923393266342,5.3,0.0788362288556036,4.310015988764785e-19,-0.06706576488562,5.837016989894528e-19,3.6574858952754634,2.368200206238657e-18,-0.6737207806831995,-5.803512209075898e-19,0.098687995209739,-1.0811673589886676e-19,0.9951184249130766,1.0,-0.1500000059604644,0.0
1760945204.9635782,-0.2272931199753127,5.3,0.0797413111401056,6.13919408135853e-19,-0.1066323361166489,6.389622191424451e-19,3.7137345006294455,2.6516612568464344e-18,-0.6557000846873696,-6.025770709219889e-19,0.0992184968380811,-8.896155293175705e-20,0.9950656711419562,1.0,-0.1500000059604644,0.0
1760945204.9755948,-0.2655147741351136,5.3,0.0809848290588334,5.788654248718775e-19,-0.1419792220934989,5.155044564953809e-19,3.7705769422317816,1.856117213800583e-18,-0.6381615407619892,-6.090860770032245e-19,0.099924826346887,-7.759143626081267e-20,0.9949949894745924,1.0,-0.1500000059604644,0.0
1760945204.9876027,-0.3042619137286184,5.3,0.0825781268055052,4.24615523634586e-19,-0.1736562761926575,5.273047727117168e-19,3.827959029615604,1.6635433272115521e-18,-0.6209792915380837,-6.03485218036386e-19,0.1007886895787335,-7.53816006795478e-20,0.9949078550564378,1.0,-0.1500000059604644,0.0
1760945204.9996283,-0.3435382407537667,5.3,0.0845327334759673,4.099342487699879e-19,-0.2021316778003056,3.761992529004032e-19,3.8858358479557977,8.950687557141375e-19,-0.6040506565096875,-6.219897021249257e-19,0.1017941188540244,-7.386425697372481e-20,0.9948054872017608,1.0,-0.1500000059604644,0.0
1760945205.0116632,-0.383346679210289,5.3,0.0868602786580871,3.00122284986218e-19,-0.2278043886479313,1.4723290843047278e-19,3.9441698955038618,-2.3653090343509203e-19,-0.5872926518432776,-6.180744297334021e-19,0.1029271299483548,-7.552162274849912e-20,0.9946888990637196,1.0,-0.1500000059604644,0.0
1760945205.0237017,-0.4236894822992587,5.3,0.0895724193563018,3.1709068058696884e-19,-0.2510146918562362,4.2223407841656053e-20,4.00292952230341,1.567807423512533e-19,-0.5706389870315671,-6.190483564730369e-19,0.1041754310633955,-7.877801961142018e-20,0.9945589371991768,1.0,-0.1500000059604644,0.0
1760945205.0357168,-0.4645683192764201,5.3,0.0926807771488536,2.8377269920728674e-19,-0.2720530989611087,-7.373204431614878e-21,4.062087627848086,2.801018169581301e-19,-0.5540374730598644,-6.247796401568815e-19,0.1055281758110093,-8.166184950645401e-20,0.994416313276286,1.0,-0.1500000059604644,0.0
1760945205.047742,-0.5059843455944079,5.3,0.0961968844849818,2.9359584912323773e-19,-0.2911678729610715,1.7033901325954224e-19,4.121620581472612,1.1951463553843598e-18,-0.5374477863277662,-6.180591422140494e-19,0.1069757534218668,-8.109324097947107e-20,0.9942616296427336,1.0,-0.1500000059604644,0.0
1760945205.0597503,-0.5479382593622377,5.3,0.1001321390725059,2.6530217768290456e-19,-0.3085713809197542,3.8286231180014523e-19,4.181507334254055,1.7447415460353858e-18,-0.5208395405884444,-6.32733068220165e-19,0.1085096104227286,-6.995601128633965e-20,0.9940954000728036,1.0,-0.1500000059604644,0.0
1760945205.0717256,-0.5904303466516655,5.3,0.1044977653695759,2.7239408053186404e-19,-0.3244454586139231,5.1007020081198e-19,4.24172869532679,1.6546255648777261e-18,-0.5041906259142841,-6.27879857405769e-19,0.1101220989139449,-6.956337242236179e-20,0.9939180667091164,1.0,-0.1500000059604644,0.0
1760945205.083728,-0.6334605177672635,5.3,0.1093047822685897,3.054042912043302e-19,-0.3389459423476288,6.617167189512139e-19,4.302266748986799,1.8623632774574964e-18,-0.4874857793968792,-6.31421611382501e-19,0.1118063473361496,-6.771911892140631e-20,0.9937300139853624,1.0,-0.1500000059604644,0.0
1760945205.0957704,-0.6770283362530973,5.3,0.1145639761391155,4.60183240186692e-19,-0.3522064992621094,7.461757359790624e-19,4.363104391926162,1.953618082111704e-18,-0.4707153571229598,-6.320017442186455e-19,0.1135561502584949,-6.544720097519772e-20,0.993531580141502,1.0,-0.1500000059604644,0.0
1760945205.107802,-0.7211330421199843,5.3,0.1202858784758815,5.261683252462175e-19,-0.3643418670025636,7.750659983358162e-19,4.424224972502984,1.9438512085097463e-18,-0.4538742810821943,-6.394855019653339e-19,0.1153658742652878,-5.484586604097204e-20,0.993323066809085,1.0,-0.1500000059604644,0.0
1760945205.119818,-0.7657735705345874,5.3,0.1264807474749693,6.219004582114587e-19,-0.3754505961257595,8.485326555670322e-19,4.485612016194698,2.1527260439841706e-18,-0.4369611381758688,-6.457982423438092e-19,0.1172303774775818,-5.1856635847642254e-20,0.9931047470415514,1.0,-0.1500000059604644,0.0
1760945205.1318743,-0.8109485670056124,5.3,0.1331585529344683,6.326729450191077e-19,-0.3856173737925956,9.364968435908973e-19,4.547249023358392,2.3879293692240698e-18,-0.4199774115042074,-6.525850576469391e-19,0.1191449406335801,-4.457822931142939e-20,0.992876872085064,1.0,-0.1500000059604644,0.0
1760945205.144087,-0.8566563999280123,5.3,0.1403289639441876,7.3061693837286e-19,-0.3949149947422526,1.1034299588657857e-18,4.609119327174044,2.7196522636890868e-18,-0.402926826693161,-6.60233614521184e-19,0.1211052079776269,-4.0608381150715055e-20,0.992639677123928,1.0,-0.1500000059604644,0.0
1760945205.156144,-0.9028951711981488,5.3,0.1480013388921325,8.313269516015528e-19,-0.4034060349684304,1.1175770230685036e-18,4.671206001206365,2.3941364075413736e-18,-0.3858147982442627,-6.571483384941055e-19,0.1231071364816049,-4.2274972478177304e-20,0.9923933861867982,1.0,-0.1500000059604644,0.0
1760945205.1682858,-0.9496627254866732,5.3,0.1561847173731173,9.171543279211126e-19,-0.4111442746242815,1.0629004659129242e-18,4.733491807411785,2.2855249419736016e-18,-0.3686479628081398,-6.711676415668374e-19,0.1251469521528317,-3.143683830221936e-20,0.9921382163624464,1.0,-0.1500000059604644,0.0
1760945205.1803143,-0.9969566586490308,5.3,0.1648878136372988,9.082603215476333e-19,-0.4181759092163409,1.044436388518549e-18,4.795959176659041,2.2649022693498195e-18,-0.3514337879386251,-6.703661608187366e-19,0.1272211123760632,-3.342825691082957e-20,0.9918743814444434,1.0,-0.1500000059604644,0.0
1760945205.1925223,-1.0447743256626283,5.3,0.1741190112637395,9.033309613962528e-19,-0.4245405818874033,1.0385076163342613e-18,4.858590214939477,2.2790905902896293e-18,-0.3341802463186028,-6.761705157722509e-19,0.1293262733998166,-3.110267472291446e-20,0.9916020951009108,1.0,-0.1500000059604644,0.0
1760945205.204542,-1.093112848402816,5.3,0.1838863587866639,9.262999000039197e-19,-0.4302722643434854,1.0630966401992373e-18,4.921366729429736,2.2873318971718122e-18,-0.3168955466929918,-6.824236722559665e-19,0.1314592622139265,-2.6321058640765702e-20,0.9913215736471036,1.0,-0.1500000059604644,0.0
1760945205.216616,-1.1419691235047436,5.3,0.1941975660401562,9.29101171413724e-19,-0.4354000095881402,1.0132424535950621e-18,4.984270269445799,2.034336036546272e-18,-0.2995879138261446,-6.844641947726503e-19,0.133617052180206,-2.4349716039050446e-20,0.9910330384839208,1.0,-0.1500000059604644,0.0
1760945205.2288196,-1.1908890648081158,5.3,0.2049165544889046,9.700263328000011e-19,-0.4391922990449552,9.838190155201408e-19,5.0,2.313664520727196e-18,-0.2839144874464377,-6.938521779821938e-19,0.1357929962399522,-1.6285112546202246e-20,0.9907372316473104,1.0,-0.1500000059604644,0.0
1760945205.2408926,-1.239723679339594,5.3,0.2159836273834222,8.980751413242578e-19,-0.441612282548711,7.043867211667675e-19,5.0,2.048384453094807e-18,-0.2701774215067001,-7.545718391597154e-19,0.1379802712005501,2.5962660929e-20,0.9904349775525008,1.0,-0.1500000059604644,0.0
1760945205.2529624,-1.2884752397606185,5.3,0.2273830298807852,8.688939263e-19,-0.4429010563210128,1.1596146195956193e-18,5.0,2.3892985428611133e-18,-0.2580876967756704,-7.497853873384337e-19,0.1401732549427448,3.159497121147047e-20,0.9901269911474772,1.0,-0.1500000059604644,0.0
1760945205.2650115,-1.3371456713922576,5.3,0.2391009594832018,9.103491772140793e-19,-0.4432607043971197,1.0551860790319913e-18,5.0,2.2170664550506295e-18,-0.2474004543178017,-7.461556818599473e-19,0.1423673322184581,1.6981385299617576e-20,0.9898138929702892,1.0,-0.1500000059604644,0.0
1760945205.2771397,-1.3857365761438207,5.3,0.2511252722898984,9.522527169923209e-19,-0.442860440037479,1.0785974916262057e-18,5.0,1.9373946435076632e-18,-0.2379083483081132,-7.639111239557161e-19,0.1445587307145164,2.7471087711055995e-20,0.9894962220110836,1.0,-0.1500000059604644,0.0
1760945205.2892487,-1.4342492808536966,5.3,0.2634452413256352,9.44372001005351e-19,-0.4418418289328679,7.598060011330559e-19,5.0,1.7147144134113811e-18,-0.2294357759145822,-7.464278953282485e-19,0.1467443831669385,1.7875936394969065e-20,0.9891744467023776,1.0,-0.1500000059604644,0.0
1760945205.3012807,-1.4826848782133275,5.3,0.2760513513776823,8.834862813159829e-19,-0.4403231858369171,7.285655099822511e-19,5.0,1.8839745209731566e-18,-0.221833986560997,-7.275184466054665e-19,0.1489218114085054,1.5605720057159562e-20,0.988848974356959,1.0,-0.1500000059604644,0.0
1760945205.3132367,-1.5310442615100668,5.3,0.2889351248524104,8.07031806193928e-19,-0.4384032758929113,6.588368274369307e-19,5.0,1.6161645931996131e-18,-0.2149769397163028,-7.1208853696711015e-19,0.1510890288840577,7.166266174503043e-21,0.9885201593042362,1.0,-0.1500000059604644,0.0
1760945205.3253071,-1.579328154187716,5.3,0.3020889739603309,7.556851832808506e-19,-0.4361644308660728,5.0111821989933335e-19,5.0,1.4156771693945689e-18,-0.2087577987944717,-6.983416933119334e-19,0.1532444587158131,-7.265668788550218e-21,0.9881883099252377,1.0,-0.1500000059604644,0.0
1760945205.3372731,-1.627537135040604,5.3,0.3155060752297047,6.975424073534841e-19,-0.4336751728809689,4.26381916716893e-19,5.0,1.4967270555952573e-18,-0.203085964935286,-7.004317460496999e-19,0.1553868648618019,5.067102806087031e-22,0.9878536947485796,1.0,-0.1500000059604644,0.0
1760945205.3493164,-1.6756716597130177,5.3,0.3291802629444683,6.291882603043277e-19,-0.4309924235128268,5.7986854056635985e-19,5.0,1.4654214898754046e-18,-0.1978845685211735,-7.126467254085378e-19,0.1575152942982225,1.501123403238176e-20,0.9875165477409198,1.0,-0.1500000059604644,0.0
1760945205.3612933,-1.723732079062573,5.3,0.343105938613799,6.127686764994476e-19,-0.4281633637125594,5.868638382411007e-19,5.0,1.396859992997939e-18,-0.1930883484609808,-7.208687675167254e-19,0.159629028482907,1.05569791302596e-20,0.9871770729031358,1.0,-0.1500000059604644,0.0
1760945205.3733199,-1.7717186548541732,5.3,0.3572779940180454,5.730848549487928e-19,-0.4252269996638295,6.026203959277515e-19,5.0,1.353585627916705e-18,-0.1886418597454007,-7.234521018566618e-19,0.1617275426318328,1.821037941271406e-20,0.9868354482659552,1.0,-0.1500000059604644,0.0
1760945205.385339,-1.8196315731777328,5.3,0.3716917457493895,5.886418278891637e-19,-0.4222154809501661,5.914376472010082e-19,5.0,1.3631372405417068e-18,-0.184497958754209,-7.174516184076303e-19,0.1638104715720524,1.975899456819067e-20,0.9864918293647148,1.0,-0.1500000059604644,0.0
1760945205.3974316,-1.8674709559217055,5.3,0.3863428794835495,5.832465657314041e-19,-0.4191552100805157,5.595447710758032e-19,5.0,1.331927961558657e-18,-0.1806165234644726,-7.249643023418505e-19,0.1658775811292911,2.6128069607299644e-20,0.9861463522615168,1.0,-0.1500000059604644,0.0
1760945205.4094644,-1.9152368705845924,5.3,0.401227402489388,5.719165047349118e-19,-0.416067776257459,5.831006443368129e-19,5.0,1.3053382487226648e-18,-0.1769633722462844,-7.307323293550626e-19,0.1679287441726702,3.221591005681836e-20,0.9857991361735868,1.0,-0.1500000059604644,0.0
1760945205.4215243,-1.96292933866454,5.3,0.4163416031128774,5.502799664500213e-19,-0.4129707410860926,5.890069038140245e-19,5.0,1.2865548023939328e-18,-0.1735093504952158,-7.313829503875975e-19,0.1699639205773255,3.363060005582761e-20,0.9854502857587412,1.0,-0.1500000059604644,0.0
1760945205.4335818,-2.0105483428320823,5.3,0.4316820161666661,5.462038105461949e-19,-0.409878299556486,5.992685081417224e-19,5.0,1.2728795129664433e-18,-0.1702295590768562,-7.355702931654364e-19,0.1719831404822371,3.694506523871413e-20,0.9850998931021498,1.0,-0.1500000059604644,0.0
1760945205.4455924,-2.058093833061416,5.3,0.4472453933215418,5.624914440851423e-19,-0.4068018359575684,6.177142657650318e-19,5.0,1.2427285230625328e-18,-0.1671027025695479,-7.37211350834063e-19,0.1739864903187845,3.90925631776406e-20,0.9847480394428576,1.0,-0.1500000059604644,0.0
1760945205.4577014,-2.1055657318704,5.3,0.4630286777358308,5.529036947629017e-19,-0.4037503912854495,5.938657025189989e-19,5.0,1.2275034827492832e-18,-0.1641105386917421,-7.406452059576843e-19,0.1759741011682805,4.330912826974399e-20,0.9843947966735784,1.0,-0.1500000059604644,0.0
1760945205.4697845,-2.15296393879784,5.3,0.4790289822769495,5.351329251659749e-19,-0.4007310561024082,5.975396867283965e-19,5.0,1.2049717410271774e-18,-0.1612374131809075,-7.422226559788484e-19,0.177946139076448,4.7071466046888135e-20,0.984040228643009,1.0,-0.1500000059604644,0.0
1760945205.4817612,-2.2002883342286257,5.3,0.4952435707894471,5.365967870737135e-19,-0.3977493006067356,5.80533941830842e-19,5.0,1.1720757870040202e-18,-0.1584698668294501,-7.464105373998456e-19,0.1799027970115662,4.9157068204775646e-20,0.9836843922861718,1.0,-0.1500000059604644,0.0
1760945205.4938207,-2.24753878266126,5.3,0.5116698419482949,5.271244365612553e-19,-0.3948092518233966,5.634258385111308e-19,5.0,1.1620382162792738e-18,-0.1557963034464254,-7.505153565429012e-19,0.1818442882024943,5.418871746126867e-20,0.983327338605069,1.0,-0.1500000059604644,0.0
1760945205.5057983,-2.294715135499082,5.3,0.5283053153076975,5.593732030715435e-19,-0.3919139262663976,5.432429588585531e-19,5.0,1.1424704431351622e-18,-0.1532067092587955,-7.5282854436036985e-19,0.1837708406345039,5.584434542245383e-20,0.9829691135190808,1.0,-0.1500000059604644,0.0
1760945205.5179367,-2.341817233434625,5.3,0.5451476192159372,5.480885948153915e-19,-0.3890654251099517,5.29661458653304e-19,5.0,1.1212287292374281e-18,-0.1506924157412483,-7.5998297196770295e-19,0.1856826925159749,6.165499991826764e-20,0.98260975860207,1.0,-0.1500000059604644,0.0
1760945205.529962,-2.388844908487088,5.3,0.5621944803179021,5.178163708526543e-19,-0.3862650977982899,4.940902350184052e-19,5.0,1.1044740644098057e-18,-0.1482458991103493,-7.615666472185356e-19,0.1875800885586416,6.38400839022724e-20,0.9822493117209766,1.0,-0.1500000059604644,0.0
1760945205.541992,-2.4357979857438368,5.3,0.5794437144098072,4.759090300320034e-19,-0.3835136790908537,5.076178639416995e-19,5.0,1.081260645529017e-18,-0.1458606107722618,-7.683424170390316e-19,0.1894632769389946,6.921600509377919e-20,0.9818878075887988,1.0,-0.1500000059604644,0.0
1760945205.5539403,-2.4826762848497466,5.3,0.5968932184470345,4.672123731697026e-19,-0.3808114037531252,5.255808389272047e-19,5.0,1.0800468597992557e-18,-0.1435308339031113,-7.7198680575346625e-19,0.1913325068294724,7.434029221098415e-20,0.981525278243179,1.0,-0.1500000059604644,0.0
1760945205.5659688,-2.5294796212820687,5.3,0.6145409635367705,4.678642783310033e-19,-0.3781581024404783,4.980345656195628e-19,5.0,1.0583608361634918e-18,-0.1412515620925971,-7.753609210893157e-19,0.1931880264057802,7.791800650638969e-20,0.981161753460376,1.0,-0.1500000059604644,0.0
1760945205.5780847,-2.5762078074425685,5.3,0.6323849887728353,4.57195613478303e-19,-0.3755532817637879,5.060685466587864e-19,5.0,1.0247778029954846e-18,-0.1390183966160908,-7.783363388857218e-19,0.1950300812515693,8.119958662230543e-20,0.9807972611131244,1.0,-0.1500000059604644,0.0
1760945205.590203,-2.6228606535945813,5.3,0.650423395792159,4.73296818142954e-19,-0.3729961910546135,4.929680952021835e-19,5.0,9.980954216378173e-19,-0.1368274594362337,-7.790509887012426e-19,0.1968589130942864,8.314724768989084e-20,0.9804318274797776,1.0,-0.1500000059604644,0.0
1760945205.6022274,-2.6694379686681566,5.3,0.6686543439506483,4.586006846542588e-19,-0.3704858779509373,4.523541844977188e-19,5.0,9.640059931421305e-19,-0.1346753194873864,-7.82651449878449e-19,0.1986747588165623,8.695818961867141e-20,0.9800654775111616,1.0,-0.1500000059604644,0.0
1760945205.6142669,-2.715939560953351,5.3,0.687076046031891,4.52626658590424e-19,-0.3680212345899152,4.396053579791231e-19,5.0,9.396903708931485e-19,-0.1325589301780769,-7.880078540346098e-19,0.2004778496964264,9.105284058067864e-20,0.9796982350607236,1.0,-0.1500000059604644,0.0
1760945205.6262178,-2.7623652386985817,5.3,0.7056867644152216,4.321643134701651e-19,-0.3656010359122078,4.26527690737522e-19,5.0,9.297770400195744e-19,-0.1304755763688554,-7.913190679278044e-19,0.2022684108371263,9.514371804622093e-20,0.979330123082826,1.0,-0.1500000059604644,0.0
1760945205.6383123,-2.8087148106284965,5.3,0.7244848076408069,4.0932284529545023e-19,-0.3632239713448617,4.2894331803075193e-19,5.0,9.193928665025148e-19,-0.1284228293549346,-7.921381701183214e-19,0.2040466607536427,9.695139725368528e-20,0.97896116380339,1.0,-0.1500000059604644,0.0
1760945205.6503656,-2.8549880863936856,5.3,0.7434685273188097,4.0527523496322253e-19,-0.3608886709294838,4.287365609551818e-19,5.0,8.883315750238658e-19,-0.1263985086125115,-7.956901798269819e-19,0.2058128110883084,1.0075354860823744e-19,0.9785913788665462,1.0,-0.1500000059604644,0.0
1760945205.6625056,-2.901184876962644,5.3,0.7626363153375796,3.8624247240447454e-19,-0.3585937267937231,4.143054922153856e-19,5.0,8.738872855087618e-19,-0.1244006492613509,-7.967045331826073e-19,0.2075670664324072,1.0358754427307736e-19,0.9782207894604596,1.0,-0.1500000059604644,0.0
1760945205.6745,-2.9473049949647354,5.3,0.7819866013324923,3.84388248126357e-19,-0.3563377107218912,4.00862564598878e-19,5.0,8.67743921304677e-19,-0.1224274743596481,-7.985300676416659e-19,0.2093096242343878,1.0594536594081045e-19,0.9778494164250748,1.0,-0.1500000059604644,0.0
1760945205.6866183,-2.993348254991901,5.3,0.8015178503828531,3.7505826755456265e-19,-0.3541191884607286,3.9845261947141044e-19,5.0,8.333289176779346e-19,-0.1204773712850749,-8.028364117774815e-19,0.2110406747785051,1.1041593602832514e-19,0.977477280344169,1.0,-0.1500000059604644,0.0
1760945205.6986716,-3.039314473865148,5.3,0.8212285609088414,3.801938660511754e-19,-0.3519367312954036,4.192224016705644e-19,5.0,8.200758225862892e-19,-0.1185488715722943,-8.06300048985154e-19,0.2127604012203449,1.1340918372556317e-19,0.9771044016237764,1.0,-0.1500000059604644,0.0
1760945205.7107975,-3.08520347087139,5.3,0.8411172627447314,3.9880896315356844e-19,-0.3497889253457589,3.98577638832632e-19,5.0,8.087631903628411e-19,-0.1166406336753781,-8.098005708354329e-19,0.2144689796679405,1.1800893025861996e-19,0.9767308005587786,1.0,-0.1500000059604644,0.0
1760945205.72283,-3.1310150679750484,5.3,0.8611825153679106,3.6114443984038927e-19,-0.3476743789611927,3.82353823578061e-19,5.0,7.827886199332952e-19,-0.1147514282064137,-8.1366342844916665e-19,0.2161665792990633,1.2236814323919745e-19,0.976356497389218,1.0,-0.1500000059604644,0.0
1760945205.7349083,-3.1767490900082977,5.3,0.8814229062662042,3.4383697341244106e-19,-0.345591728532197,3.627602476246432e-19,5.0,7.691449452184608e-19,-0.1128801252714591,-8.166108968282269e-19,0.2178533625068525,1.2613843959762832e-19,0.9759815123476766,1.0,-0.1500000059604644,0.0
1760945205.7469358,-3.222405364843024,5.3,0.901837049428373,3.2631795721880115e-19,-0.3435396429857599,3.665260059969369e-19,5.0,7.712689781700625e-19,-0.1110256835839811,-8.210888330396989e-19,0.2195294850672725,1.299788585268405e-19,0.975605865698899,1.0,-0.1500000059604644,0.0
1760945205.7590404,-3.267983723547357,5.3,0.922423583944866,3.3162436888081214e-19,-0.3415168271890107,3.5217194948097095e-19,5.0,7.686830111855667e-19,-0.1091871410856484,-8.2448118150524815e-19,0.221195096323007,1.3279042550297177e-19,0.9752295777726676,1.0,-0.1500000059604644,0.0
1760945205.7710187,-3.3134840005288435,5.3,0.9431811727075275,3.2349812866276963e-19,-0.3395220244494649,3.6540233200352053e-19,5.0,7.599248166281843e-19,-0.1073636068463404,-8.266595733851574e-19,0.2228503393793255,1.3623399188362656e-19,0.974852668990817,1.0,-0.1500000059604644,0.0
1760945205.783274,-3.3589060336662864,5.3,0.9641085011985896,3.620094388010272e-19,-0.3375540182698552,3.616693115778975e-19,5.0,7.58374301754978e-19,-0.1055542540506327,-8.3225492454590355e-19,0.2244953513082507,1.41548216923851e-19,0.9744751598891502,1.0,-0.1500000059604644,0.0
1760945205.7954862,-3.404249664431668,5.3,0.9852042763604392,3.646044360908253e-19,-0.335611633490009,3.553094759026176e-19,5.0,7.590648705567699e-19,-0.1037583139079197,-8.341701799059526e-19,0.2261302633580001,1.442488354213221e-19,0.9740970711349264,1.0,-0.1500000059604644,0.0
1760945205.807492,-3.449514738003641,5.3,1.006467225538866,3.649834535103257e-19,-0.3336937369267144,3.6393370772972987e-19,5.0,7.4705261357488935e-19,-0.1019750703485307,-8.360493875474477e-19,0.2277552011652413,1.4717441512215844e-19,0.9737184235404918,1.0,-0.1500000059604644,0.0
1760945205.8194923,-3.494701103373485,5.3,1.027896095493276,3.413860673019784e-19,-0.3317992376044448,3.4303408141300738e-19,5.0,7.458451299944893e-19,-0.1002038553894936,-8.392080293854833e-19,0.2293702849681422,1.5115445168711474e-19,0.9733392380735676,1.0,-0.1500000059604644,0.0
1760945205.831716,-3.5398086134445577,5.3,1.0494896514682652,3.446268366114946e-19,-0.3299270866545798,3.369086369392901e-19,5.0,7.262113906381985e-19,-0.0984440450715388,-8.427274340163297e-19,0.2309756298185977,1.536559461986843e-19,0.9729595358646228,1.0,-0.1500000059604644,0.0
1760945205.8436203,-3.584837125125913,5.3,1.0712466763215551,3.1019241141328163e-19,-0.3280762769479682,3.389944777659021e-19,5.0,7.145863015819015e-19,-0.0966950558841009,-8.432289437109214e-19,0.2325713457923235,1.5590887692297492e-19,0.97257933821172,1.0,-0.1500000059604644,0.0
1760945205.8556147,-3.629786499420706,5.3,1.0931659697038865,3.037977980155309e-19,-0.32624584251492,3.23522599359028e-19,5.0,7.073492835679773e-19,-0.094956341607861,-8.458496545655833e-19,0.2341575381957829,1.587279618742489e-19,0.9721986665831684,1.0,-0.1500000059604644,0.0
1760945205.8675804,-3.674656601509855,5.3,1.11524634728695,2.999559632746389e-19,-0.3244348577976698,3.2378484616300403e-19,5.0,6.883989160146984e-19,-0.0932273905151721,-8.482171071892287e-19,0.235734307769129,1.619291521022974e-19,0.9718175426182682,1.0,-0.1500000059604644,0.0
1760945205.8797095,-3.719447300831495,5.3,1.1374866400359376,3.158578201374248e-19,-0.3226424367727498,3.336929094272832e-19,5.0,6.829824966328838e-19,-0.0915077228778168,-8.512809604910137e-19,0.2373017508845382,1.658770996700746e-19,0.971435988126409,1.0,-0.1500000059604644,0.0
1760945205.8916175,-3.7641584711563385,5.3,1.1598856935234878,3.0614584324667093e-19,-0.3208677319743501,3.32696119400414e-19,5.0,6.74604943904739e-19,-0.0897968887392575,-8.538679582794703e-19,0.2388599597394509,1.6880305257994637e-19,0.9710540250847364,1.0,-0.1500000059604644,0.0
1760945205.903678,-3.8087899906593727,5.3,1.1824423672823048,3.2386783205446225e-19,-0.3191099334443684,3.183266309164413e-19,5.0,6.675174480480686e-19,-0.0880944659150217,-8.56030906368005e-19,0.2404090225443751,1.7139491959403525e-19,0.9706716756345876,1.0,-0.1500000059604644,0.0
1760945205.916406,-3.8533417419881335,5.3,1.2051555341939428,2.8243250451439275e-19,-0.3173682676303708,2.9909993471201533e-19,5.0,6.551919260318037e-19,-0.0864000581903602,-8.573856774564075e-19,0.2419490237050085,1.7368535062548056e-19,0.9702889620768615,1.0,-0.1500000059604644,0.0
1760945205.9289129,-3.897813612327565,5.3,1.2280240799113762,2.678250080925155e-19,-0.3156419962489247,3.1164955001555084e-19,5.0,6.445376224363147e-19,-0.0847132936889613,-8.576085623839591e-19,0.2434800439985139,1.7558779852047224e-19,0.9699059068664764,1.0,-0.1500000059604644,0.0
1760945205.9409804,-3.942205493461761,5.3,1.2510469023133564,2.829237412745525e-19,-0.3139304151286015,3.1194198046507736e-19,5.0,6.345332967104334e-19,-0.083033823390409,-8.602985973933175e-19,0.2450021607438651,1.7816784075453948e-19,0.9695225326060438,1.0,-0.1500000059604644,0.0
1760945205.95304,-3.986517281832615,5.3,1.2742229109886147,2.858572089546547e-19,-0.3122328530443159,2.768765650082409e-19,5.0,6.22035990593416e-19,-0.0813613197773946,-8.623935717278286e-19,0.2465154479662271,1.8097935002958641e-19,0.9691388620388774,1.0,-0.1500000059604644,0.0
1760945205.9650702,-4.030748878595527,5.3,1.297551026748195,2.6205220206418714e-19,-0.3105486705524573,2.9224725319061584e-19,5.0,6.148264784325006e-19,-0.0796954755964886,-8.644110273586597e-19,0.2480199765553882,1.828141669199579e-19,0.9687549180414337,1.0,-0.1500000059604644,0.0
1760945205.9771633,-4.074900189672192,5.3,1.321030181164292,2.628762504060519e-19,-0.3088772588344294,2.9933534597008223e-19,5.0,6.048793576789768e-19,-0.0780360027186481,-8.668329712273626e-19,0.249515814418293,1.8561950159122668e-19,0.9683707236152774,1.0,-0.1500000059604644,0.0
1760945205.989149,-4.118971125800552,5.3,1.3446593161341305,2.6875749773217985e-19,-0.307218038554677,2.7564085537884343e-19,5.0,5.989811846412981e-19,-0.0763826310876425,-8.682207218142007e-19,0.2510030266257593,1.8687562830512904e-19,0.9679863018786518,1.0,-0.1500000059604644,0.0
1760945206.0012152,-4.162961602581919,5.3,1.3684373834674952,2.6100232126713184e-19,-0.3055704587379993,2.8335325428059454e-19,5.0,5.901246979782024e-19,-0.0747351077462734,-8.686614619420625e-19,0.2524816755534813,1.8782213262586905e-19,0.9676016760577189,1.0,-0.1500000059604644,0.0
1760945206.0132327,-4.206871540525405,5.3,1.3923633444966892,2.60455523451248e-19,-0.3039339956698825,2.771141420526436e-19,5.0,5.857586130863943e-19,-0.0730931959317027,-8.713040510379926e-19,0.2539518210174455,1.904330710176601e-19,0.9672168694775352,1.0,-0.1500000059604644,0.0
1760945206.0252912,-4.250700865089526,5.3,1.4164361697076528,2.6649264740166e-19,-0.3023081518227092,2.8526982377352505e-19,5.0,5.802447765494513e-19,-0.0714566742324265,-8.74634710159343e-19,0.25541352040389,1.9344891644413618e-19,0.9668319055528172,1.0,-0.1500000059604644,0.0
1760945206.037368,-4.294449506721197,5.3,1.4406548383912334,2.7454173559933685e-19,-0.3006924548099619,2.746554438971951e-19,5.0,5.750208208066631e-19,-0.0698253358004546,-8.752190409389067e-19,0.256866828793959,1.954042867241178e-19,0.9664468077785424,1.0,-0.1500000059604644,0.0
1760945206.0497704,-4.338117400892034,5.3,1.4650183383135222,2.5687231799829724e-19,-0.2990864563699424,2.6708835398006533e-19,5.0,5.694185768559001e-19,-0.0681989876131437,-8.766031451342951e-19,0.2583117990832046,1.9814169288751888e-19,0.9660615997204308,1.0,-0.1500000059604644,0.0
1760945206.061968,-4.381704488131913,5.3,1.4895256654042237,2.5017122316513933e-19,-0.2974897313800366,2.7891194648787614e-19,5.0,5.630345492883678e-19,-0.0665774497798742,-8.770122990139878e-19,0.2597484820960888,1.999864433065883e-19,0.965676305005346,1.0,-0.1500000059604644,0.0
1760945206.0743675,-4.425210714060009,5.3,1.5141758234622853,2.4655467714487777e-19,-0.2959018769021319,2.6517367275467405e-19,5.0,5.522303155177862e-19,-0.0649605548893862,-8.75842340139297e-19,0.2611769266956563,2.0012879096597244e-19,0.9652909473116444,1.0,-0.1500000059604644,0.0
1760945206.0864363,-4.468636029413163,5.3,1.5389678238778055,2.2658777058810793e-19,-0.294322511259483,2.572014954471355e-19,5.0,5.467544810037965e-19,-0.0633481473941407,-8.76178950356439e-19,0.262597179888532,2.0232482103017546e-19,0.9649055503595104,1.0,-0.1500000059604644,0.0
1760945206.0985487,-4.511980390071639,5.3,1.5639006853694428,2.2290186934869314e-19,-0.2927512731450395,2.532724972218909e-19,5.0,5.357964978798505e-19,-0.0617400830285261,-8.766303590472854e-19,0.2640092869254088,2.040762315507956e-19,0.964520137901297,1.0,-0.1500000059604644,0.0
1760945206.110668,-4.555243757082353,5.3,1.5889734337365824,2.452113776808413e-19,-0.291187820761038,2.4729872936815515e-19,5.0,5.2837424340121095e-19,-0.0601362282581199,-8.78694749852739e-19,0.2654132913971858,2.0616934657436584e-19,0.964134733711898,1.0,-0.1500000059604644,0.0
1760945206.122653,-4.598426096679526,5.3,1.614185101625505,2.554442833453827e-19,-0.2896318309894864,2.455593855128489e-19,5.0,5.212519585293967e-19,-0.0585364597575558,-8.789217376493577e-19,0.2668092353269151,2.0805452825301525e-19,0.9637493615791746,1.0,-0.1500000059604644,0.0
1760945206.1348305,-4.64152738030281,5.3,1.639534728308874,2.356958692722367e-19,-0.2880829985930344,2.4130060687318092e-19,5.0,5.130994013831481e-19,-0.0569406639148298,-8.800485901276124e-19,0.2681971592577135,2.104476006421793e-19,0.9633640452944529,1.0,-0.1500000059604644,0.0
1760945206.147117,-4.684583286429641,5.299966789263396,1.6649610874511866,0.3590538137722668,-0.2220041526251623,-0.3744930655749755,5.0,0.0161370407317961,-0.0536584209710118,0.0007092831642407,0.2694038971224571,0.0013279747072232,0.9630261022505062,0.9171798229217528,0.037790760397911,-0.5
1760945206.1591904,-4.727559080791108,5.29987925383896,1.690523905944649,0.5028950100520617,-0.1612956699424446,-0.7250012760155942,5.0,0.0499644994780852,-0.0478791977169918,0.0029029590359595,0.2702974632669762,0.0042935350665735,0.9627629094106738,0.9171798229217528,0.037790760397911,-0.5
1760945206.1713336,-4.770461008268604,5.299749874921028,1.7162188726218024,0.5186940273409113,-0.1031994748596158,-0.9823039217062992,5.0,0.097727252470384,-0.0402194401197014,0.0064747098932637,0.2708877765742709,0.0079814293912872,0.9625560697535068,0.916877269744873,0.044025607407093,-0.4994720220565796
1760945206.1834035,-4.813300300879004,5.299593911251335,1.7420392022791378,0.4766499010314304,-0.0494523064413429,-1.136112671239594,5.0,0.1540034052936263,-0.0311222904324118,0.0110245579633859,0.2711886063404404,0.0118243662863891,0.9623904526099408,0.916877269744873,0.044025607407093,-0.4994720220565796
1760945206.195563,-4.85609075927022,5.299426483151696,1.767976063104308,0.417355246885133,0.003623563149802,-1.200668207641709,5.0,0.2138901897442219,-0.0208297239760457,0.0161205932718923,0.2712120676566594,0.0155392137686162,0.9622591509907376,0.9161915183067322,0.0531730912625789,-0.4947611391544342
1760945206.2076004,-4.898846562209758,5.299262083740859,1.7940210587706913,0.3704624319605492,0.0530637263507142,-1.2064492827510591,5.0,0.2737965892520383,-0.0095831912366724,0.0213986730367488,0.2709721469989516,0.0190362922230762,0.962161011432828,0.9161915183067322,0.0531730912625789,-0.4947611391544342
1760945206.2197852,-4.941576180405839,5.29917428940757,1.8201481422536612,-0.3958832179224227,0.1031503593048054,-0.418948955571635,5.0,0.2999974275617336,0.0036048650168703,0.0252961457259991,0.2704976208013764,0.0197330333261224,0.9621859225471728,0.9165410399436952,0.0633928552269935,0.5147491693496704
1760945206.2319365,-4.984268630211484,5.299219922008574,1.8463411486290584,-0.7012458171886973,0.1500461126227122,0.3436517413629069,5.0,0.2868709046278895,0.0185779580155768,0.0260268406890222,0.269799656962721,0.0169119339245388,0.9624160925283192,0.9165410399436952,0.0633928552269935,0.5147491693496704
1760945206.244188,-5.026925334960892,5.299318465201467,1.8725757678419344,-0.0096191367446948,0.1969078010157972,0.1849538799724318,5.0,0.2736984414697565,0.0327805530783204,0.0250984615528182,0.2689356683406714,0.0151111511639364,0.9627124838872396,0.9165538549423218,0.0716009885072708,-0.4735895693302154
1760945206.2563539,-5.069561912608528,5.299409870243491,1.898838506191453,0.3905090148186705,0.2407833400836583,-0.1501726830895318,5.0,0.2744222331587496,0.0457231698176032,0.0247619719994134,0.2678971682969829,0.0162466698873443,0.9629922106012748,0.9165538549423218,0.0716009885072708,-0.4735895693302154
1760945206.268609,-5.11219714719442,5.299498439348632,1.9251169798071597,0.5637335397363865,0.2842404343256686,-0.4896596639574395,5.0,0.2921373890291645,0.0581621803754871,0.0257508298238722,0.266647760678275,0.0191639819166441,0.9632593670895404,0.915699064731598,0.0784721598029136,-0.4672568142414093
1760945206.2807293,-5.154850773209063,5.299594692657399,1.951399337189753,0.6001673164216178,0.3249516237276449,-0.755182232780713,5.0,0.3241748627718044,0.0704509455763418,0.0280893417794599,0.2651694553438012,0.0229256448586969,0.9635198823267124,0.915699064731598,0.0784721598029136,-0.4672568142414093
1760945206.2928324,-5.197541768393672,5.299711697116178,1.977673452900208,0.5651336020921244,0.3649332478441663,-0.9217801078483664,5.0,0.3654370109022126,0.0827544290748114,0.0314448298058958,0.2634603306841463,0.0269154382021194,0.9637818404704804,0.9152196645736694,0.0835222080349922,-0.4618788957595825
1760945206.3048499,-5.240286296060432,5.299861527113113,2.003927382673832,0.5103970344523205,0.4025916822742362,-1.0051205652218234,5.0,0.4113044062883293,0.095106393519242,0.0354149718654179,0.2615326358211657,0.0308249440289315,0.9640520125977738,0.9152196645736694,0.0835222080349922,-0.4618788957595825
1760945206.3169463,-5.283100667167842,5.300056966589499,2.030146660913891,0.4564545655121198,0.4421855616679871,-1.0227173568067294,5.0,0.4579229228922097,0.1075666299779165,0.0396383662491596,0.259390767533179,0.0345212357288713,0.9643409738901472,0.914958953857422,0.095230184495449,-0.4539852142333984
1760945206.3290224,-5.325999661997625,5.300309373790409,2.056315573312522,0.4222122822411909,0.4795262327984994,-1.00351489599988,5.0,0.5031593426362023,0.1200612722486366,0.0438718711454603,0.2570441262853835,0.038009739272493,0.9646547754429132,0.914958953857422,0.095230184495449,-0.4539852142333984
1760945206.3411376,-5.368995307182796,5.300628876398567,2.0824171168224046,0.3995461657181608,0.5161187580112993,-0.9587348803192242,5.0,0.5454478727535624,0.1324822041048117,0.0479474691013401,0.2545085309466709,0.0413256713062965,0.9649967029856772,0.9142295122146606,0.0989596173167228,-0.4416617751121521
1760945206.3532107,-5.412104077235215,5.3010280429072525,2.10842803797991,0.3980313224754211,0.5506618485442776,-0.9116219903443248,5.0,0.5843942745655801,0.1446611563159464,0.0517809492038785,0.2517917894207795,0.0445489747837738,0.9653678143202942,0.9142295122146606,0.0989596173167228,-0.4416617751121521
1760945206.3653536,-5.455294620454628,5.301528428998237,2.1343528764655644,-0.0191114846380175,0.5834646923728433,-0.4259481578448253,5.0,0.6015439758295816,0.1579887013678745,0.0545760794574243,0.248936858826072,0.0462155333862576,0.9658757768692044,0.9117462635040284,0.0980362519621849,0.1400917172431945
1760945206.3774788,-5.498576893755441,5.302175508217795,2.160137646749706,-0.1744713520805048,0.614602970232027,0.0259418661976652,5.0,0.59443154820034,0.1721998433049093,0.0553711302502153,0.2459608788460014,0.0459987962086903,0.9666030181824736,0.9117462635040284,0.0980362519621849,0.1400917172431945
1760945206.389718,-5.54194193207946,5.302957615799701,2.185746631112932,-0.1364408481954383,0.642030482104733,0.3201687204980118,5.0,0.5698971571502961,0.1856501962800613,0.0544033785466857,0.2429141501234396,0.0451600232905232,0.9674676017153816,0.9098552465438844,0.0921112596988678,0.0876107066869735
1760945206.401884,-5.58538820136168,5.303861692936524,2.211152062043085,-0.050804731266587,0.6679697682070045,0.4866975972288196,5.0,0.53512662153172,0.1977279136761539,0.0522758231945756,0.2398018276093556,0.0444111445288255,0.9683955658852338,0.9098552465438844,0.0921112596988678,0.0876107066869735
1760945206.4140346,-5.628917116408539,5.304885638746453,2.236335590216179,-0.0433731579722859,0.6899037977981365,0.6420590515977258,5.0,0.4916769323090976,0.2086927515570324,0.0493318038164525,0.2366159185949256,0.0436484452125979,0.9693678834324032,0.9076476097106934,0.0847630500793457,0.2025741934776306
1760945206.426074,-5.672534769430455,5.306027552821914,2.261277564519264,-0.0079679735241316,0.710612534273341,0.7253907454698139,5.0,0.4433411940203905,0.2186444404231514,0.0458136403021299,0.2333521431903217,0.0428891298618352,0.97036509117468,0.9076476097106934,0.0847630500793457,0.2025741934776306
1760945206.4382515,-5.716250360325125,5.307285731460672,2.285959472813509,-0.0121811935436089,0.7279311808558991,0.7973781870178112,5.0,0.3911323104594134,0.2276847464698892,0.0419163634208582,0.2300097586831698,0.0420944022151835,0.9713735587765536,0.904971182346344,0.0784074142575264,0.2623965442180633
1760945206.4505465,-5.760074108346846,5.308657240233025,2.3103656597172453,-0.002381385210365,0.7442731809335716,0.8281461669112178,5.0,0.3372048423261549,0.2358785013654313,0.0377848512693495,0.226588872031283,0.0412769701600094,0.9723816122390188,0.904971182346344,0.0784074142575264,0.2623965442180633
1760945206.4626071,-5.804018382156592,5.310136670054118,2.334480175124398,0.0100116544744347,0.7568324983314805,0.8248683663655113,5.0,0.2835229906982,0.2431988530927331,0.0336003026803122,0.2230958907664718,0.0405135177608687,0.9733744901432057,0.902762770652771,0.0701138749718666,0.2582218647003174
1760945206.474641,-5.848098984259278,5.3117214226155385,2.358281123515828,0.0139384535974305,0.7687094861888895,0.8024770661291417,5.0,0.2312823876502787,0.2497080295792195,0.0294963048559056,0.219530763514304,0.0398047113936242,0.974346856525716,0.902762770652771,0.0701138749718666,0.2582218647003174
1760945206.4868224,-5.892337789055086,5.313412531949375,2.381733649973377,0.0076950811599867,0.7773447906310744,0.7722549520386088,5.0,0.181133568282816,0.2553870425592162,0.0255555801981311,0.2159000035943276,0.0391083679265748,0.975297204100794,0.9001215100288391,0.0625423118472099,0.259350448846817
1760945206.4987695,-5.936738778718339,5.315200005135362,2.404840091119202,-0.0051125711819793,0.7855606088006993,0.7404056656231861,5.0,0.1331108207081975,0.2603603171969148,0.0217965021763159,0.2122102253978279,0.0383839828581632,0.9762266143623748,0.9001215100288391,0.0625423118472099,0.259350448846817
1760945206.5109203,-5.981294550025599,5.317070636612049,2.427622606341924,-0.0213519213714288,0.7901122297906893,0.709158358182877,5.0,0.0869914869712196,0.2646208617228081,0.0182056779182441,0.2084843765574301,0.0376128855437895,0.9771325850999272,0.8979495763778687,0.0526737831532955,0.2583866715431213
1760945206.5230734,-6.026010273109549,5.319020280664512,2.45007434148358,-0.0402441567838071,0.7945485480750449,0.6803895420522973,5.0,0.0426280730861109,0.2682518106894098,0.0147737636647674,0.2047239275856924,0.0367788382137905,0.9780169561110428,0.8979495763778687,0.0526737831532955,0.2583866715431213
1760945206.5351315,-6.070830524996148,5.32102727612602,2.4723104762714345,-0.1333135939356939,0.7962082245781144,0.7322802410942477,5.0,-0.0045566960041939,0.2714224359042804,0.0112431504957098,0.2009542499511385,0.0356048261589508,0.9788887972327076,0.8952949643135071,0.0447941720485687,0.3644290864467621
1760945206.5471807,-6.115821031632804,5.323121623724554,2.4941982013559434,-0.1841315106445925,0.7979513686620568,0.7801503013819914,5.0,-0.0539373278643734,0.2738870941461667,0.0075265766099852,0.1971751912647374,0.0340528702695277,0.9797477719396228,0.8952949643135071,0.0447941720485687,0.3644290864467621
1760945206.5593777,-6.160980924358782,5.32528756380725,2.515743422750508,-0.1466900090886417,0.7966647162069185,0.742900916203378,5.0,-0.1011785586639861,0.2756812593124398,0.0038403801499754,0.1933902971077903,0.0325636205692506,0.9805738396879076,0.8935161232948303,0.035808902233839,0.2712958753108978
1760945206.571482,-6.20632268042683,5.327519744509682,2.536922693602752,-0.1338659166294122,0.7956476695115442,0.6937330538685066,5.0,-0.1454443605436946,0.2768657135389467,0.0003723527061472,0.1895978238424423,0.0312242878133615,0.9813651565030322,0.8935161232948303,0.035808902233839,0.2712958753108978
1760945206.5837069,-6.251843356526354,5.32981106360775,2.557741067443028,-0.1318251353603483,0.791512745157353,0.6383925410632264,5.0,-0.186394973193973,0.2774457464342391,-0.0028282825133342,0.1858079662552833,0.029960762328897,0.9821251209569846,0.8916425704956055,0.0260359644889831,0.2614915072917938
1760945206.5958543,-6.297553462675662,5.332160033368611,2.578174106102617,-0.1443134714099175,0.7878249476244693,0.5910724057959112,5.0,-0.2242973510051847,0.2774444736358389,-0.0057565148330212,0.182025590921119,0.0286955708759377,0.9828581337094884,0.8916425704956055,0.0260359644889831,0.2614915072917938
1760945206.6078732,-6.343461648307023,5.334565680973212,2.598199440364481,-0.1695201449938451,0.7812748246835957,0.5610985043628456,5.0,-0.2601034330976154,0.2767817726030478,-0.0084776009337943,0.178268392708607,0.0273323762025383,0.9835656824303196,0.8895034193992615,0.0163602344691753,0.2710559666156769
1760945206.6198967,-6.389548455799037,5.3370187331042125,2.6178526783862046,-0.1937038934735283,0.775259478533012,0.5384886870433525,5.0,-0.2943767550904916,0.2756037644252804,-0.011059020144779,0.1745355259419745,0.0258666396250491,0.984248934575041,0.8895034193992615,0.0163602344691753,0.2710559666156769
1760945206.6321588,-6.435737578777389,5.339519155592037,2.6372964035698216,-0.4400863346011593,0.7663252099550505,0.7541842565582698,5.0,-0.3387005346545299,0.2736413075628194,-0.0141159909975265,0.1708487667193045,0.0235373638866702,0.984914935519772,0.8879457712173462,0.007114210166037,0.5829939842224121
1760945206.6442564,-6.48211295388232,5.3420977291354514,2.6563723419572733,-0.5515011940281426,0.7580828664782278,0.9570705734767714,5.0,-0.393417183859167,0.2706295140431501,-0.0181030738001435,0.16723635686376,0.0201995721441138,0.9855436352324124,0.8879457712173462,0.007114210166037,0.5829939842224121
1760945206.6563313,-6.528680473378444,5.344743791243584,2.6750904251409144,-0.5787338914774091,0.7473981674102934,1.1017640163399571,5.0,-0.4557147188185327,0.2668989039228447,-0.0228904824344935,0.1636881715976478,0.0164263688546153,0.9861097214302208,0.8862202167510986,-0.0017108302563428,0.57783442735672
1760945206.6684036,-6.575445706542567,5.347445296941387,2.693462183735324,-0.5717190336200865,0.7375009804700472,1.1851935925053934,5.0,-0.5220851627323727,0.2627396900406328,-0.0281916407718106,0.1601907605863459,0.012556364632965,0.9866035117110444,0.8862202167510986,-0.0017108302563428,0.57783442735672
1760945206.6804905,-6.622415298847273,5.350191404796156,2.7114936398989404,-0.5500933014266427,0.7251474304350453,1.2118224724272335,5.0,-0.589449106479012,0.2582706135562341,-0.033730529344381,0.1567421040171671,0.0087390888065258,0.9870247172919486,0.8848996758460999,-0.0109134120866656,0.5698118805885315
1760945206.6925235,-6.669595972702791,5.3529722745542125,2.7291873606699504,-0.5366907556388323,0.7137396396727618,1.202688909630944,5.0,-0.6558042442190659,0.2535673720545235,-0.0392939597768339,0.1533414773754502,0.0050053486709338,0.9873790166527,0.8848996758460999,-0.0109134120866656,0.5698118805885315
1760945206.7046156,-6.716988100971191,5.3557766355966745,2.7465520735869244,-0.5289389820531155,0.7000877292578316,1.1663970080309751,5.0,-0.7195000584574612,0.2486231180684618,-0.0447174587477561,0.1499953794608568,0.0013456181912193,0.98767399699254,0.883655309677124,-0.0198396891355514,0.5593427419662476
1760945206.7166696,-6.764602329552425,5.3585947237586415,2.7635768399685587,-0.5377497991486669,0.6875014602550333,1.123339728758333,5.0,-0.7798924601029134,0.2434154187439972,-0.0499106262284481,0.1467111901241,-0.0023028298082519,0.9879167237458472,0.883655309677124,-0.0198396891355514,0.5593427419662476
1760945206.7289152,-6.812416404250946,5.361415489728794,2.78029837262657,-0.5495403677887761,0.6728859473947909,1.0728739896988706,5.0,-0.8367961848158901,0.2379268903518454,-0.0548526800207249,0.1434926971712563,-0.0059664696822999,0.9881120536622312,0.8824037909507751,-0.0281750224530696,0.5476588010787964
1760945206.7411015,-6.860448538992372,5.364228793199291,2.7966901786528013,-0.5727300155693408,0.6593644104183376,1.028828573208136,5.0,-0.8902074058060799,0.2321344083712986,-0.0595277110326077,0.1403505381902219,-0.0097064443402759,0.9882631041312848,0.8824037909507751,-0.0281750224530696,0.5476588010787964
1760945206.75326,-6.908662727871935,5.367026544258506,2.8128066324170846,-0.5927828737949643,0.6435424210194576,0.9822431264996782,5.0,-0.9404050945978456,0.2260591428507148,-0.0639691862618631,0.1372832949913304,-0.0135060539629494,0.98837180586643,0.8813049793243408,-0.0371640175580978,0.5348403453826904
1760945206.765344,-6.957082385701773,5.36979640877177,2.828612124697079,-0.6197009467148844,0.6288328245313082,0.9446453717918978,5.0,-0.9874672342884848,0.2196976547461557,-0.0681770187153464,0.1343036335119333,-0.0174133443265278,0.9884387707814508,0.8813049793243408,-0.0371640175580978,0.5348403453826904
1760945206.7775571,-7.0056714196032255,5.372533156356513,2.8441600189383864,-0.6404169410840344,0.6121814966963756,0.9043149187162276,5.0,-1.031592078098984,0.2131073492759764,-0.0721816853349761,0.1314061276683332,-0.0213870750142341,0.988465895686721,0.8800752758979797,-0.0451347939670085,0.5214810967445374
1760945206.789507,-7.054449108981721,5.375222184723939,2.859420240862911,-0.6659183564290366,0.5966226789093203,0.8722247132667801,5.0,-1.072911825712208,0.2063056579009613,-0.0759898106747879,0.1286019026373877,-0.0254662275625946,0.9884526142235568,0.8800752758979797,-0.0451347939670085,0.5214810967445374
1760945206.8016405,-7.103381418997116,5.377861013965163,2.8744425153286453,-0.6840066478948318,0.5789678991244492,0.8360659772409349,5.0,-1.1114746855897353,0.1993401968470052,-0.0796184033642673,0.125885439173776,-0.0296001043129298,0.9884015377742056,0.8792322278022766,-0.0534907095134258,0.5076188445091248
1760945206.81368,-7.152481187700935,5.380434342361675,2.889205733674434,-0.7064223147468303,0.5623918512750783,0.8070700336315031,5.0,-1.147468263648565,0.1922343200205824,-0.0830776499735183,0.1232655390490789,-0.0338225619446947,0.9883115628491428,0.8792322278022766,-0.0534907095134258,0.5076188445091248
1760945206.825745,-7.201721119426969,5.3829407332892645,2.903748983041349,-0.7208748139565768,0.5440639151987783,0.7728003896253104,5.0,-1.1807678682594382,0.1850389548446942,-0.0863699141170323,0.1207370164134331,-0.0380836410208106,0.9881864434860442,0.8785550594329834,-0.0608812719583511,0.4929869472980499
1760945206.837793,-7.251112381451453,5.385362143502263,2.9180522976829693,-0.7400598607861885,0.5268218458950074,0.7453845760988542,5.0,-1.2115535544375848,0.1777708943434111,-0.0895042715675319,0.1183095786585243,-0.0424170383463427,0.9880246068933368,0.8785550594329834,-0.0608812719583511,0.4929869472980499
1760945206.8499556,-7.30058724250158,5.387722170846624,2.9322131354481145,-0.6846361500668746,0.5074504119300545,0.6407970619391264,5.0,-1.237030730832485,0.1709795135240653,-0.0923290170093178,0.1159371558132773,-0.0465138642583372,0.987861523165964,0.877949595451355,-0.0684840530157089,0.389860063791275
1760945206.8619628,-7.350182910369655,5.389980541536838,2.9461514464487943,-0.6730264333216821,0.4892470906737506,0.5484387807808563,5.0,-1.2566184911337723,0.1645427240791899,-0.0946782706732734,0.1136664516412674,-0.0504118371068697,0.9877118048869884,0.877949595451355,-0.0684840530157089,0.389860063791275
1760945206.874228,-7.399871722816989,5.392129122204918,2.959883292947966,-0.5787541869623366,0.469494430752376,0.3649796715463064,5.0,-1.2663311148277634,0.1588689110827116,-0.0963473551972417,0.1114902200612584,-0.053891634026541,0.9876147071399544,0.8774616122245789,-0.0755366832017898,0.2471676915884018
1760945206.8863204,-7.449633404509061,5.394155895643727,2.9733998472726832,-0.556919398208607,0.4509533535630942,0.2137038690770051,5.0,-1.267083639493267,0.1536464003185339,-0.0972237898862645,0.109428579442465,-0.0570314321463761,0.9875830782413644,0.8774616122245789,-0.0755366832017898,0.2471676915884018
1760945206.8985016,-7.499442532775768,5.396056877495667,2.986704541511995,-0.5159741525175061,0.431213277748268,0.0463140160008555,5.0,-1.2582830372918612,0.1486557854029244,-0.097326836420216,0.1074893670887267,-0.0598975305900845,0.9876162254157772,0.8892093896865845,-0.0818105936050415,0.1691204160451889
1760945206.9105132,-7.549276632340996,5.3978279402073,2.999795604559602,-0.5223402779387329,0.4126450900167618,-0.0713964902097752,5.0,-1.242264990349068,0.1435373738564717,-0.0967643958540039,0.1056804522805904,-0.0626434249160352,0.9876963577008718,0.8892093896865845,-0.0818105936050415,0.1691204160451889
1760945206.9225783,-7.599118478126794,5.399466429919818,3.012675555035825,-0.5176595141668336,0.392621515185963,-0.1738880249262324,5.0,-1.2199580419681593,0.1382046939956986,-0.0956753642824947,0.1040006265392732,-0.0653202535584437,0.9878073490432794,0.8888523578643799,-0.0886889621615409,0.1265231072902679
1760945206.934666,-7.648954739297236,5.400968304640299,3.025345224254651,-0.5336562463411385,0.3737403419070375,-0.2340031347938237,5.0,-1.1935309821641922,0.1325809659803158,-0.0942150572369094,0.1024454544143711,-0.0679976284357402,0.987929539181208,0.8888523578643799,-0.0886889621615409,0.1265231072902679
1760945206.9467363,-7.698776980238609,5.402329127819537,3.037806448734599,-0.5476142407382455,0.3536570530797307,-0.2657492874264086,5.0,-1.16447006398063,0.1266388354899163,-0.0925426668053909,0.101010635826887,-0.0707176739202628,0.988044390129159,0.8887497782707214,-0.0949126332998275,0.1171924844384193
1760945206.9588215,-7.748579877394118,5.4035426933873,3.050062354498391,-0.5604890538879018,0.3347058383586795,-0.2719663812902612,5.0,-1.13428291268087,0.120471659156101,-0.0908011182826806,0.0996851674788035,-0.0734901311816368,0.9881382620474948,0.8887497782707214,-0.0949126332998275,0.1171924844384193
1760945206.9709587,-7.798361260669745,5.404601037009905,3.0621161307584512,-0.5688564537472731,0.3147850424486896,-0.2602410856983465,5.0,-1.1040401538896822,0.1141490316577792,-0.0891014077956551,0.0984633893966582,-0.0763063699437665,0.9882020228593744,0.8885721564292908,-0.100598894059658,0.1194479167461395
1760945206.982946,-7.848119659205951,5.405487236419318,3.073963783961811,-0.5690213951268248,0.2960652421758084,-0.2403100136260337,5.0,-1.0742937127359022,0.1078258347717309,-0.0875125913531347,0.0973389644104219,-0.0791309950502734,0.9882332507988788,0.8885721564292908,-0.100598894059658,0.1194479167461395
1760945206.994994,-7.897854496530428,5.406201135779407,3.085623590999929,-0.5474400493533789,0.2764746436908126,-0.2370712270532441,5.0,-1.0439306932683523,0.1016893620906536,-0.085964879834283,0.0963056477866821,-0.0818411792918031,0.988249605621774,0.8937156200408936,-0.1061519682407379,0.0936200693249702
1760945207.0069857,-7.947566365999035,5.406749355264409,3.097114564252247,-0.5299652781444961,0.2579610231798984,-0.2313569657949648,5.0,-1.0133866831815426,0.0957162423683284,-0.0844604956512157,0.0953529596774043,-0.0844589521795418,0.988251447331014,0.8937156200408936,-0.1061519682407379,0.0936200693249702
1760945207.0191069,-7.99725957922162,5.407151471056253,3.10846289236636,-0.5316949401465665,0.2387323420951563,-0.2034699986130168,5.0,-0.9839830226543992,0.0896924848874031,-0.0830820921186297,0.0944729569963109,-0.0870883611007202,0.9882245917433724,0.893695592880249,-0.1107324808835983,0.1202042177319526
1760945207.03118,-8.046930023140812,5.407359827499579,3.119635211465817,-0.5250337729635022,0.2207028023022394,-0.1760414358205912,5.0,-0.9555863132177256,0.0837450816860114,-0.0818677362353092,0.0936767607439912,-0.0896907634776753,0.988168965919802,0.893695592880249,-0.1107324808835983,0.1202042177319526
1760945207.0432096,-8.096579828846053,5.407388623317302,3.130657325501539,-0.5052665733764714,0.202115787335347,-0.1616705034743377,5.0,-0.9272652399934352,0.0779498926534321,-0.0807412992337455,0.0929570703822203,-0.0921938795404721,0.9880992431123904,0.8936923742294312,-0.1152406483888626,0.1058694720268249
1760945207.0552783,-8.14620870303847,5.40723318294424,3.141534859166767,-0.4874253790529313,0.1845836825861013,-0.1488746933421787,5.0,-0.8991433398539025,0.072311706966479,-0.0796938342200644,0.0923101805390707,-0.0946070080298361,0.9880168203971992,0.8936923742294312,-0.1152406483888626,0.1058694720268249
1760945207.0673373,-8.195815834313336,5.406888350974679,3.1522730733819744,-0.4674742737678277,0.1666383528150595,-0.1412903400925044,5.0,-0.8709083089327022,0.0668021902946858,-0.0787009825199228,0.0917397568209934,-0.096917266878296,0.98792561245757,0.8959361910820007,-0.1193316653370857,0.0996306017041206
1760945207.0793204,-8.245400623890786,5.406349839926721,3.162877272949732,-0.4506829066669979,0.1497279773435679,-0.1331953041535643,5.0,-0.8426859258520992,0.0614199748294887,-0.0777635120612356,0.0912417500548352,-0.0991410198389811,0.9878253071389292,0.8959361910820007,-0.1193316653370857,0.0996306017041206
1760945207.0914595,-8.294964609895366,5.405638434181229,3.173368263610674,-0.4232753860409408,0.1324119926554605,-0.1388014861890903,5.0,-0.8136622880076462,0.0561811225088832,-0.0768198996524641,0.0908106240472213,-0.1012380342765742,0.9877261735892974,0.8960630893707275,-0.1229763627052307,0.0798132196068763
1760945207.1033857,-8.344500050482896,5.404697275151169,3.1837173202292317,-0.4046488171714973,0.1162438535315068,-0.1407505547658023,5.0,-0.7841340204497002,0.0510805333793171,-0.0758820202340326,0.0904629698198477,-0.1032169599062575,0.9876257536558496,0.8960630893707275,-0.1229763627052307,0.0798132196068763
1760945207.1155272,-8.394015635597281,5.403605338830973,3.193977765608541,-0.3653695034833076,0.0995670838380162,-0.1666240395342698,5.0,-0.7530178487483659,0.0461404830540704,-0.0748704624169971,0.0901730373380347,-0.1050380737702337,0.9875374627088016,0.8962664604187012,-0.1264438182115554,0.0438835024833679
1760945207.127578,-8.443499689634889,5.402286170945668,3.204110307721852,-0.3434551505955668,0.0839727312392851,-0.1846354643673596,5.0,-0.7205650417020573,0.041330724101096,-0.0737733955713216,0.0899676555221996,-0.1067055038804935,0.987459995395928,0.8962664604187012,-0.1264438182115554,0.0438835024833679
1760945207.1395888,-8.492951127868329,5.400734387680409,3.214119474653637,-0.3443772532506215,0.0684401060579527,-0.1758928862343781,5.0,-0.6883434943602789,0.0364860483776405,-0.0727070112049491,0.0898421250969378,-0.1083515044771854,0.9873712749301754,0.896521270275116,-0.129195898771286,0.06609358638525
1760945207.15161,-8.542369712901099,5.39894072911247,3.224009426206834,-0.3407950963602104,0.0539217232624008,-0.1603524390917521,5.0,-0.656685888584875,0.031662939397942,-0.0717329202747584,0.0897865085323023,-0.1099813364120911,0.9872673785127536,0.896521270275116,-0.129195898771286,0.06609358638525
1760945207.1635878,-8.591758365267685,5.39692462826588,3.2337974443038062,-0.3223529348447605,0.0393286806265079,-0.1560747093331503,5.0,-0.624782845476061,0.0269426008340025,-0.0707960174413849,0.0897936499891394,-0.111516460630048,0.9871621464301668,0.8968080878257751,-0.1319065541028976,0.0467445291578769
1760945207.1759622,-8.641117067617953,5.394683145748654,3.2434883088345683,-0.3070984214595826,0.0255906880445813,-0.1491069553568078,5.0,-0.5930245637267603,0.0223266402817302,-0.0699077930407809,0.0898590385172023,-0.1129742082090232,0.9870537381259824,0.8968080878257751,-0.1319065541028976,0.0467445291578769
1760945207.1882443,-8.690446609246044,5.392214754174726,3.2530873403156484,-0.301504416580683,0.0118063437433856,-0.1298738935328294,5.0,-0.5621896419669724,0.0177507028538102,-0.069124576958756,0.0899793884303867,-0.114407840075421,0.9869327984453872,0.8974167108535767,-0.134398803114891,0.0604536086320877
1760945207.2003193,-8.739747465077002,5.389516317099239,3.262599404625018,-0.2924708278645158,-0.0011755222231145,-0.1101372335426022,5.0,-0.5321370424724539,0.0132632978580524,-0.0684500668001764,0.0901491569578325,-0.1158009975116805,0.9868018275368886,0.8974167108535767,-0.134398803114891,0.0604536086320877
1760945207.2123787,-8.78902480164178,5.386631264026274,3.2720444450778507,-0.2579747984215317,-0.0144492871323687,-0.1176349663580054,5.0,-0.5012153065643215,0.0089175424399578,-0.0677649326131816,0.0903645325015844,-0.1170512611839793,0.986681897791249,0.8977152705192566,-0.1370299160480499,0.0240105018019676
1760945207.224422,-8.838267779836823,5.383477505895888,3.281398805339037,-0.2356952292339747,-0.0268336535239753,-0.122655830612612,5.0,-0.4698408989731215,0.0047176321234592,-0.0670695380907107,0.0906438379692013,-0.1181587904507655,0.9865717773875978,0.8977152705192566,-0.1370299160480499,0.0240105018019676
1760945207.2366064,-8.887482383689111,5.38010541222175,3.290684160989948,-0.2098361176475873,-0.0392690008765167,-0.1347135417732065,5.0,-0.4376812944652268,0.0006171764455266,-0.0663399892288434,0.0909767555489508,-0.1191428535958929,0.986472106151984,0.8984747529029846,-0.1391356140375137,0.0087575763463974
1760945207.2488108,-8.936661097823846,5.376460140068084,3.2998892075227397,-0.1936092227469001,-0.050878471666126,-0.1398000468219934,5.0,-0.4051077586096011,-0.0033871270118065,-0.0655932017348438,0.0913719433829168,-0.1200221911150343,0.9863789198317992,0.8984747529029846,-0.1391356140375137,0.0087575763463974
1760945207.261026,-8.985807397347214,5.372569481835345,3.309027640704362,-0.1763253376516238,-0.0622855411686338,-0.1448705278441354,5.0,-0.3721332507486907,-0.0073122266813109,-0.0648360656667902,0.0918204974193076,-0.1208107017780524,0.986291060072237,0.8989343643188477,-0.1405456811189651,-0.0001401472400175
1760945207.2730925,-9.034919011775113,5.368415470529757,3.318100197971525,-0.1637349433308496,-0.0729877922641207,-0.1434198160487366,5.0,-0.3391874780999712,-0.0111518445437215,-0.064097667469339,0.0923200747762134,-0.1215285831864481,0.986204490096754,0.8989343643188477,-0.1405456811189651,-0.0001401472400175
1760945207.285272,-9.084003938938912,5.364059162996123,3.3271252526855477,-0.1363663850416428,-0.0837370079115323,-0.1566024511303809,5.0,-0.305396153738389,-0.0149052917802499,-0.0633219920616637,0.09286153909603,-0.122128609759405,0.9861296378044287,0.8995104432106018,-0.1421686112880706,-0.0261868238449096
1760945207.2973678,-9.133051727024531,5.359421674237373,3.3360894034806465,-0.1194087008381164,-0.0937895847273119,-0.1624846803044685,5.0,-0.2712449669451007,-0.0185623721609486,-0.0625237520876335,0.0934569445837941,-0.1226195087256807,0.9860634036479696,0.8995104432106018,-0.1421686112880706,-0.0261868238449096
1760945207.309535,-9.182068881577418,5.3545489683266405,3.3450074863903674,-0.1238648610727046,-0.1035789843379823,-0.1421487863564446,5.0,-0.2382786537895671,-0.0221795400873307,-0.0618126750958973,0.0940881162326979,-0.1231276729220209,0.9859848861631092,0.9000645875930786,-0.1429905444383621,0.0011757792672142
1760945207.3215911,-9.231049040849934,5.34938731620514,3.353875284282227,-0.1203582583856373,-0.1127370113351487,-0.1185226692318364,5.0,-0.2066454593273402,-0.0257027111290782,-0.0612410895114588,0.0947540151037342,-0.1236303667252691,0.985893877656488,0.9000645875930786,-0.1429905444383621,0.0011757792672142
1760945207.3336356,-9.27999649238441,5.343969522919081,3.36270355902566,-0.0960217198186606,-0.1217654305494681,-0.1152065222376433,5.0,-0.1748718921925289,-0.0291118337879353,-0.0607028958426343,0.0954547903229935,-0.1240119067438263,0.9858116394253378,0.9006202816963196,-0.1441292911767959,-0.0269500110298395
1760945207.3456872,-9.328911057262294,5.338294514605352,3.371496778985935,-0.0772137731040978,-0.1302899444108423,-0.1107305825686719,5.0,-0.1433801805008994,-0.0324156666152975,-0.0602009994416433,0.0961890410443693,-0.1243000711462928,0.9857347515240692,0.9006202816963196,-0.1441292911767959,-0.0269500110298395
1760945207.3579175,-9.377798167549406,5.332404040333645,3.3802643473846734,-0.081411394063779,-0.1387569697789364,-0.0814164788469339,5.0,-0.1135437672225733,-0.0356596806396983,-0.0598240674308621,0.0969443359457001,-0.1246162248705515,0.9856437861535408,0.9015665054321288,-0.1451494991779327,0.0051399492658674
1760945207.370047,-9.426647749368447,5.32621982229892,3.389002367314569,-0.0762743574537599,-0.1466881214298507,-0.0533230587219768,5.0,-0.0853580203195246,-0.0387918123253099,-0.0596156500497991,0.0977232456900158,-0.1249223536471286,0.9855407384173474,0.9015665054321288,-0.1451494991779327,0.0051399492658674
1760945207.3834627,-9.475473260771777,5.3198480645473705,3.397723223971905,-0.0307214292059662,-0.1545665458739907,-0.0681031230916599,5.0,-0.0560445004148202,-0.041842844719647,-0.0593760216690692,0.098526464838826,-0.1250563039812729,0.9854582409273672,0.9021978378295898,-0.1459225714206695,-0.0501051507890224
1760945207.3995264,-9.52426181733495,5.313192223441009,3.406422361230939,-0.003332670717513,-0.1619743146074435,-0.0821205193523055,5.0,-0.0260879782762688,-0.0447945795767967,-0.0590809256756543,0.0993694566230614,-0.1250111234083444,0.9853970643024714,0.9021978378295898,-0.1459225714206695,-0.0501051507890224
1760945207.4117782,-9.5730089674394,5.306223736586008,3.4151047660736564,0.0079225177474244,-0.1693449805888004,-0.083305836994039,5.0,0.0037835553351638,-0.0476635545586479,-0.0587802379990621,0.1002534951372743,-0.1248806314859964,0.9853420463033092,0.903175950050354,-0.1472340673208236,-0.0416101925075054
1760945207.4243276,-9.621721143220745,5.298995074049208,3.4237786229924594,0.0171437223674155,-0.1763205500246902,-0.0791528534508342,5.0,0.033297621008115,-0.0504572061664701,-0.0585089292036945,0.1011665046892427,-0.1247046227091936,0.9852871665699072,0.903175950050354,-0.1472340673208236,-0.0416101925075054
1760945207.4364107,-9.670406402879935,5.291566237272028,3.432447689700613,0.0490329677533308,-0.1836427203160877,-0.098007214551086,5.0,0.0638186331095979,-0.0532229453924548,-0.0581825588494652,0.1021085862690098,-0.1243975420299532,0.9852481301645686,0.9039354920387268,-0.1490940898656845,-0.077625535428524
1760945207.4484131,-9.719052602568327,5.283849041800476,3.441114665715108,0.067345582470056,-0.190530817083077,-0.1100255238438096,5.0,0.094834357313501,-0.0559392954697117,-0.0577996266993268,0.1030907602828164,-0.1239676836788042,0.9852225696262958,0.9039354920387268,-0.1490940898656845,-0.077625535428524
1760945207.460469,-9.767661329921069,5.275857354551287,3.449785205334152,0.0826949392304584,-0.19645688380631,-0.1185121038622611,5.0,0.1261389750917572,-0.0585745410429224,-0.0573829724421829,0.1041050562829893,-0.1234501964281682,0.985205248022899,0.9049264192581176,-0.147347867488861,-0.0837967470288276
1760945207.47243,-9.816230490248184,5.267578806836132,3.4584655346997515,0.0931387454647,-0.2020699073460316,-0.11918946509095,5.0,0.1572436562366635,-0.061112731416595,-0.0569690039435858,0.1051472161364451,-0.1228712886466028,0.9851909672519102,0.9049264192581176,-0.147347867488861,-0.0837967470288276
1760945207.4846315,-9.864763390523247,5.259040052774188,3.4671598298754183,0.1056813430327828,-0.2072589640967821,-0.1187337771995547,5.0,0.1881434260604593,-0.0635581402751816,-0.0565669670750533,0.1062109099284394,-0.1222291571447921,0.9851799094539924,0.9058584570884703,-0.1468657404184341,-0.0902205035090446
1760945207.4967978,-9.913259752853593,5.250242608344871,3.475872868124715,0.1161371251236044,-0.2122140442146086,-0.1135717232630996,5.0,0.2185209682907899,-0.0659090849094891,-0.0561988347092553,0.1072927156466534,-0.1215366450951602,0.9851694311363408,0.9058584570884703,-0.1468657404184341,-0.0902205035090446
1760945207.5089777,-9.961730883796571,5.241272565581212,3.48460195380124,0.0874838777252681,-0.2169995649162447,-0.0632761958660791,5.0,0.246359259262187,-0.0681300743202581,-0.0559902025665261,0.1083756814595145,-0.1209650581537469,0.985133119730834,0.9071146845817566,-0.1468316614627838,-0.0329777859151363
1760945207.5210028,-10.010161367208102,5.232035963823813,3.49335949410223,0.0815353264037584,-0.2215484201941742,-0.0145534912126957,5.0,0.2713950580136484,-0.0701904172582585,-0.0560376188405096,0.1094542989639045,-0.1204831093922885,0.9850702320465134,0.9071146845817566,-0.1468316614627838,-0.0329777859151363
1760945207.533086,-10.058554388066517,5.222559464730097,3.5021442937040392,0.136921436381267,-0.2258896315434137,-0.0270853302767243,5.0,0.2969146128602675,-0.0722437198792179,-0.0561276433610792,0.1105399281232844,-0.1198122768371928,0.9850257003044736,0.907952606678009,-0.1467908024787902,-0.1054667979478836
1760945207.5451195,-10.10690418241632,5.212808988936877,3.5109644454883844,0.1707577118600888,-0.230033888583992,-0.0440737652836792,5.0,0.3229843501314721,-0.0742968470170485,-0.0561581953045388,0.1116459766833065,-0.11892241264352,0.98500705213801,0.907952606678009,-0.1467908024787902,-0.1054667979478836
1760945207.5571375,-10.155203183564367,5.202744844497147,3.519833559779652,0.1804941994696816,-0.2332815167198804,-0.0448223838175603,5.0,0.3487255634611,-0.0762343071962596,-0.0561768495921078,0.1127707384694362,-0.1179428266497777,0.98499564047605,0.9089832305908204,-0.1447286009788513,-0.0898044109344482
1760945207.5691183,-10.203460521222992,5.192431410675894,3.52874743427143,0.1885833675680236,-0.2364248092263167,-0.0410724281818966,5.0,0.3739754226316019,-0.0780645167361525,-0.0562202540781282,0.1139062414561878,-0.1169243622249307,0.9849839311922852,0.9089832305908204,-0.1447286009788513,-0.0898044109344482
1760945207.5812068,-10.25168756037548,5.181935130912294,3.537695153689444,0.2254480892567202,-0.2388280259328829,-0.0672970224279234,5.0,0.4004486246713206,-0.0798789292488972,-0.05618633382619,0.1150534206063472,-0.115758532185836,0.9849902377811324,0.9098573923110962,-0.1427623033523559,-0.1339632123708725
1760945207.5932188,-10.29986976692268,5.171168837820056,3.546697960909777,0.2452213270434366,-0.2411931193036738,-0.08679567209875,5.0,0.4276428889276417,-0.0816266387040956,-0.0560552192997346,0.1162190298698476,-0.1144530299505795,0.9850134280407054,0.9098573923110962,-0.1427623033523559,-0.1339632123708725
1760945207.6053698,-10.348021677872053,5.160182804841327,3.5557362523285825,0.5963410045793762,-0.2204610330099841,-0.453170256421613,5.0,0.4703027691688405,-0.0835901550470591,-0.055017132009604,0.1173861983373562,-0.1119580835932124,0.985220271382738,0.9021542072296144,-0.0760641917586326,-0.6021994948387146
1760945207.617453,-10.396146765715294,5.148893786233676,3.564828218954913,0.7407134552248744,-0.2017064568984643,-0.7882363211392363,5.0,0.5296329165870938,-0.0855488453413282,-0.0523234909075508,0.1185914000512132,-0.1081145603066924,0.9856518523204992,0.9021542072296144,-0.0760641917586326,-0.6021994948387146
1760945207.6295288,-10.444266473860583,5.137310950933421,3.5739905973618264,0.7254051730149665,-0.1840254812320879,-0.9872163026875832,5.0,0.6000100227692242,-0.0868563740497808,-0.0483400503626952,0.1198320082033466,-0.1039013963701791,0.9861582171098164,0.9022303819656372,-0.0739495381712913,-0.5474718809127808
1760945207.641554,-10.492399540015358,5.125457645060703,3.583235389024327,0.6799240704649279,-0.1679371644981023,-1.0896543358103252,5.0,0.6759650546363689,-0.0872546808297407,-0.0436386174325319,0.1210663958643398,-0.0997860157247501,0.9866515848701486,0.9022303819656372,-0.0739495381712913,-0.5474718809127808
1760945207.6536164,-10.54056107339827,5.113344898034814,3.592574345358221,0.6443509098886268,-0.1523985034068142,-1.1279172107520603,5.0,0.7538400935011689,-0.0867856873974008,-0.0386009524559629,0.1222569039410158,-0.0958327695036566,0.9871065272793552,0.9022662043571472,-0.0715545490384101,-0.5587955713272095
1760945207.6656482,-10.58876356637284,5.100982540384651,3.602018600801411,0.6213440573482396,-0.1381314273782614,-1.1196357325529098,5.0,0.8308105396160425,-0.0855932831267255,-0.0335074602246163,0.1233769723765036,-0.0920136712124325,0.9875165097893368,0.9022662043571472,-0.0715545490384101,-0.5587955713272095
1760945207.677813,-10.637010247402248,5.088407645805046,3.611571130972876,0.5024124031160403,-0.123877963156676,-0.9663084558775726,5.0,0.9000950425393702,-0.0832477698571279,-0.0288309763237186,0.1243947314464305,-0.0886768669106702,0.9878416567788072,0.90231591463089,-0.0686880946159362,-0.4032242000102997
1760945207.6898663,-10.685300050980228,5.075623748488932,3.621242787841885,0.4656132789184354,-0.1106081339128214,-0.8095879726202813,5.0,0.960563792763651,-0.0799392608363913,-0.0249004369987919,0.1252788084685751,-0.0857775487962833,0.988092809663376,0.90231591463089,-0.0686880946159362,-0.4032242000102997
1760945207.701987,-10.7336272184752,5.062631591506861,3.63103450879595,0.5325266483537008,-0.0970261376091594,-0.7372879013508281,5.0,1.0158330602230627,-0.0766804234744805,-0.0215128479243294,0.1260409540391094,-0.0827665785765544,0.9883322157806184,0.9024280905723572,-0.0653434693813324,-0.4770491123199463
1760945207.714026,-10.781990529489864,5.049438388401504,3.6409469280696847,0.5956177616073308,-0.0843554271983994,-0.6951572715608506,5.0,1.067588519203995,-0.0738044407080231,-0.0184217998226212,0.126705163516853,-0.0794581169512183,0.9885812290752992,0.9024280905723572,-0.0653434693813324,-0.4770491123199463
1760945207.7261207,-10.830391643162471,5.036051582766318,3.650984676143791,0.6513338849719839,-0.0713302493405177,-0.6736167673315653,5.0,1.1170035572148571,-0.071254911191981,-0.015502320112057,0.1272826741952718,-0.0758664335974377,0.988839260534314,0.9024879336357116,-0.0618993192911148,-0.4792279601097107
1760945207.7381527,-10.878834902797522,5.0224748445765375,3.6611575300994113,0.6964166418733769,-0.0592518840506515,-0.6618074780634,5.0,1.1645986336621563,-0.0689618003809679,-0.0126846329033789,0.1277806395042489,-0.0720261133374759,0.98910234417551,0.9024879336357116,-0.0618993192911148,-0.4792279601097107
1760945207.7503035,-10.927324710486069,5.008717261040972,3.671474374746888,0.732158274376212,-0.0469863207062266,-0.6523499907214644,5.0,1.2104794190946258,-0.0668092390092172,-0.0099429598700017,0.1281999824943448,-0.067984619462,0.9893654499496534,0.902613401412964,-0.0588325671851635,-0.4780468940734863
1760945207.7623374,-10.975857591767747,4.994813795976247,3.681921307310125,0.7629239187160785,-0.0355159675442563,-0.6430695862852198,5.0,1.254865331535723,-0.0647519104456764,-0.0072627733837381,0.1285547555923519,-0.0637957803079706,0.989621657681492,0.902613401412964,-0.0588325671851635,-0.4780468940734863
1760945207.7743928,-11.02443557482465,4.980775705587563,3.692501859413989,0.7923421302134606,-0.0235925312691414,-0.6355423448932179,5.0,1.297864832903039,-0.062757424454092,-0.0046347563641596,0.1288438001942107,-0.059465028768085,0.989869539150776,0.9027591347694396,-0.0554896928369998,-0.4814188778400421
1760945207.786638,-11.073060247709728,4.9666149312587535,3.7032194673225542,0.8184268088494092,-0.0124318750304089,-0.6266221538335768,5.0,1.3393512081310552,-0.0608250601603663,-0.0020642522549857,0.1290709751674512,-0.0550096193130297,0.990106238751674,0.9027591347694396,-0.0554896928369998,-0.4814188778400421
1760945207.7990892,-11.121710932367066,4.952390514034654,3.714025854064543,0.7464694819111963,-0.0005776100627107,-0.5136950323858827,5.0,1.3751019737076673,-0.0580715994073507,0.0001884810152955,0.1292385720045714,-0.0508465678176239,0.990309033848674,0.9028151631355286,-0.0524445064365863,-0.3528284728527069
1760945207.811223,-11.170393138160447,4.938072089058463,3.7249714522873374,0.7263410405741269,0.0105994049562566,-0.4074564733381932,5.0,1.4044653942452714,-0.0547000578893635,0.0019139460932206,0.1293176580093043,-0.0469358381873672,0.9904899329276344,0.9028151631355286,-0.0524445064365863,-0.3528284728527069
1760945207.8234067,-11.21910041041792,4.923660813255127,3.736048823306289,0.8417529981643542,0.0220036190700329,-0.4326128418982225,5.0,1.4336129916122322,-0.0521842829511743,0.0034872340933839,0.1293343442052138,-0.0426865214506863,0.9906756923907164,0.9028195142745972,-0.0501294359564781,-0.4904809892177582
1760945207.8354092,-11.267838637180756,4.909158694115999,3.747264422082413,0.9151267593053808,0.0326548057337394,-0.4748203250840645,5.0,1.4636145084702423,-0.0506569761399789,0.0051978186829979,0.1293024981967256,-0.0379723018155545,0.9908642444532212,0.9028195142745972,-0.0501294359564781,-0.4904809892177582
1760945207.847507,-11.316621881713916,4.894568386458897,3.7586590121212975,0.9208096756627168,0.0433966329475048,-0.4732333599338906,5.0,1.492207330001291,-0.049161424683769,0.0069557231297661,0.1292019954441426,-0.0331039849927322,0.9910411638608128,0.899227499961853,-0.0474536530673503,-0.4399887919425964
1760945207.8595233,-11.365442192699716,4.879925179866439,3.770200405454942,0.9284498219037104,0.0534372144964398,-0.4656536852459356,5.0,1.5192966257356042,-0.0475188522630023,0.0086721051279445,0.1290448324520134,-0.0282002113974182,0.991199764874479,0.899227499961853,-0.0474536530673503,-0.4399887919425964
1760945207.8716826,-11.41429366310298,4.865235113968564,3.781827393765813,1.173279315068091,0.0640089455849427,-0.6999270057647052,5.0,1.556113499941254,-0.0479036291986209,0.0109641650980454,0.128877870989212,-0.0224491097789816,0.9913457111034082,0.8993368148803711,-0.0448430217802524,-0.7386584877967834
1760945207.8837636,-11.463226735336953,4.850476618219755,3.7936184424100703,1.2878584705823697,0.0736345744958715,-0.9174484859045922,5.0,1.6028333354159388,-0.0501626161111869,0.0143114824144419,0.1286889388868711,-0.0157129621063485,0.9914572312011832,0.8993368148803711,-0.0448430217802524,-0.7386584877967834
1760945207.895811,-11.512273561150575,4.835673856139284,3.805591038874907,1.3145659502957472,0.08340064583258,-1.069637192653686,5.0,1.6565229930893617,-0.0525434504027789,0.0185239502645493,0.1284613610386606,-0.0085651307143853,0.9915045035311424,0.8992910385131836,-0.0420948751270771,-0.7251973152160645
1760945207.9078171,-11.561458892644788,4.820852749803443,3.8177623543343535,1.311350846912048,0.092329161973144,-1.1617110054060946,5.0,1.7139194211472168,-0.0542537986248167,0.0232940019329748,0.1281841131554959,-0.0013185885325802,0.9914759119276512,0.8992910385131836,-0.0420948751270771,-0.7251973152160645
1760945207.919999,-11.610797627154192,4.806038962986691,3.8301472959473606,1.2876125745214897,0.101357021439564,-1.190156552297441,5.0,1.7717146862855997,-0.0550030011889211,0.0283225364768409,0.1278506086771232,0.0058724088925273,0.9913715603154076,0.8993380069732666,-0.0400579124689102,-0.7080367207527161
1760945207.9321563,-11.660299062641323,4.7912576238814255,3.842760581582896,1.2768892289601168,0.1097749025563936,-1.1839489507725225,5.0,1.827944991063688,-0.0549158357993,0.0333852417557487,0.1274610889627938,0.0129886454334283,0.9911964444665516,0.8993380069732666,-0.0400579124689102,-0.7080367207527161
1760945207.944296,-11.709958633323032,4.776532949843002,3.855603399861428,1.265270986831735,0.1185477789154527,-1.143191398871989,5.0,1.8806939794919215,-0.0541458019140429,0.0383012751548789,0.1270190862464746,0.0200272062465755,0.9909581600958628,0.8993549346923828,-0.0379173904657363,-0.6879379153251648
1760945207.9563527,-11.759779986291326,4.761893426353773,3.8686940926427273,1.275671863237572,0.1268361236039359,-1.097284485386658,5.0,1.9293158799191008,-0.0530339041868476,0.0429734771259271,0.1265291107285211,0.0270590654484402,0.9906621378547856,0.8993549346923828,-0.0379173904657363,-0.6879379153251648
1760945207.9685404,-11.809740072590357,4.747352982075869,3.8820112221141527,1.2824339680459105,0.1356950020447914,-1.0364281545558798,5.0,1.9733708083492023,-0.0516750884039288,0.0473639191410641,0.1259976583520913,0.0340909631707782,0.9903126049301184,0.8992926478385925,-0.0354815348982811,-0.6661233305931091
1760945207.9806404,-11.859842671664852,4.732944700216096,3.8955786991620647,1.3068294036112758,0.1440874640594979,-0.9851885839111428,5.0,2.012891191058764,-0.0503300002115151,0.0514515042526989,0.1254275050828896,0.0411932121874919,0.989911007590325,0.8992926478385925,-0.0354815348982811,-0.6661233305931091
1760945207.9927545,-11.91006276463406,4.718675315760651,3.909369362390473,1.3210073154357995,0.1529567925569737,-0.9251629268924824,5.0,2.0478672825339825,-0.0489117470468343,0.0552497997348775,0.1248230332480939,0.0483365425511747,0.989459574037363,0.8993354439735413,-0.0332957729697227,-0.6426879167556763
1760945208.0048535,-11.960401841558618,4.70458176363246,3.9234060763176486,1.3481871040606377,0.1613457500485282,-0.87899743804166,5.0,2.078591961246072,-0.0475944630657574,0.0587658873926107,0.1241854947260868,0.0555742527401659,0.9889570444720884,0.8993354439735413,-0.0332957729697227,-0.6426879167556763
1760945208.0169928,-12.010837336583412,4.690666322331176,3.937661139795924,1.3607043203325946,0.1703752677528927,-0.8242517340729907,5.0,2.105024567408126,-0.0461759153643723,0.0620166369286528,0.1235163039229581,0.0628518898528109,0.9884064444099911,0.8992154002189636,-0.0306770782917737,-0.6179797649383545
1760945208.02907,-12.061368471166722,4.676969863928722,3.952155097950507,1.3840348747489275,0.1788962852692205,-0.7835504454867374,5.0,2.1275314433644428,-0.0447870878761418,0.065015927672855,0.1228153918021457,0.0702106580922464,0.9878055335821808,0.8992154002189636,-0.0306770782917737,-0.6179797649383545
1760945208.0412064,-12.111960707562137,4.663463975816347,3.9668285685031215,1.3234548390299723,0.1877490069779932,-0.6622720974216483,5.0,2.1432692461874177,-0.0423389202199414,0.0676104620247655,0.1220891302122489,0.077329456891344,0.9871895586996976,0.899231493473053,-0.0290396977216005,-0.5139216184616089
1760945208.0532215,-12.162605194919015,4.650207147700645,3.981711529401032,1.3094131831422424,0.1962295798116832,-0.558743366217367,5.0,2.152147251604028,-0.0391323035026335,0.0696612640069757,0.1213464354144581,0.0842362280386339,0.986573164440924,0.899231493473053,-0.0290396977216005,-0.5139216184616089
1760945208.0653188,-12.213278792098114,4.637208917864864,3.996787129457499,1.299059260800899,0.2050044207223477,-0.4591255097053495,5.0,2.15445862563307,-0.0356122992239068,0.0712125157449966,0.1205932820595566,0.0910237639203071,0.9859516784940088,0.898754358291626,-0.0275062378495931,-0.4871316254138946
1760945208.077389,-12.263962630875938,4.624486247041299,4.012044918675662,1.3122008518817867,0.2134017860874622,-0.3896024508224315,5.0,2.1515367501470446,-0.0321698988911677,0.0723489971868163,0.1198304887120647,0.0977883378618414,0.9853140197720258,0.898754358291626,-0.0275062378495931,-0.4871316254138946
1760945208.0896423,-12.31464055989364,4.612049448825392,4.027468213212564,1.3122193069160384,0.2220061321993776,-0.3258143370961682,5.0,2.1438632714068206,-0.0287588391331263,0.0731502132150788,0.1190531690970439,0.1045321928729448,0.98465649334563,0.898717999458313,-0.0260658673942089,-0.4610995650291443
1760945208.1017456,-12.365300264204212,4.599916843227926,4.043045957067334,1.3229442889758418,0.2301830940189184,-0.286927299705528,5.0,2.132690726762239,-0.025462398544208,0.0737043792960536,0.1182558556940859,0.1112871735559689,0.9839707221602514,0.898717999458313,-0.0260658673942089,-0.4610995650291443
1760945208.1139576,-12.415932767226138,4.588097217756958,4.058761038420407,1.3146488321562262,0.2384081659144568,-0.2460565541057725,5.0,2.118052595802022,-0.0220321708425461,0.0740521490993265,0.1174333007418993,0.1179990941437336,0.9832608569814484,0.8985397815704346,-0.0249428432434797,-0.4351783692836761
1760945208.1260111,-12.466529999339253,4.576613236689082,4.074602613901524,1.3141734753764127,0.246207937354847,-0.2226077585554498,5.0,2.1008661187943645,-0.0185195792542538,0.0742507189022709,0.1165806960573041,0.1246810220587294,0.9825224754618496,0.8985397815704346,-0.0249428432434797,-0.4351783692836761
1760945208.1382692,-12.51708540685592,4.565410318470728,4.090525491641059,1.154320826601617,0.2544053436606908,-0.0447388409873176,5.0,2.074769292719,-0.0129968812444845,0.0739426681040402,0.1157236623865296,0.1307819381655011,0.9818536553108,0.898147702217102,-0.0233617667108774,-0.2443639934062957
1760945208.150247,-12.567561584446937,4.554560884181169,4.106525794999199,1.0822413857002304,0.2623917520290422,0.1105103747165077,5.0,2.03961868467962,-0.005849964775761,0.0728569362856222,0.1148936398595059,0.1362600617162289,0.98128717200216,0.898147702217102,-0.0233617667108774,-0.2443639934062957
1760945208.1623027,-12.61794324782626,4.544048421474283,4.122581732123147,1.1741807031408042,0.2706083041821536,0.1011018014006486,5.0,2.0030996066778086,-6.160720701510448e-05,0.0714840479850492,0.1140689672958946,0.1419022884931308,0.9806844763246392,0.8979182243347168,-0.0221872087568044,-0.3822203576564789
1760945208.1743224,-12.668236830808636,4.533877755832132,4.138679631858263,1.2277446447717315,0.2783963741737068,0.0537123218721548,5.0,1.9676502077442493,0.0041859381452603,0.0702475847360405,0.1131979352575146,0.1478930728577524,0.9799893587651244,0.8979182243347168,-0.0221872087568044,-0.3822203576564789
1760945208.1864693,-12.718444777977457,4.5241074717473895,4.154807498216376,1.225763216433818,0.2863755623566868,0.0154094644744642,5.0,1.9332411079876697,0.0080973647415965,0.069228024981807,0.112248097260109,0.1539868214761039,0.9792323034041972,0.8973670601844788,-0.0203837770968675,-0.355674147605896
1760945208.1985726,-12.768581725200026,4.514745517667593,4.170946265420464,1.2119504262983087,0.2938520870011387,-0.0214413631700162,5.0,1.8999247881398875,0.0122415825088206,0.0684132096537819,0.1112147526830625,0.1600345336652334,0.978437458177611,0.8973670601844788,-0.0203837770968675,-0.355674147605896
1760945208.2107077,-12.818658646356038,4.505778587133306,4.187076366281606,1.1751705830587542,0.3010597745244259,-0.0341924050745703,5.0,1.8661519272760505,0.0169598062571689,0.067684826125505,0.1101145040785827,0.1659027778615295,0.9776348135176632,0.8969714045524597,-0.020090227946639,-0.331324964761734
1760945208.222773,-12.868683954120623,4.497188247665231,4.2031820475361545,1.1434479082646671,0.3079622932230711,-0.0449841892209742,5.0,1.8321207869358505,0.0220574649751888,0.0670185025912157,0.1089568659051703,0.1716182611969864,0.9768234713121284,0.8969714045524597,-0.020090227946639,-0.331324964761734
1760945208.2349143,-12.918669993510822,4.488892962325981,4.219257586006212,1.0967221259106563,0.3147913500414146,-0.0352972363165711,5.0,1.7968244878931932,0.0276032958348483,0.0663288594298657,0.1077638684669319,0.177146934573063,0.9760155708958448,0.8964948058128357,-0.0197591483592987,-0.306927353143692
1760945208.2470183,-12.968601429561163,4.481023606037235,4.235272577729947,1.0635894878983831,0.3213616228039646,-0.0289381961688907,5.0,1.760360845668317,0.0334752441308812,0.0656134833006624,0.1065255537115707,0.1824759797079388,0.9752177674987392,0.8964948058128357,-0.0197591483592987,-0.306927353143692
1760945208.2592936,-13.018489182045906,4.473450655188227,4.251229142619399,0.8987259980013874,0.327918521042864,0.1175646349305299,5.0,1.7166842683241847,0.0408639352016013,0.06450617996663,0.1053078941129206,0.1872096669930877,0.9745264187121618,0.8956574201583862,-0.0195051897317171,-0.1337380111217498
1760945208.2713394,-13.068301823238867,4.466283085752383,4.267085207500547,0.8175250361649096,0.3343882878911989,0.2472228506404922,5.0,1.6656304539499198,0.0493458702962048,0.062766649363453,0.1041503918944419,0.1913134108375268,0.9739672594238634,0.8956574201583862,-0.0195051897317171,-0.1337380111217498
1760945208.2834446,-13.118032530107598,4.459502604946193,4.282823189000323,0.8807873312741905,0.3405728229094161,0.2362664418441151,5.0,1.6138319016919842,0.056727112430822,0.0608113887720472,0.1030036363703477,0.1954774249078136,0.9733862554204832,0.8950352668762207,-0.0199223961681127,-0.2566576898097992
1760945208.2955372,-13.16768947914489,4.45310935693675,4.298426068262827,0.9142517407042214,0.3465328834005997,0.1913368855439149,5.0,1.5634003449249478,0.0628490559402289,0.0590005307045198,0.1018027045783654,0.1998718387151299,0.9727314093858326,0.8950352668762207,-0.0199223961681127,-0.2566576898097992
1760945208.3075664,-13.217274210882954,4.4471842441295895,4.313845178228871,0.9013432197575036,0.3521719157569715,0.1538168777163076,5.0,1.514466495324534,0.0685164137095966,0.0574199955205161,0.1005160762764458,0.2042839778261648,0.9720429614620594,0.8940527439117432,-0.0199605636298656,-0.2316392958164215
1760945208.3196528,-13.266807335851304,4.441687394016712,4.329077265378547,0.8806294128827276,0.3575580027417064,0.1166651767829042,5.0,1.4670023485103696,0.0741292707671091,0.056044473944119,0.0991491308602395,0.208605724501844,0.9713455196247353,0.8940527439117432,-0.0199605636298656,-0.2316392958164215
1760945208.3319545,-13.316301246292412,4.436577879819847,4.344124781116177,0.8421252252442578,0.3624112516017888,0.0986255804374096,5.0,1.4196493098283192,0.0798999004527759,0.0547693708353218,0.0977268088778326,0.2127461841753911,0.9706641272673412,0.8933273553848267,-0.0209080707281827,-0.2101397812366485
1760945208.3439877,-13.365761971891786,4.431855152416126,4.358973670836316,0.8084128205377651,0.3671231580542092,0.0815691140091624,5.0,1.3726582700784888,0.0857259435554649,0.0535873841320448,0.0962522309508394,0.2167282711670095,0.9699962663721085,0.8933273553848267,-0.0209080707281827,-0.2101397812366485
1760945208.3561423,-13.41519875001453,4.42743681232715,4.373656562573417,0.7608721969238134,0.3703304853915414,0.083392973039162,5.0,1.3249256555941862,0.0916598347230198,0.0524128976140714,0.0947550480438629,0.2205232504658229,0.9693522915008196,0.89208984375,-0.0247915778309106,-0.1858922243118286
1760945208.3682718,-13.46460531331905,4.423448526694364,4.388089283695024,0.7261583249337377,0.3735390264202878,0.0817896368458118,5.0,1.2767697255949124,0.0975553323465526,0.0512579099771363,0.0932269952100265,0.2241167834294955,0.968737849685921,0.89208984375,-0.0247915778309106,-0.1858922243118286
1760945208.380289,-13.513990348338464,4.4197971127892135,4.402313514413148,0.6836796068646352,0.3755809596527324,0.0916017726640948,5.0,1.2276330624315397,0.1034152196043386,0.0500806232834489,0.0916872577808803,0.2275258083359194,0.9681515297066108,0.8912234306335449,-0.0280325729399919,-0.1653618663549423
1760945208.3924446,-13.563351429244124,4.416564934516419,4.416262488725769,0.6538333755188108,0.3777146046367086,0.0935571541839073,5.0,1.1779055489937065,0.1090923137524985,0.0488972811126211,0.0901305468359498,0.2307602121528196,0.9675925097446918,0.8912234306335449,-0.0280325729399919,-0.1653618663549423
1760945208.40465,-13.612694512686616,4.4136843675805855,4.429967707933103,0.6164330041594657,0.3789028020711124,0.1033648294218907,5.0,1.1272125143068104,0.1146283417698357,0.0476880455871916,0.0885677527691723,0.2338254153391691,0.967061155573399,0.8902778029441833,-0.0308605693280696,-0.1455305814743042
1760945208.4167273,-13.662019271718712,4.411218612603615,4.443370032836032,0.5899194849566225,0.3802316197989093,0.1036354311270547,5.0,1.0760616745948972,0.1199093494307024,0.0464792939594625,0.0869921758900186,0.2367371539066193,0.9665544767508676,0.8902778029441833,-0.0308605693280696,-0.1455305814743042
1760945208.4288397,-13.711330816112756,4.409096963997476,4.456509399669353,0.5528951387865875,0.380530860278794,0.1132768492466241,5.0,1.0239727282941633,0.1250192470908961,0.045246581956601,0.0854151293167211,0.2394853713925537,0.9660764769903172,0.8889116048812866,-0.0340537391602993,-0.1229787319898605
1760945208.440882,-13.76062934517132,4.407385854132091,4.46932087394434,0.5267675753649663,0.381022659671269,0.1131394864872394,5.0,0.971490038689443,0.1298529879678852,0.0440166642347658,0.0838300574631189,0.2420826570118541,0.9656246899854286,0.8889116048812866,-0.0340537391602993,-0.1229787319898605
1760945208.45306,-13.80991889997997,4.406028158780235,4.481838604884837,0.4933527441972811,0.3804754789045584,0.1185383879118195,5.0,0.9183146487352104,0.1344631397500107,0.0427782387784018,0.0822445450908634,0.2445273583263986,0.96520061547832,0.8878703117370605,-0.03743227571249,-0.1047578081488609
1760945208.4651291,-13.859201103106638,4.405081041402379,4.494001695639505,0.4687840653029844,0.3801692553372102,0.114543229683053,5.0,0.8650136297764626,0.1387712836365271,0.0415647830357947,0.0806506040926109,0.2468331183014313,0.9648011507975496,0.8878703117370605,-0.03743227571249,-0.1047578081488609
1760945208.4771495,-13.908479276274342,4.404467189279027,4.505867492184187,0.4339241721623807,0.3788019306307709,0.1193489754915881,5.0,0.8110652535738834,0.1428671911049571,0.0403471594284563,0.079059534763941,0.2489874337222178,0.964430896714424,0.8862122297286987,-0.0409873761236667,-0.0835989415645599
1760945208.48921,-13.957755241046875,4.40426093783879,4.517357872829463,0.4085208168220705,0.3777255596113778,0.11536045700698,5.0,0.7570346597858318,0.1466632525432342,0.0391560244508523,0.0774642871036854,0.2509977070345184,0.9640882952490069,0.8862122297286987,-0.0409873761236667,-0.0835989415645599
1760945208.5012903,-14.007031350424445,4.404396993017564,4.528523978320771,0.3765101619667632,0.3754649920701485,0.1166293905463407,5.0,0.7025851994532547,0.1502072552693579,0.037974717385959,0.075873308288687,0.2528639965266107,0.9637743310492224,0.8851293921470642,-0.045060895383358,-0.0670210123062133
1760945208.5132773,-14.056310367433085,4.404941626808073,4.539292253418981,0.3523152362300199,0.3735533853345747,0.1096314722800258,5.0,0.6482799139703387,0.1534334239302652,0.0368383904468851,0.0742786343815487,0.2545950000068827,0.9634868984242548,0.8851293921470642,-0.045060895383358,-0.0670210123062133
1760945208.5253391,-14.105593146997746,4.405804043885323,4.54974427876942,0.3185855551672784,0.3704669999622909,0.1113087129777983,5.0,0.5935360083385203,0.1564235777700931,0.0357102552511945,0.0726923634265713,0.2561827621359183,0.9632294588278356,0.8834425806999207,-0.0492077991366386,-0.0472720824182033
1760945208.5373836,-14.15488290691599,4.407071459523911,4.559784284204492,0.293570112594354,0.3677819190840211,0.105149008121023,5.0,0.5389294046303964,0.159097523460902,0.0346236105755226,0.0711079509183102,0.257629658533714,0.9630014662245928,0.8834425806999207,-0.0492077991366386,-0.0472720824182033
1760945208.549524,-14.204179887725436,4.408672282645743,4.56947872313432,0.2628792602882057,0.3637124805129219,0.1037809459894294,5.0,0.484106042285483,0.1614914358508524,0.0335585622597063,0.0695341228837999,0.2589396949862442,0.9628027124049208,0.8823021650314331,-0.0541574470698833,-0.0323101691901683
1760945208.5614843,-14.253487666212102,4.410679608269225,4.57874413847556,0.2392428932622974,0.3601113117077811,0.0949810333369232,5.0,0.4296306425980248,0.1635526462560716,0.0325518136320668,0.0679634864173133,0.2601182076914106,0.9626317374628136,0.8823021650314331,-0.0541574470698833,-0.0323101691901683
1760945208.573701,-14.302805226486145,4.413012077560828,4.587661591307239,0.2097405421831515,0.3551455160495335,0.0911006942696334,5.0,0.3750840293161265,0.1653272940079945,0.0315766597667071,0.0664053115826861,0.2611669922910424,0.9624889876197206,0.8811265826225281,-0.0592012107372283,-0.0181510429829359
1760945208.5857067,-14.352135950696924,4.41573479306941,4.596155903581204,0.1863127370121033,0.3506860060579297,0.0808602263094575,5.0,0.3210057908766918,0.1667807906561728,0.0306676457508478,0.0648525229113332,0.2620916217603177,0.96237291502784,0.8811265826225281,-0.0592012107372283,-0.0181510429829359
1760945208.59788,-14.40147783302844,4.418769737786127,4.604308696347613,0.1546340382083415,0.3447654311489808,0.0786875008927679,5.0,0.2667657855738347,0.1679526285808279,0.0297832463634853,0.0633177300365673,0.2628811913297838,0.962287536313394,0.879682719707489,-0.0646239519119262,-0.0006555623258464
1760945208.6098394,-14.450834913797634,4.42220456346323,4.6120200410902,0.130411142905013,0.3394250933948902,0.0701278480033505,5.0,0.2129483257923818,0.1687912333980123,0.0289583371652515,0.0617960930494353,0.2635365772312159,0.9622323680139347,0.879682719707489,-0.0646239519119262,-0.0006555623258464
1760945208.6219013,-14.500206121104815,4.425993384268129,4.619337728949406,0.1089886102796815,0.3329023452249137,0.056814213954645,5.0,0.1597866572335374,0.1693016937282226,0.028212594504021,0.0602849860354631,0.2640911940789456,0.962198322166492,0.8786185383796692,-0.0695451647043228,0.0
1760945208.6339195,-14.549591777809573,4.43013513271958,4.626261087042773,0.0890797187828599,0.3269158146260865,0.0393860224916083,5.0,0.1075050345473264,0.1695329951312279,0.0275645148729742,0.0587766791354398,0.2645536364676358,0.9621833884147956,0.8786185383796692,-0.0695451647043228,0.0
1760945208.645972,-14.59899184734742,4.434628983279812,4.632789969940073,0.0695670297339297,0.3196642068125294,0.0190971708433003,5.0,0.0562553089200665,0.1694517959279918,0.0270292892351999,0.0572735685427233,0.2649264274679048,0.9621866471215004,0.8773077130317688,-0.0747984200716018,0.0
1760945208.6579518,-14.6484059294704,4.439474302299839,4.638924690984893,0.0499187512393469,0.3129807996917006,-0.0029116109298117,5.0,0.006132587357028,0.1691091940956477,0.0266143541816358,0.0557706556476733,0.2652094031921521,0.9622085442244762,0.8773077130317688,-0.0747984200716018,0.0
1760945208.6700916,-14.69783320335945,4.444670662016623,4.64466607029522,0.0299719292783906,0.3048749642287751,-0.0257336494004693,5.0,-0.0428122384331707,0.1684623333809969,0.0263254616651926,0.0542736860753304,0.2654010532617454,0.9622492494127844,0.876232922077179,-0.0806125700473785,0.0
1760945208.6820047,-14.747272476108362,4.450217793541776,4.650015376592767,0.0097685085556897,0.2973769880567545,-0.0487197418489333,5.0,-0.090559282620408,0.1675617740935622,0.0261625324044354,0.052779504372607,0.2655001357763726,0.9623094739838616,0.876232922077179,-0.0806125700473785,0.0
1760945208.694244,-14.796722160730596,4.456115603931862,4.654974378232493,-0.010557123650748,0.2885290591644044,-0.0714497300875221,5.0,-0.137108287690207,0.1663659165697477,0.0261260202723406,0.05129494215179,0.2655056664641307,0.9623892149488228,0.8751919865608215,-0.0863111689686775,0.0
1760945208.7062712,-14.846180342070168,4.4623641335261786,4.659545285716379,-0.0308477246661042,0.2803168891359999,-0.0936828661132687,5.0,-0.1824699225897256,0.1649251827661288,0.0262125418174784,0.0498176180107015,0.2654176027514079,0.9624887551223144,0.8751919865608215,-0.0863111689686775,0.0
1760945208.7184026,-14.895644763106548,4.46896357683846,4.663730803881571,-0.0509608504774483,0.2707442531517377,-0.1153052775997594,5.0,-0.2266596480087943,0.1631968991618565,0.026420775771862,0.0483549184103669,0.2652362880052053,0.9626076334615052,0.8740624189376831,-0.0921083614230156,0.0
1760945208.7303867,-14.94511289236451,4.475914241596339,4.667534071302324,-0.0707849226331537,0.261831548667066,-0.1362843191430469,5.0,-0.2696940345950921,0.1612326268690813,0.0267465365936709,0.046904566026312,0.2649628525796001,0.9627456939498652,0.8740624189376831,-0.0921083614230156,0.0
1760945208.7424679,-14.99458190910246,4.483216570247313,4.67095871103798,-0.0902421566441683,0.2515634860455818,-0.1566331497378888,5.0,-0.3115885338067438,0.1589902210013437,0.0271883550018928,0.0454739687266118,0.2645985310516697,0.9629021387897322,0.8731223344802856,-0.097944363951683,0.0
1760945208.7545245,-15.04404876674124,4.490871098854898,4.674008766751454,-0.1092845874456638,0.2419754531455106,-0.1763861677892931,5.0,-0.3523567726778324,0.1565225380681515,0.0277422229068645,0.0440606995793223,0.2641450634890523,0.9630765334360146,0.8731223344802856,-0.097944363951683,0.0
1760945208.7666194,-15.093510176884186,4.4988784760885805,4.676688749339091,-0.127887291338175,0.2310963300464313,-0.1955832414560267,5.0,-0.3920101632149097,0.1537905529551452,0.0284069261791014,0.0426717659627933,0.2636040443425059,0.9632679143109386,0.8721750378608704,-0.1036293283104896,0.0
1760945208.7786863,-15.142962667589249,4.5072394216676575,4.679003571206967,-0.1460413259777663,0.2209097942884194,-0.2142611643702262,5.0,-0.4305583951580156,0.150847556944545,0.0291788093617284,0.0413045788603544,0.2629773887366109,0.9634756986362832,0.8721750378608704,-0.1036293283104896,0.0
1760945208.7907531,-15.192402563876376,4.515954747790838,4.680958599099756,-0.1637475892765399,0.2093262612247686,-0.2324495139934187,5.0,-0.4680095151725888,0.1476496783334735,0.0300571128218877,0.039966569104006,0.2622667100129093,0.9636988202451384,0.871349573135376,-0.1096498146653175,0.0
1760945208.8027172,-15.24182604483203,4.52502531669055,4.682559586078279,-0.1810121545572688,0.1984545192218009,-0.2501699070518937,5.0,-0.5043707114875602,0.1442513508601732,0.0310384117483332,0.0386549838637878,0.2614738984814874,0.9639366211694232,0.871349573135376,-0.1096498146653175,0.0
1760945208.814726,-15.29122912534873,4.534452059112578,4.6838127210979215,-0.1978430046969783,0.186250028053954,-0.2674364447450952,5.0,-0.5396483130168667,0.1406116032930384,0.0321220301109503,0.0373768976237656,0.2606004948577181,0.9641880131932186,0.8705852031707764,-0.1155144274234771,0.0
1760945208.8266869,-15.340607709655352,4.544235931591979,4.684724559634374,-0.2142480483934465,0.1747697822338416,-0.2842573524390161,5.0,-0.5738485243246507,0.1367850648929906,0.0333046449805705,0.0361294637533442,0.2596483170546068,0.964452287011817,0.8705852031707764,-0.1155144274234771,0.0
1760945208.838781,-15.389957574195698,4.554377933540564,4.685302072268769,-0.2302340110124786,0.1619891264737664,-0.3006362737213882,5.0,-0.6069772036285358,0.1327317580439639,0.0345855875132905,0.0349195864478304,0.2586188199642762,0.9647283377090974,0.8698828220367432,-0.1213002055883407,0.0
1760945208.8508184,-15.439274418053412,4.564879064863615,4.685552574328055,-0.2458060281042376,0.1499421559378796,-0.3165739443366943,5.0,-0.6390405196268582,0.1285061211261956,0.0359615526449064,0.0337443643801116,0.2575137676840685,0.9650154113054908,0.8698828220367432,-0.1213002055883407,0.0
1760945208.8628895,-15.488553846902176,4.575740342440365,4.685483774311317,-0.2609675714261389,0.1366135903124948,-0.3320690415066986,5.0,-0.670044536521251,0.1240683899941439,0.0374318315708566,0.0326106145249491,0.2563345534757781,0.965312385966289,0.8692498803138733,-0.127039298415184,0.0
1760945208.874904,-15.537791420331365,4.586962758505139,4.685103702585923,-0.2757206604816185,0.1240268901788973,-0.3471193078086961,5.0,-0.6999958468150664,0.1194726747035173,0.038993098551088,0.0315153984675735,0.2550829201209122,0.9656184659519532,0.8692498803138733,-0.127039298415184,0.0
1760945208.8870747,-15.58698263745457,4.598547295878898,4.684420757753316,-0.2900660956556977,0.1102103192235648,-0.361721829094746,5.0,-0.7289010324505072,0.1146807986744908,0.0406445363776534,0.0304652944383945,0.2537602327221224,0.9659325192715283,0.8687401413917542,-0.1326317638158798,0.0
1760945208.8991675,-15.636122980426263,4.610494887602889,4.6834436347812085,-0.3040037815879831,0.0971405740199588,-0.3758736999747214,5.0,-0.7567673115091877,0.1097461666683316,0.0423827908205582,0.0294573461220044,0.2523682385318634,0.9662537120146208,0.8687401413917542,-0.1326317638158798,0.0
1760945208.9111931,-15.685207901365818,4.622806431844365,4.682181370511493,-0.317532950734498,0.0828736027708368,-0.3895719376300228,5.0,-0.7836019132008238,0.104631166506285,0.0442069543465809,0.0284979867546059,0.2509082896179842,0.966580902014576,0.868248462677002,-0.138126403093338,0.0
1760945208.9232047,-15.734232862171124,4.635482753122182,4.680643271366142,-0.3306524227181664,0.0693573572862435,-0.4028139099272902,5.0,-0.8094127685862247,0.0993883878302233,0.046113645825405,0.027584247465207,0.2493821537434579,0.9669132237976382,0.868248462677002,-0.138126403093338,0.0
1760945208.9352248,-15.78319332306024,4.648524616536216,4.678838956771353,-0.3433607418605299,0.0546983673806815,-0.4155970935161722,5.0,-0.8342078286833946,0.0939816809833266,0.0481018412809214,0.0267223103891575,0.2477911845786359,0.967249533387309,0.8815609216690063,-0.143457680940628,0.0
1760945208.947282,-15.832084778310389,4.6619326909337975,4.676778286834264,-0.3556563532956954,0.0407917221945,-0.4279194124609308,5.0,-0.8579957978199338,0.0884625497694082,0.0501681401751893,0.0259092039334141,0.2461371785200438,0.9675889417583746,0.8815609216690063,-0.143457680940628,0.0
1760945208.959253,-15.88090274667113,4.675707562133558,4.674471402430979,-0.3675376701596246,0.0258211141175274,-0.4397789614691716,5.0,-0.8807854148752411,0.0827972246318465,0.0523113768239428,0.0251507399519346,0.2444215016376434,0.9679303124046964,0.8812113404273987,-0.1485505253076553,0.0
1760945208.9713044,-15.929642802720378,4.689849698438381,4.671928653499947,-0.3790031933176734,0.011600934617728,-0.451174318068772,5.0,-0.9025862148427368,0.0770357095446426,0.0545281418880673,0.0244439594708999,0.2426459819119069,0.9682727415607786,0.8812113404273987,-0.1485505253076553,0.0
1760945208.9833531,-15.97830056890719,4.704359463483037,4.669160636614223,-0.3900515386975146,-0.003614168997519,-0.4621042754190436,5.0,-0.9234077765086612,0.0711459808447869,0.0568171468549595,0.0237943488803962,0.24081199767381,0.968615105478419,0.8809373378753662,-0.1534263491630554,0.0
1760945208.9953787,-16.026871742671492,4.719237084377713,4.666178124337654,-0.400681526880156,-0.0180829152338154,-0.4725681452936118,5.0,-0.943260508146118,0.0651763216549066,0.0591749832494222,0.023198970225086,0.2389214083944803,0.9689564952817664,0.8809373378753662,-0.1534263491630554,0.0
1760945209.0074975,-16.07535208982304,4.734482664847789,4.662992101411934,-0.4108921917032062,-0.0334940186993303,-0.482565508135807,5.0,-0.9621548597114205,0.0590956377264316,0.061600267426514,0.0226630615333856,0.2369755997254051,0.9692958051233382,0.8827052116394043,-0.158129408955574,0.0
1760945209.01958,-16.123737467657495,4.750096156114827,4.6596136953846665,-0.4206828544677101,-0.0481633881281604,-0.4920965049603141,5.0,-0.9801021334338836,0.0529504761331448,0.0640896003124732,0.0221837062124577,0.2349764604846507,0.9696321309283084,0.8827052116394043,-0.158129408955574,0.0
1760945209.0317428,-16.172023820052658,4.76607736912564,4.656054208347388,-0.4300531267698548,-0.0636695776801127,-0.5011616133354236,5.0,-0.9971136908316716,0.04671298879178,0.0666414496465706,0.0217656342108525,0.2329253980904443,0.9699643979450024,0.8825791478157043,-0.1625069379806518,0.0
1760945209.0437727,-16.220207196289877,4.782425948435572,4.652325049697446,-0.4390029746775885,-0.0784430037822292,-0.5097619115834434,5.0,-1.013201752653994,0.0404275128524694,0.0692524403990248,0.0214059685229582,0.230824326176539,0.9702917161635052,0.8825791478157043,-0.1625069379806518,0.0
1760945209.0558267,-16.268283747090575,4.799141385512996,4.648437767821119,-0.4475327157471827,-0.0940158897523474,-0.5178988641156698,5.0,-1.0283785760091393,0.0340662562561699,0.0719209831917212,0.0211092579224665,0.2286746499150949,0.9706130412748984,0.8827218413352966,-0.1667468696832656,0.0
1760945209.067778,-16.31624973978215,4.816222995540406,4.644403984864277,-0.4556430736449206,-0.1088637130814557,-0.5255745609953312,5.0,-1.0426572738172013,0.0276715958506623,0.0746437352562021,0.0208726559918823,0.2264783024927497,0.9709275068298606,0.8827218413352966,-0.1667468696832656,0.0
1760945209.0798695,-16.364101555934596,4.833669929033226,4.640235421538255,-0.4633351749229007,-0.1243611196279032,-0.5327915335164086,5.0,-1.0560510271418593,0.0212208555671644,0.0774189332840525,0.0206999807193559,0.2242367231302869,0.9712341177940408,0.8827352523803711,-0.1705301403999328,0.0
1760945209.091884,-16.411835702505762,4.851481151866592,4.635943835273237,-0.4706105938264763,-0.1391484589891069,-0.539552951420728,5.0,-1.0685738494208237,0.0147536485299171,0.0802432867642963,0.0205884482405997,0.2219518564897077,0.971532039682212,0.8827352523803711,-0.1705301403999328,0.0
1760945209.103922,-16.459448810301886,4.869655457414375,4.6315410433039705,-0.4774713445513897,-0.1545121609942907,-0.5458624516594405,5.0,-1.0802398059890554,0.0082486981950917,0.0831149612506053,0.0205415134993326,0.2196251463325768,0.9718203252339712,0.8828193545341492,-0.1740608513355255,0.0
1760945209.1158884,-16.506937641760274,4.888191449754477,4.627038864311716,-0.4839199147475241,-0.169181536544067,-0.5517243008254153,5.0,-1.0910637594824588,0.0017429275172971,0.0860307304071304,0.0205564556644069,0.217258540669173,0.9720981802587814,0.8828193545341492,-0.1740608513355255,0.0
1760945209.128,-16.554299090084946,4.907087556163431,4.622449139539274,-0.4899592530226307,-0.1843501391688333,-0.5571432399581836,5.0,-1.1010606067278157,-0.0047832696810438,0.0889886984781755,0.0206363436208572,0.2148534850165214,0.9723647118449836,0.8832050561904907,-0.1773273348808288,0.0
1760945209.1400588,-16.601530183965714,4.926342013332459,4.617783678131308,-0.4955927912836244,-0.1988413202015745,-0.5621246139680907,5.0,-1.1102459960646625,-0.0112956397422117,0.0919857156981103,0.020778522011495,0.2124119217150535,0.9726191734917846,0.8832050561904907,-0.1773273348808288,0.0
1760945209.1521251,-16.648628087403097,4.945952878675415,4.613054272228043,-0.5008244307036184,-0.213688062579609,-0.5666742449259325,5.0,-1.118635630732737,-0.0178091534652513,0.0950197689565979,0.020985346256214,0.2099353243364,0.9728607394410116,0.8834265470504761,-0.1801375597715377,0.0
1760945209.1640735,-16.695590101688246,4.965918019680404,4.608272647051252,-0.5056585541502697,-0.2278804580586304,-0.570798524395621,5.0,-1.1262459024204592,-0.0242928023826088,0.0980878033785977,0.0212542532158808,0.2074256187931011,0.9730887175468104,0.8834265470504761,-0.1801375597715377,0.0
1760945209.176148,-16.742413651052924,4.986235310647724,4.603451002970731,-0.5100996650609967,-0.2509676326003335,-0.5745028912949727,5.0,-1.1330877453014292,-0.03113466695213,0.1011966982076508,0.0216291171464731,0.2048800405789994,0.973301381143416,0.8839702606201172,-0.2072892487049102,0.0
1760945209.1881447,-16.7890962724618,5.006902583761375,4.598601859099092,-0.5141523099461085,-0.272787846678985,-0.5777925934848791,5.0,-1.1391737737589536,-0.0382304147011172,0.1043427169781622,0.0221043916197632,0.2023006591670717,0.9734980413875024,0.8839702606201172,-0.2072892487049102,0.0
1760945209.2003603,-16.835635618754296,5.027917598916936,4.593737971539766,-0.517821141903683,-0.294136898155448,-0.5806731860424439,5.0,-1.1445176253393263,-0.0455236652116586,0.1075229781163325,0.0226783779786112,0.1996891491993366,0.9736779467777316,0.8843127489089966,-0.209235280752182,0.0
1760945209.2125163,-16.88202945890001,5.0492780072085885,4.588872221681583,-0.5211110612615123,-0.3143815652685037,-0.5831509179003674,5.0,-1.1491343038350048,-0.0529377491281367,0.1107340040911501,0.0233462842950954,0.1970475188997522,0.9738404420863848,0.8843127489089966,-0.209235280752182,0.0
1760945209.2246227,-16.928275679074094,5.070981334387534,4.5840175573357325,-0.524027345453118,-0.3341502970589282,-0.5852328428313951,5.0,-1.1530396186082836,-0.0604332012943772,0.1139729931662114,0.0241063631184483,0.1943774408955441,0.9739848307632084,0.8847296833992004,-0.2107663750648498,0.0
1760945209.2366827,-16.974372279873325,5.093024958483661,4.579186909651617,-0.5265757596848087,-0.3529464154858795,-0.5869268821421777,5.0,-1.1562504402693423,-0.067954019720297,0.1172367061405308,0.024954435448233,0.1916808606374194,0.9741105063338948,0.8847296833992004,-0.2107663750648498,0.0
1760945209.2487671,-17.020316950939563,5.115405171456957,4.574393385885134,-0.5242377340447643,-0.3712866296598511,-0.5937453052835808,5.0,-1.1584291350030296,-0.075428183836701,0.1205486920267075,0.0258862007823405,0.1889821399643642,0.9742092527964388,0.8854662179946899,-0.2120435088872909,-0.0074212867766618
1760945209.260787,-17.066107376730844,5.1381189693269,4.56964955485015,-0.5238918354768197,-0.388752630151116,-0.5993847495502096,5.0,-1.1597302013234336,-0.0828442280718832,0.1239022731730059,0.026897422707458,0.1862716476370994,0.9742831357674312,0.8854662179946899,-0.2120435088872909,-0.0074212867766618
1760945209.2728815,-17.11174102764952,5.161162180532873,4.564968050990451,-0.519670111654961,-0.4056308129435786,-0.6095170359494189,5.0,-1.1598431050981648,-0.0901457784275093,0.1273178947965234,0.0279835111445456,0.1835689182142973,0.974325165965776,0.8859784603118896,-0.2127047926187515,-0.0155577426776289
1760945209.2848191,-17.15721547756617,5.184531449562918,4.560360861615762,-0.5184459382654757,-0.4217238820564623,-0.6172192291602365,5.0,-1.1589949203736924,-0.0973447526347599,0.1307830418551276,0.0291411375628712,0.1808592408261351,0.974339019578122,0.8859784603118896,-0.2127047926187515,-0.0155577426776289
1760945209.2968547,-17.20252822486099,5.208222268175126,4.55583997012808,-0.5137809063138392,-0.4372350207378478,-0.6283443273296245,5.0,-1.156929281778509,-0.1043957846583973,0.1343129870638414,0.0303667103380802,0.1781599711189056,0.9743186897007272,0.8868262767791748,-0.2131590545177459,-0.0237507689744234
1760945209.308842,-17.24767695678233,5.232230985262986,4.551416681901525,-0.5122657643241475,-0.452036367823955,-0.6361637346264282,5.0,-1.1539178502122385,-0.1113201693548905,0.1378910947336879,0.031657787613781,0.1754555003069815,0.9742685450575588,0.8868262767791748,-0.2131590545177459,-0.0237507689744234
1760945209.3213155,-17.292659370904868,5.256552812851093,4.547102225526755,-0.5072786689999039,-0.4657754261926455,-0.6467788561648251,5.0,-1.1497372619240538,-0.1180547739787027,0.1415291318455379,0.0330092223451813,0.1727636575830453,0.9741830498924436,0.8874399662017822,-0.2120512425899505,-0.0319381244480609
1760945209.333434,-17.337473384384605,5.281183846633105,4.542907117732178,-0.5053175480180597,-0.4789064389208258,-0.6536966375208803,5.0,-1.144679409647386,-0.1246292080277305,0.1452086964248815,0.0344192842302547,0.1700693237363248,0.974066821362648,0.8874399662017822,-0.2120512425899505,-0.0319381244480609
1760945209.345548,-17.38211697009445,5.306119074916314,4.538841754975425,-0.4997815914715118,-0.4911183245745094,-0.6631541597857543,5.0,-1.1385360911803473,-0.1309899522570554,0.1489404059992677,0.0358840078902495,0.1673907908525809,0.9739144811410564,0.8882243037223816,-0.2110895961523056,-0.0400710105895996
1760945209.3575888,-17.42658831101581,5.331354393548057,4.534915813540933,-0.4971305570455542,-0.5028012073306973,-0.6688393350679398,5.0,-1.131603179967253,-0.1371710843691503,0.1527056108397706,0.037401995451457,0.1647135612531832,0.9737307276108706,0.8882243037223816,-0.2110895961523056,-0.0400710105895996
1760945209.3696795,-17.470885663556786,5.356884624772509,4.531138807973052,-0.4908688770349829,-0.5134278744163435,-0.677000583742082,5.0,-1.123678676626643,-0.143115266029318,0.1565144816440609,0.0389688886151769,0.1620562923145567,0.97351034965071,0.888914167881012,-0.2095294445753097,-0.0481098294258117
1760945209.38176,-17.515007466388294,5.382705515686019,4.527519529172628,-0.4874023798431924,-0.5236070373765199,-0.6814620692516346,5.0,-1.1150546857045571,-0.1488613709275119,0.1603488527580709,0.0405834823033294,0.1594048758121013,0.97325809113032,0.888914167881012,-0.2095294445753097,-0.0481098294258117
1760945209.3938982,-17.55895224112153,5.408811780634603,4.52406657578124,-0.4803710697515526,-0.5327109853496209,-0.6883959385631087,5.0,-1.1055326266082044,-0.1543540636031438,0.1642188548919447,0.0422414940878106,0.1567778643996207,0.9729689229926628,0.8896423578262329,-0.2076993286609649,-0.0560188665986061
1760945209.4059422,-17.6027186573779,5.435199071480128,4.5207878307022025,-0.4760866830199519,-0.5414429654948248,-0.691751060812274,5.0,-1.0953977863538529,-0.1596361656843718,0.1681070454015191,0.0439418241603515,0.1541613446958301,0.9726476325871594,0.8896423578262329,-0.2076993286609649,-0.0560188665986061
1760945209.4180412,-17.646305475298213,5.461862053223858,4.517690961925902,-0.4683405553331409,-0.5490543164468676,-0.697569973147496,5.0,-1.0844553120811555,-0.1646530107470993,0.1720234821443512,0.0456800953415704,0.1515735073250739,0.9722894231440002,0.8906801342964172,-0.205536350607872,-0.0637636333703994
1760945209.4300618,-17.689711568287844,5.488796335088863,4.514782937831428,-0.4633084463947983,-0.5563668200363274,-0.699939602615745,5.0,-1.072982574135679,-0.1694507402755558,0.1759514886847477,0.0474552937449666,0.1490005582273575,0.9718991215003416,0.8906801342964172,-0.205536350607872,-0.0637636333703994
1760945209.442136,-17.732935908388818,5.515996588715274,4.5120704942821135,-0.4549497562666001,-0.5624863084140174,-0.7047396750299465,5.0,-1.06078970746453,-0.1739739955890586,0.1799009203535962,0.0492628020637495,0.1464601902888121,0.9714722064214302,0.8914514183998108,-0.2029667198657989,-0.0713105052709579
1760945209.4561772,-17.77597754776247,5.54345842959452,4.509559688839611,-0.4492682605352481,-0.5683806068352014,-0.7062199967746213,5.0,-1.0481455088489589,-0.1782718374890934,0.1838558677198018,0.0511017090133114,0.1439387440305765,0.9710135288490156,0.8914514183998108,-0.2029667198657989,-0.0713105052709579
1760945209.4685917,-17.81883564670728,5.571176588437173,4.507256337037325,-0.4404117479662525,-0.5730711890879733,-0.7100733298234069,5.0,-1.034866271236716,-0.182290773792774,0.1878259218185193,0.0529674491385704,0.1414532761683885,0.9705188525144712,0.8925063014030457,-0.2001639157533645,-0.0786274224519729
1760945209.4809582,-17.861509414065367,5.59914673251617,4.505165604239439,-0.4341825987793172,-0.5776064728645276,-0.7107392264479573,5.0,-1.0212114392555514,-0.1860818625503756,0.1917959468127417,0.0548592162198783,0.1389903247100128,0.9699930261702656,0.8925063014030457,-0.2001639157533645,-0.0786274224519729
1760945209.493045,-17.903998174014884,5.627363694857896,4.50329239513932,-0.424938847287484,-0.5806950817077972,-0.7137029080586442,5.0,-1.0070044987005553,-0.1895829494873738,0.1957750287313669,0.0567713606173746,0.1365664825743784,0.9694321773987834,0.8933573961257935,-0.1964659094810485,-0.0856848657131195
1760945209.5050516,-17.946301271564284,5.655823228694305,4.50164098527424,-0.418257509827853,-0.5837129595639549,-0.7136179984618355,5.0,-0.9924947794437288,-0.1928484606164559,0.1997488449489496,0.0587032750165893,0.1341685479282923,0.9688411248448844,0.8933573961257935,-0.1964659094810485,-0.0856848657131195
1760945209.5171585,-17.988418178976396,5.684520310475152,4.500215392481279,-0.4087277513621518,-0.5854737518500619,-0.7157435881057448,5.0,-0.977513359329205,-0.1958271398857631,0.2037262286623315,0.060650310072772,0.1318122056590975,0.968216249647972,0.8941947817802429,-0.1930807828903198,-0.0924565345048904
1760945209.5292008,-18.030348361850294,5.713450816071416,4.49901904265286,-0.4016814629046597,-0.5872284014695738,-0.7149676478163839,5.0,-0.962298414037624,-0.1985739946429935,0.2076936851247741,0.062611982236354,0.129484595163311,0.9675623041722528,0.8941947817802429,-0.1930807828903198,-0.0924565345048904
1760945209.5412447,-18.072091419550244,5.7426098988571885,4.498055102185096,-0.3919572067039202,-0.5876160344756861,-0.7163064873161371,5.0,-0.946689108486177,-0.2010341786407369,0.2116595546745593,0.0645831742776624,0.1272007569423528,0.966876007535858,0.8949945569038391,-0.1891932040452957,-0.0989198386669159
1760945209.5532007,-18.113646920920534,5.771993583537326,4.497326178283525,-0.3846256127544374,-0.5880677877953499,-0.7148986056399408,5.0,-0.9309117432769004,-0.2032638852601114,0.2156112047051706,0.0665635764539711,0.1249482259161057,0.966162015158772,0.8949945569038391,-0.1891932040452957,-0.0989198386669159
1760945209.56524,-18.15501457585036,5.801597227602711,4.496834622262375,-0.3747895726431092,-0.5871768544224637,-0.7155035089632593,5.0,-0.91481383673286,-0.2052108557877976,0.2195565490575299,0.0685482360916717,0.1227412423149492,0.9654173442245856,0.8958137035369873,-0.1851761639118194,-0.1050560697913169
1760945209.5772552,-18.196194042530784,5.831417026645726,4.496582261873337,-0.3672456462899549,-0.5864148865159474,-0.7135227259450826,5.0,-0.8986091569735299,-0.2069317680348551,0.2234838335865954,0.0705370139061652,0.1205677887797625,0.9646465228794424,0.8958137035369873,-0.1851761639118194,-0.1050560697913169
1760945209.589293,-18.237185124906794,5.86144856165752,4.496570668412694,-0.3573725456280999,-0.5842179476508358,-0.713447830870704,5.0,-0.8821538541543145,-0.2083714842710447,0.2274004568256022,0.0725245409091093,0.1184414178407695,0.9638469036840336,0.8966158032417297,-0.1807038187980651,-0.110850416123867
1760945209.6012645,-18.27798755836456,5.89168821333812,4.496800920653099,-0.3496831576168189,-0.5822189338955057,-0.7109525821314105,5.0,-0.8656487418674009,-0.2095877099098161,0.231295557225871,0.0745108916687211,0.1163505954604022,0.9630228611857125,0.8966158032417297,-0.1807038187980651,-0.110850416123867
1760945209.61332,-18.31860122924125,5.922131800695828,4.49727384499975,-0.3398401999700077,-0.5788108372626076,-0.7102525528105561,5.0,-0.8489587227414761,-0.2105278091095621,0.2351760796533401,0.0764908339345677,0.1143080506511586,0.9621720394187372,0.8974066376686096,-0.176108568906784,-0.1162918582558631
1760945209.6254888,-18.35902594161045,5.952775900794202,4.49798980834909,-0.3320663520654549,-0.575663986548202,-0.7072999347317613,5.0,-0.8322713247275703,-0.2112499049463379,0.2390320516606197,0.0784646520212557,0.1123027680651394,0.9612986346328624,0.8974066376686096,-0.176108568906784,-0.1162918582558631
1760945209.63764,-18.399261653992745,5.983616580615318,4.498948931808556,-0.3223134428935832,-0.5711282425235311,-0.7060291699885658,5.0,-0.8154602826471048,-0.2117032224453126,0.2428699523074781,0.0804272056129735,0.1103466565087492,0.9604005759373492,0.8919739723205566,-0.1713883578777313,-0.1213730424642562
1760945209.6496694,-18.43930823226716,6.014650620929994,4.500150910323909,-0.3145103498331395,-0.5669124622641494,-0.7026742910812545,5.0,-0.7986996746806286,-0.2119459209699142,0.2466806869957025,0.082378989146009,0.1084292466710306,0.9594818597956726,0.8919739723205566,-0.1713883578777313,-0.1213730424642562
1760945209.6617568,-18.479165698565268,6.04587434205535,4.501595199844366,-0.3049003039820414,-0.5613080827513405,-0.7008862342530044,5.0,-0.7818721095752409,-0.2119279458451912,0.2504702541829466,0.0843148426393528,0.1065616557122615,0.9585406995073776,0.8927242159843445,-0.1664970219135284,-0.1260900497436523
1760945209.6738353,-18.51883397554789,6.077284731879785,4.503280862021885,-0.2971174952592105,-0.5560796943909241,-0.6971817378799361,5.0,-0.7651382012156935,-0.2117074067244509,0.2542304199838655,0.0862354794819068,0.1047339790882189,0.957580873481557,0.8927242159843445,-0.1664970219135284,-0.1260900497436523
1760945209.685929,-18.55831314271164,6.1088783656447525,4.505206726909543,-0.2876962901749543,-0.5494730720419658,-0.6949283927424164,5.0,-0.7483894112578575,-0.2112352808512326,0.2579667088457397,0.0881357538229807,0.1029565416419382,0.9566008658570636,0.8935890793800354,-0.1614712625741958,-0.1304421573877334
1760945209.6979623,-18.59760317652738,6.140652438840922,4.507371260924687,-0.2799777758557114,-0.5432951026493378,-0.6909241881618867,5.0,-0.7317729887146192,-0.2105694951052193,0.2616717238442049,0.0900166023110535,0.1012200163864723,0.9556042217003324,0.8935890793800354,-0.1614712625741958,-0.1304421573877334
1760945209.7101,-18.63670420968833,6.172603780583684,4.50977270865273,-0.270784922301241,-0.5357827162876442,-0.6882557612736737,5.0,-0.7151891605376737,-0.2096633571299454,0.2653505368785097,0.0918730397182289,0.0995339084272354,0.9545896700805104,0.8942898511886597,-0.1564186811447143,-0.1344315111637115
1760945209.7221215,-18.67561627092612,6.204729792613716,4.512408981893693,-0.2631694512264398,-0.5287458982227836,-0.6839988535888392,5.0,-0.698772002110053,-0.2085742305178203,0.2689965575857702,0.0937062171601343,0.0978894775921038,0.9535605104288284,0.8942898511886597,-0.1564186811447143,-0.1344315111637115
1760945209.7341895,-18.714339542834267,6.237027554411969,4.515277781707212,-0.2542383381675969,-0.520417461090523,-0.6809635864866099,5.0,-0.6824303749623283,-0.2072574227272715,0.2726144116425411,0.0955112925220317,0.0962954287621591,0.9525157037892203,0.8949545621871948,-0.1513522118330001,-0.1380629539489746
1760945209.7462878,-18.752874105504155,6.269494670676106,4.518376506688718,-0.2467596697780127,-0.5126063347473455,-0.6764980566486608,5.0,-0.6662854701077886,-0.2057694698201731,0.2761982812862008,0.0972896236116538,0.0947436117746345,0.9514582947139348,0.8949545621871948,-0.1513522118330001,-0.1380629539489746
1760945209.7584028,-18.791220200959405,6.302128522376766,4.521702589430955,-0.2381177856994421,-0.5071307707981052,-0.6731423874527419,5.0,-0.6502530523530581,-0.204223716092159,0.2797540424019126,0.0990535439855206,0.0932370018766612,0.9503856757468248,0.8956876993179321,-0.1568733900785446,-0.1413436084985733
1760945209.7703762,-18.829377922772625,6.334926977945484,4.525253365351517,-0.2308043165356834,-0.5019346874000652,-0.6685098893305461,5.0,-0.6344407075800026,-0.2026436987322066,0.2832764346432005,0.1008032814999116,0.091768350104542,0.949300653077715,0.8956876993179321,-0.1568733900785446,-0.1413436084985733
1760945209.7824547,-18.867347465865485,6.367887669158662,4.529026120039256,-0.2224736021641363,-0.4952751613027193,-0.6648770354797843,5.0,-0.6187733686894037,-0.2009608988152626,0.2867690558919775,0.1025330011810524,0.0903451317094137,0.9482026415424284,0.8962825536727905,-0.1517848223447799,-0.1442824602127075
1760945209.7944396,-18.90512889472996,6.401008661554451,4.533018000016467,-0.2153495927877183,-0.488984336650183,-0.6601140563603424,5.0,-0.6033472698970529,-0.1992076155959719,0.2902273761094357,0.1042433934011712,0.0889606215518697,0.9470941837546812,0.8962825536727905,-0.1517848223447799,-0.1442824602127075
1760945209.8065467,-18.94272237918761,6.434287813224352,4.537226050108419,-0.2073480993785884,-0.4812280672750213,-0.6562425944716768,5.0,-0.5880960671546669,-0.1973210727852622,0.293654566954444,0.1059285320312959,0.0876216519039192,0.9459749402209982,0.8969045877456665,-0.1464457958936691,-0.1468891054391861
1760945209.8186932,-18.980127976825944,6.467723366880082,4.541647150586585,-0.2004341974684474,-0.4739183312849435,-0.6513819363322768,5.0,-0.5731048508041867,-0.1953401528768599,0.2970467858932733,0.1075895311215348,0.0863220167597072,0.9448471882828784,0.8969045877456665,-0.1464457958936691,-0.1468891054391861
1760945209.8309,-19.017345852181787,6.501313390288298,4.546278055200204,-0.192776010373904,-0.4653253993479181,-0.6473081707319972,5.0,-0.558315487618064,-0.1932142126026356,0.3004068739320181,0.1092212375039551,0.0850676609521145,0.9437107207363036,0.8974257707595825,-0.1414317041635513,-0.1491744965314865
1760945209.8429708,-19.05437607316148,6.53505629088143,4.551115348342386,-0.186089549800954,-0.457233709189925,-0.6423805118559257,5.0,-0.5438021678850015,-0.1909854454720447,0.3037316272867739,0.1108250872606175,0.0838529066585123,0.942567551247296,0.8974257707595825,-0.1414317041635513,-0.1491744965314865
1760945209.8550377,-19.09121881154208,6.568950330926152,4.556155470804468,-0.1787851989623374,-0.4478688976011298,-0.6381393962661941,5.0,-0.5295145650475305,-0.1886057909335916,0.3070234976758316,0.1123958788818303,0.0826830886305067,0.9414176783658778,0.8935381770133972,-0.1362926661968231,-0.1511510014533996
1760945209.86703,-19.12787415841367,6.602994070505216,4.56139469517534,-0.1723406492775171,-0.4390538183562045,-0.6331737154971206,5.0,-0.5155163691476966,-0.1861198453614425,0.3102798809567404,0.1139353481677971,0.0815530429582867,0.9402628531935088,0.8935381770133972,-0.1362926661968231,-0.1511510014533996
1760945209.8791127,-19.16434230404143,6.637185954309517,4.566829145463862,-0.1653976241239126,-0.4290692811282378,-0.628798872335035,5.0,-0.5017646299857484,-0.1834855059370118,0.3135028982301947,0.1154386814275755,0.0804673812095652,0.9391032127475688,0.8939907550811768,-0.1313235014677047,-0.1528321653604507
1760945209.891122,-19.20062337269474,6.671524685972531,4.572454787326702,-0.1592069296083865,-0.4196706399476511,-0.6238224089390871,5.0,-0.4883129763271808,-0.1807482734702091,0.3166905015408824,0.1169078610971376,0.0794214447444207,0.9379402498891845,0.8939907550811768,-0.1313235014677047,-0.1528321653604507
1760945209.903224,-19.23671758061253,6.706008880967977,4.578267436793269,-0.1526300642103799,-0.4091376687315916,-0.6193458752094159,5.0,-0.4751254504682045,-0.1778680667472397,0.3198444722898069,0.1183381349376603,0.0784192561541818,0.9367742628986748,0.8943979740142822,-0.1263534873723983,-0.1542324274778366
1760945209.915265,-19.27262509260455,6.740637377435695,4.5842627639320135,-0.1467028802439387,-0.3992214783661962,-0.6143839211128272,5.0,-0.4622461332048592,-0.1748907797855593,0.322963278607852,0.1197317111591858,0.0774566427257395,0.9356064912725954,0.8943979740142822,-0.1263534873723983,-0.1542324274778366
1760945209.92744,-19.308346157095706,6.775408950492075,4.590436290574724,-0.1404945414594957,-0.3881980262384774,-0.6098359882685058,5.0,-0.4496456748388073,-0.1717776216508462,0.3260483797799343,0.1210838597857122,0.0765370837907231,0.9344373856749768,0.8925215601921082,-0.1213731467723846,-0.1553670316934585
1760945209.939561,-19.343880985480272,6.810322564139349,4.596783406182504,-0.1348383488834257,-0.3778182683287411,-0.6049118519453532,5.0,-0.4373591542002158,-0.168574572574809,0.3290987205171657,0.1223969988167497,0.0756568699970679,0.9332679384061492,0.8925215601921082,-0.1213731467723846,-0.1553670316934585
1760945209.9517615,-19.37922986305559,6.845377143972543,4.603299363333357,-0.1289986682083605,-0.3664854500316354,-0.6003209528753858,5.0,-0.4253634093626997,-0.1652494275153716,0.3321155066608813,0.1236670135338745,0.0748187622083274,0.9320986604542528,0.8928245306015015,-0.1167731061577797,-0.1562517434358596
1760945209.963872,-19.414393050114008,6.880571773098415,4.609979302651086,-0.1236189048239781,-0.3558099806238631,-0.5954559639180761,5.0,-0.4136850580638863,-0.1618468891436305,0.3350981157375643,0.1248964703321595,0.0740195043069021,0.9309303075471668,0.8928245306015015,-0.1167731061577797,-0.1562517434358596
1760945209.97588,-19.44937086982696,6.915905515509666,4.616818229232178,-0.1181459440521559,-0.3440780414344939,-0.5908486597621473,5.0,-0.4023067843919319,-0.1583293537801109,0.3380474233390026,0.126080668555392,0.0732615953401311,0.929763595350294,0.8930296301841736,-0.1118202656507492,-0.1569027453660965
1760945209.9878602,-19.4841636343956,6.951377563547825,4.623811048531645,-0.1130461660827679,-0.3330253036574552,-0.5860621875462483,5.0,-0.3912473554358377,-0.1547415113155446,0.340963207460634,0.127222362144372,0.0725421906596842,0.9285990481918754,0.8930296301841736,-0.1118202656507492,-0.1569027453660965
1760945209.9999208,-19.51877170784504,6.986987111272376,4.630952546455693,-0.1079361754886089,-0.3211396470436695,-0.5814631338561843,5.0,-0.380494856596506,-0.151055238183432,0.3438461552310966,0.1283177882431054,0.0718630143392711,0.9274373692725908,0.893278956413269,-0.1074706092476844,-0.1573363840579986
1760945210.0119104,-19.553195453306643,7.022733454134118,4.638237431677377,-0.103118191655012,-0.3099368353013689,-0.5767726989698219,5.0,-0.3700607437789393,-0.1473132526354136,0.3466964010801193,0.1293698016034614,0.0712216299269395,0.9262788669411196,0.893278956413269,-0.1074706092476844,-0.1573363840579986
1760945210.0239923,-19.587435272696425,7.058615905439881,4.645660304624958,-0.0983657168830398,-0.2979054510033471,-0.5722047830503261,5.0,-0.3599381301889409,-0.1434863207687549,0.3495143828576211,0.1303745597112653,0.0706193869757793,0.9251243551755164,0.8934659361839294,-0.1031181588768959,-0.1575691699981689
1760945210.0360212,-19.62149157733826,7.094633854953572,4.65321570690006,-0.0938297277996013,-0.286561534609256,-0.5676261623433713,5.0,-0.3501317549036364,-0.1396156544895908,0.3523005577718258,0.1313350208960876,0.0700542253716966,0.9239739362057006,0.8934659361839294,-0.1031181588768959,-0.1575691699981689
1760945210.0481887,-19.65536480540168,7.130786723827303,4.660898077615182,-0.0894279150390667,-0.2743519202867456,-0.5631104322099237,5.0,-0.3406393863746891,-0.1356693687539876,0.3550551209316652,0.1322470763448479,0.0695272288878626,0.922828551975726,0.8935145735740662,-0.0986368730664253,-0.1576174795627594
1760945210.060116,-19.68905541538072,7.167073986803038,4.668701810394385,-0.0851727229278722,-0.2628381583453353,-0.5586576639964926,5.0,-0.3314596289106908,-0.1316878898981015,0.3577788210795014,0.1331138030720319,0.0690366771630666,0.9216881076725169,0.8935145735740662,-0.0986368730664253,-0.1576174795627594
1760945210.0721815,-19.72256387998672,7.203495163799589,4.67662121320494,-0.0811134770892787,-0.2506550053481274,-0.5542133972754492,5.0,-0.3225944801098611,-0.1276472354363892,0.3604717116770429,0.1339319080564103,0.0685830083928304,0.9205535074316872,0.8935976028442383,-0.0947165563702583,-0.1574975103139877
1760945210.0841599,-19.75589069952457,7.240049807296613,4.684650569448649,-0.077136585302698,-0.2391612314892882,-0.549898922291382,5.0,-0.3140369416868897,-0.1235855041072392,0.3631347951443855,0.1347045140459384,0.068164835194716,0.9194244774281192,0.8935976028442383,-0.0947165563702583,-0.1574975103139877
1760945210.096216,-19.789036376879668,7.276737523381681,4.692784078040414,-0.0734107157961974,-0.2268361610542917,-0.5455437072519349,5.0,-0.3057928976236442,-0.1194702235576011,0.3657678788222786,0.1354274982104002,0.0677826216716294,0.9183021113716572,0.893532931804657,-0.090324193239212,-0.1572252064943313
1760945210.1082964,-19.822001452712662,7.313557931697317,4.701015921816987,-0.0697084941971457,-0.215208491446723,-0.5413784167414976,5.0,-0.2978503218689702,-0.1153391890746706,0.3683721949104307,0.1361040926532345,0.0674352599044551,0.917185961352184,0.893532931804657,-0.090324193239212,-0.1572252064943313
1760945210.1204033,-19.85478645711102,7.350510716593727,4.70934022258959,-0.0663059215255813,-0.2031000743814481,-0.5371281615588991,5.0,-0.2902185424771161,-0.1111748493137836,0.3709474975799915,0.1367317053756206,0.0671223399816354,0.9160769543327713,0.8935322165489197,-0.0869581177830696,-0.1568160951137542
1760945210.1324084,-19.887391961542008,7.387595558442032,4.717751110618669,-0.0628736984738945,-0.1916700488406914,-0.5331215091820569,5.0,-0.282880988056784,-0.107011651119531,0.3734952094312264,0.1373135475427735,0.0668430487540984,0.9149744941944558,0.8935322165489197,-0.0869581177830696,-0.1568160951137542
1760945210.144498,-19.919818512691283,7.424812208530063,4.726242671307917,-0.0597835082867578,-0.1797660138707802,-0.5289905688634159,5.0,-0.2758500798237145,-0.1028304337012409,0.3760149317718729,0.137846982839861,0.0665967539765695,0.9138795614118552,0.8934799432754517,-0.0836602449417114,-0.1562853306531906
1760945210.156506,-19.95206670281543,7.462160398298671,4.734809017112742,-0.0566156805343063,-0.1685242889704269,-0.5251506304025103,5.0,-0.2691052291478421,-0.0986630463162631,0.3785082521286336,0.1383352101803196,0.0663829044021624,0.91279142343584,0.8934799432754517,-0.0836602449417114,-0.1562853306531906
1760945210.168552,-19.984137088238757,7.499639934071519,4.743444221175215,-0.0538263810351736,-0.1567203363007336,-0.5211516996538144,5.0,-0.262661616800228,-0.0944850659071297,0.3809746051157403,0.1387751230897725,0.066200855516807,0.9117111725744986,0.893244206905365,-0.0801385268568992,-0.1556474417448043
1760945210.1805627,-20.0160302768803,7.537250588244941,4.752142393263518,-0.0509165855329285,-0.1455720782472528,-0.5174851295205481,5.0,-0.2564951425654672,-0.0903271573346299,0.3834157215989922,0.1391699471494026,0.0660502743532699,0.9106379475395336,0.893244206905365,-0.0801385268568992,-0.1556474417448043
1760945210.1926956,-20.047746829053533,7.574992212647476,4.760897619837172,-0.0484162182264871,-0.1340560275988081,-0.513629271564627,5.0,-0.2506233755691641,-0.0861727378656578,0.3858309794779885,0.1395174023325679,0.0659299968826405,0.9095727487301296,0.8931187987327576,-0.0772166699171066,-0.1549163162708282
1760945210.2046428,-20.079287359128788,7.612864612470195,4.769704040785885,-0.0457573944179734,-0.1231753146774309,-0.5101413945743776,5.0,-0.2450191503391059,-0.0820498293123704,0.3882222242456021,0.139820672331,0.0658399060883088,0.9085146069034812,0.8931187987327576,-0.0772166699171066,-0.1549163162708282
1760945210.2167263,-20.110652425159078,7.650867673301599,4.778555773359408,-0.0435335581977401,-0.1117686823942971,-0.5064381845928093,5.0,-0.2397021176297949,-0.0779336128328269,0.390588676141269,0.1400767050287226,0.0657790187738883,0.9074646678894178,0.8927795886993408,-0.0738733038306236,-0.1541052758693695
1760945210.2289195,-20.141842644773256,7.689001223142705,4.787446992703082,-0.0411180275721836,-0.1009920671575054,-0.5031331054830118,5.0,-0.2346425089443391,-0.0738515048633575,0.3929322787686941,0.1402887060464618,0.0657473822102539,0.9064218581819116,0.8927795886993408,-0.0738733038306236,-0.1541052758693695
1760945210.2409697,-20.172858567409897,7.727265173228953,4.796371874499045,-0.0391580504043608,-0.0900544889755863,-0.4995906398792298,5.0,-0.2298616922595766,-0.0697943487876624,0.395252281264902,0.1404552330228633,0.0657432018472534,0.9053870957122456,0.892573356628418,-0.0716397538781166,-0.1532268971204757
1760945210.2530763,-20.20370080097093,7.765659367231524,4.805324673433579,-0.0369776020164719,-0.079714269007382,-0.496471298741687,5.0,-0.2253276813762875,-0.0657858247487622,0.3975506952652251,0.1405793828150155,0.0657667146333954,0.9043592323119254,0.892573356628418,-0.0716397538781166,-0.1532268971204757
1760945210.2651663,-20.23436987310298,7.804183731863181,4.814299664149291,-0.0352685249651544,-0.0692782155079121,-0.4930963373758392,5.0,-0.2210632652097482,-0.0618177999382825,0.3998267139373933,0.1406599656650746,0.0658159142245578,0.9033391601806664,0.8918942213058472,-0.0696889907121658,-0.1522931605577469
1760945210.277198,-20.264866368855923,7.842838117642371,4.823291218097664,-0.0333144646954929,-0.0594061698803394,-0.4901645998839883,5.0,-0.2170346445168216,-0.0579105124191202,0.402082398044111,0.1406999612389926,0.0658912068310811,0.9023256701173844,0.8918942213058472,-0.0696889907121658,-0.1522931605577469
1760945210.2893863,-20.295190782948048,7.88162245691124,4.832293741728259,-0.0318432376139695,-0.0494718698378728,-0.4869624914890348,5.0,-0.2132657541035135,-0.0540557523011004,0.4043168875511395,0.1406982960997582,0.0659904570647656,0.9013196455708524,0.8916155695915222,-0.0679287537932396,-0.151315227150917
1760945210.3013692,-20.32534366692991,7.920536598547811,4.841301751961954,-0.0301065174385195,-0.0400697190457909,-0.484219106559885,5.0,-0.2097213596902249,-0.0502708140977098,0.4065322755939205,0.1406578347377323,0.0661142172703972,0.9003198280067168,0.8916155695915222,-0.0679287537932396,-0.151315227150917
1760945210.3134935,-20.35532547454026,7.959580471225721,4.85030980977409,-0.0288600870174521,-0.0305934110310714,-0.4811937854844749,5.0,-0.2064262871366421,-0.0465457870554458,0.408727645945406,0.140577421915227,0.06626033470993,0.8993271195353353,0.8912934064865112,-0.0662189200520515,-0.1503034383058548
1760945210.325414,-20.38513671679208,7.998753914243441,4.859312594931177,-0.0273313738132463,-0.0216218871564212,-0.4786384146633613,5.0,-0.2033442174358677,-0.0428957996611006,0.4109051097579794,0.1404598227899199,0.066429480516263,0.8983402212274292,0.8912934064865112,-0.0662189200520515,-0.1503034383058548
1760945210.3374414,-20.41477779998516,8.038056844504892,4.868304842516615,-0.0262966883510407,-0.0126681549966767,-0.4757925212047073,5.0,-0.200500614216164,-0.0393142403062478,0.4130637401572205,0.1403042741080354,0.0666192914677084,0.8973599763967,0.8905020356178284,-0.0648600310087204,-0.1492674052715301
1760945210.349441,-20.44424918707096,8.07748908478355,4.877281415864906,-0.0249663901106542,-0.0041875499193905,-0.4734238643338208,5.0,-0.1978583883166254,-0.0358137285428462,0.4152056504875745,0.1401134177627472,0.0668305481485073,0.8963850600050193,0.8905020356178284,-0.0648600310087204,-0.1492674052715301
1760945210.3615043,-20.47355123093744,8.117050532582981,4.886237241953254,-0.0241304697348891,0.0042535808555263,-0.4707588260583497,5.0,-0.1954434147341495,-0.0323877686186265,0.4173298903681993,0.1398865721566812,0.0670608355299393,0.8954163019922893,0.8901304602622986,-0.0636526718735694,-0.148215964436531
1760945210.373416,-20.502684340812348,8.156740987698232,4.895167382667368,-0.0229888074880655,0.0122517014104327,-0.4685746882147871,5.0,-0.1932181289386164,-0.0290468340952386,0.4194385627752066,0.1396262586269697,0.0673110247834011,0.8944523608898978,0.8901304602622986,-0.0636526718735694,-0.148215964436531
1760945210.3855064,-20.531648815422525,8.196560321153864,4.904066957969332,-0.02233876343626,0.0203809493440825,-0.4660908451692034,5.0,-0.1912086192834829,-0.0257764102907173,0.4215306387300436,0.1393310234237339,0.0675790673897367,0.8934941836264352,0.8894824981689453,-0.0620149411261081,-0.1471572667360305
1760945210.3975327,-20.560445012720844,8.236508303960965,4.91293121794861,-0.0213758173621438,0.0280813998723293,-0.4640882541757182,5.0,-0.1893771253270418,-0.0225868150327651,0.4236082040072141,0.1390033350735104,0.0678658792399745,0.8925404107216709,0.8894824981689453,-0.0620149411261081,-0.1471572667360305
1760945210.4096177,-20.589073174503174,8.276584775603007,4.921755487769683,-0.0208989027401529,0.0355605954844,-0.4617849682270608,5.0,-0.1877497182815541,-0.0194793509857662,0.4256703360061882,0.1386433111181394,0.0681686943973312,0.8915917375294259,0.8890364170074463,-0.0614768154919147,-0.1460987776517868
1760945210.4216802,-20.617533598466373,8.316789473888411,4.930535235387758,-0.0201046557863747,0.0426516393618417,-0.4599602604532541,5.0,-0.1862886646349605,-0.0164610197817511,0.4277190843102251,0.1382532443839079,0.0684885120607734,0.8906468149888861,0.8890364170074463,-0.0614768154919147,-0.1460987776517868
1760945210.4336596,-20.64582646271403,8.357122201321678,4.939266013809514,-0.0197882549369861,0.0495369141334931,-0.4578360362795933,5.0,-0.1850198444975492,-0.0135312909177781,0.4297535176869585,0.1378331833687407,0.0688226308862471,0.8897063409215534,0.888550341129303,-0.0610029958188533,-0.1450473815202713
1760945210.4458008,-20.673951999393022,8.397582658105451,4.947943525553831,-0.0191526240641683,0.0560692741337394,-0.4561849435187708,5.0,-0.1839057857390041,-0.0106947328287946,0.4317756416483193,0.1373852657597747,0.0691721109355239,0.8887689818507517,0.888550341129303,-0.0610029958188533,-0.1450473815202713
1760945210.4578376,-20.70191031658836,8.438170605478392,4.956563574670351,-0.0189843569121185,0.062225969358477,-0.4542374283404086,5.0,-0.1829720054253306,-0.0079575997306211,0.433784587803185,0.1369103003893731,0.0695339281889705,0.887835307848434,0.887824535369873,-0.0611367858946323,-0.1440092772245407
1760945210.4698749,-20.729701572673285,8.478885702578832,4.965122126152683,-0.0184972656269121,0.0680747322622298,-0.4527550764170667,5.0,-0.1821814941834021,-0.0053210395061943,0.4357823059821432,0.1364102230023738,0.0699092127403055,0.8869040166936663,0.887824535369873,-0.0611367858946323,-0.1440092772245407
1760945210.4821386,-20.75732580283877,8.519727665727824,4.973615247578753,-0.0184650172309036,0.0737022597803601,-0.4509810950732382,5.0,-0.1815592778945985,-0.0027835136601051,0.4377678854554993,0.1358851659126691,0.0702953266223176,0.885975771228406,0.8873212337493896,-0.0609292909502983,-0.1429900228977203
1760945210.4940703,-20.78478309252874,8.56069611032256,4.982039166184219,-0.0181164321637334,0.0790505455618498,-0.4496620512187496,5.0,-0.181069009462673,-0.0003448896243842,0.4397432176970614,0.1353369328497285,0.0706934275539686,0.8850492960264612,0.8873212337493896,-0.0609292909502983,-0.1429900228977203
1760945210.5061467,-20.81207340421944,8.601790705322017,4.990390217854863,-0.0182083747349861,0.0840729169580372,-0.448057684954237,5.0,-0.1807350850484294,0.0019917077215664,0.4417074456085655,0.1347661340283188,0.0711007109912233,0.8841251667663125,0.8865424394607544,-0.0611163452267646,-0.1419945657253265
1760945210.5181863,-20.8391967491106,8.643011020625682,4.998664900535786,-0.0179883361770043,0.0888507087199842,-0.4468960287681278,5.0,-0.1805219802099288,0.004228381328949,0.4436623936831926,0.1341744119741709,0.0715183662385048,0.883202146109972,0.8865424394607544,-0.0611163452267646,-0.1419945657253265
1760945210.530318,-20.866153011609924,8.684356676001057,5.006859841732268,-0.018192939744186,0.0930114222969438,-0.4454566960296662,5.0,-0.1804533284125043,0.0063495591700941,0.4456073318052623,0.1335636799077492,0.0719430116170485,0.8822805972763792,0.8860102295875549,-0.062274694442749,-0.1410272866487503
1760945210.5423443,-20.892942119449245,8.725827194672064,5.014971844970091,-0.0180915872237125,0.0969816552330319,-0.4444460709725914,5.0,-0.1804945639584814,0.0083615033630938,0.4475440056043984,0.1329353302290161,0.0723759018102889,0.8813593420742871,0.8860102295875549,-0.062274694442749,-0.1410272866487503
1760945210.5544364,-20.91956387554369,8.767422146325396,5.022997847698001,-0.0183976080061219,0.1004845793247347,-0.4431666185371951,5.0,-0.1806684741284333,0.0102564838376414,0.4494716604673535,0.132290633686826,0.0728140576659445,0.8804388267686055,0.8854387402534485,-0.0631305947899818,-0.1400920748710632
1760945210.5664458,-20.94601812478556,8.809141007356255,5.030934963664033,-0.0184051940764908,0.1038342150610569,-0.4423003265684384,5.0,-0.1809415982987716,0.0120426542857911,0.4513919631948733,0.1316308055268244,0.0732587582171446,0.8795179253113148,0.8854387402534485,-0.0631305947899818,-0.1400920748710632
1760945210.5785313,-20.97230459376911,8.850983297543989,5.038780432263172,-0.0188017564957543,0.1068811948717707,-0.4411750641658408,5.0,-0.1813358037389544,0.0137195283197647,0.4533041313371857,0.1309564152056088,0.0737074734351011,0.8785971717396713,0.8846403956413269,-0.0635944381356239,-0.1391922384500503
1760945210.5905938,-20.998423052639687,8.892948447122464,5.046531659112711,-0.0189087125784742,0.1097965865139507,-0.4404461030269321,5.0,-0.181818857105943,0.0152953008035835,0.4552097532328706,0.1302685678031066,0.0741614686377509,0.8776754852299843,0.8846403956413269,-0.0635944381356239,-0.1391922384500503
1760945210.6025364,-21.0243731569987,8.935035926501227,5.054186177051278,-0.0193852891768552,0.1122664778930784,-0.4394689266625609,5.0,-0.1824116166776666,0.0167623823892475,0.4571081343499369,0.1295684871936161,0.0746179758229583,0.8767532824697961,0.8840559124946594,-0.064549408853054,-0.1383306384086609
1760945210.6145337,-21.05015460489448,8.977245120691911,5.061741682905445,-0.0195822383389449,0.1146366677441556,-0.4388700784722246,5.0,-0.1830831639437046,0.0181303450793038,0.4590007776875242,0.1288571216056196,0.0750782640242538,0.8758295396735982,0.8840559124946594,-0.064549408853054,-0.1383306384086609
1760945210.6265824,-21.07576698892892,9.019575452162462,5.069195986872042,-0.0201286248847179,0.1167876876609871,-0.438034598239291,5.0,-0.1838532966343616,0.0194013216609484,0.4608869429118515,0.1281347322996422,0.0755401716577274,0.8749047940763541,0.8832606673240662,-0.0649124979972839,-0.1375097781419754
1760945210.6386576,-21.10120994654298,9.062026262353216,5.076547048348524,-0.0204063883021713,0.1188512912197247,-0.4375585484400965,5.0,-0.18469250695168,0.0205839838148594,0.46276805073294,0.1274021954468019,0.0760049254089829,0.8739780678768461,0.8832606673240662,-0.0649124979972839,-0.1375097781419754
1760945210.6506877,-21.126483010934955,9.104596926795724,5.083792951413395,-0.0210127343521811,0.1203300729013137,-0.436858174184656,5.0,-0.1856194437491775,0.0216632350064736,0.4646435405020377,0.1266614034390773,0.0764696145221202,0.8730496361624651,0.8826534152030945,-0.0664111524820327,-0.1367318034172058
1760945210.662638,-21.15158575619382,9.147286744792124,5.090931934825119,-0.0213623733462439,0.121762094056428,-0.4364975352163926,5.0,-0.1866060602229398,0.0226503856971461,0.4665147390996197,0.1259130340983106,0.0769354821614135,0.8721185914951948,0.8826534152030945,-0.0664111524820327,-0.1367318034172058
1760945210.6747303,-21.17651765717158,9.190095047155102,5.097962363293179,-0.0220191376596603,0.1227025809020171,-0.4359255666194019,5.0,-0.187669814914309,0.0235349859542954,0.468381096434998,0.1251586038930934,0.0773999245938936,0.8711852409486402,0.8820478916168213,-0.0677410513162612,-0.1359986364841461
1760945210.6866765,-21.20127822795441,9.233021093476545,5.104882753301382,-0.0224319354291178,0.1236261268719734,-0.4356729714574388,5.0,-0.1887841954678741,0.0243295827608226,0.4702438467931439,0.1243986384118142,0.0778641755895676,0.8702487422997116,0.8820478916168213,-0.0677410513162612,-0.1359986364841461
1760945210.6987271,-21.22586689149272,9.276064172430164,5.111691739098638,-0.0231300181753695,0.1241884174315868,-0.4352225317390999,5.0,-0.189965442718648,0.0250292311085661,0.4721024368750356,0.1236341209872177,0.0783260314932293,0.8693094535405056,0.8812419772148132,-0.0687621757388114,-0.1353117525577545
1760945210.7108579,-21.2502831103205,9.319223506509154,5.118388096122223,-0.0235975615112156,0.1247515130305053,-0.4350705770112009,5.0,-0.1911886384137067,0.0256463203646677,0.4739580105463314,0.1228654769681245,0.0787866879789604,0.8683665911385955,0.8812419772148132,-0.0687621757388114,-0.1353117525577545
1760945210.72282,-21.2745262603878,9.362498344484798,5.12497072057789,-0.0243282538571805,0.1247904365194805,-0.4347346882442978,5.0,-0.1924687606183729,0.0261679326234299,0.4758101271187531,0.1220944336994587,0.0792436540873685,0.8674203799068395,0.880630612373352,-0.070323646068573,-0.1346723586320877
1760945210.7348197,-21.29859575469567,9.405887874232908,5.131438648314358,-0.0248424181806195,0.124859902960605,-0.4346759862867274,5.0,-0.1937825169770901,0.0266078486009254,0.4776598348248698,0.1213212629086266,0.0796981129203435,0.8664701057499158,0.880630612373352,-0.070323646068573,-0.1346723586320877
1760945210.747017,-21.32249092877024,9.449391307758166,5.137791025410961,-0.0255973841604507,0.1245967260943762,-0.4344476327294536,5.0,-0.1951436134952892,0.0269614739124805,0.4795066677224188,0.1205468980876622,0.0801481258584432,0.8655160766228226,0.8798259496688843,-0.0713917464017868,-0.1340814232826233
1760945210.7589576,-21.34621115559459,9.493007801275274,5.144027125023173,-0.0261503295469528,0.124376919612669,-0.4344748859951194,5.0,-0.1965304292328055,0.0272420013944453,0.4813515831331207,0.1197715302499364,0.0805948244297082,0.8645576373105331,0.8798259496688843,-0.0713917464017868,-0.1340814232826233
1760945210.7710006,-21.36975573342562,9.536736532290028,5.150146339738443,-0.026921646456392,0.1235334388849444,-0.4343470388336143,5.0,-0.1979553569861506,0.0274311159011995,0.4831942834628819,0.1189973900160469,0.0810356701570415,0.863594885209703,0.8792144060134888,-0.07337187230587,-0.1335396319627761
1760945210.7830927,-21.3931239935947,9.580576628004652,5.156148192640321,-0.0275058565456388,0.1227684839651917,-0.434453019360874,5.0,-0.1993984536657409,0.0275442069292965,0.4850356270708044,0.1182244897538683,0.0814717934284805,0.8626272412635808,0.8792144060134888,-0.07337187230587,-0.1335396319627761
1760945210.7950487,-21.41631520260606,9.624527235148207,5.162032313736352,-0.0282860009739388,0.1216771894198158,-0.434418656157447,5.0,-0.2008708154983574,0.0275763732201954,0.4868752491055326,0.1174538138770816,0.0819014689311335,0.8616549441633093,0.8782202005386353,-0.0745548382401466,-0.1330474466085434
1760945210.806998,-21.43932866046645,9.668587455169233,5.167798449288474,-0.0288942703119143,0.1206736649883145,-0.4345962648978074,5.0,-0.2023542149208307,0.0275420836241337,0.4887139176074276,0.1166853080919824,0.0823257666158898,0.8606774737167143,0.8782202005386353,-0.0745548382401466,-0.1330474466085434
1760945210.8190763,-21.46216360644274,9.7127564064047,5.173446457442931,-0.0296761421186851,0.1190999929862392,-0.4346484065632295,5.0,-0.2038584259757382,0.0274246432729256,0.490551420477308,0.115921046421663,0.0827424650663909,0.8596948873518668,0.8776423931121826,-0.0764980688691139,-0.1326050758361816
1760945210.8312912,-21.48481930951456,9.757033167240843,5.178976312599969,-0.0303016084536351,0.1176424523355525,-0.4348906641128803,5.0,-0.2053669283394291,0.0272400394073813,0.4923884290055693,0.1151608246453062,0.0831526182671636,0.858706737788726,0.8776423931121826,-0.0764980688691139,-0.1326050758361816
1760945210.8436155,-21.507294983954164,9.801416831014665,5.1843881006309855,-0.0310785078998565,0.1156646946564587,-0.4350224019117452,5.0,-0.2068881827185645,0.0269739047057992,0.4942247648591603,0.114406539945079,0.083554219510673,0.8577130742967983,0.8770560026168823,-0.0783694609999656,-0.1322125494480133
1760945210.855924,-21.52958987105033,9.845906456258712,5.189682019213582,-0.0317146361086664,0.1138252670213942,-0.4353224897159565,5.0,-0.2084073843357071,0.0266429853052271,0.4960610051359196,0.1136578643845641,0.0839482934840629,0.8567135186678188,0.8770560026168823,-0.0783694609999656,-0.1322125494480133
1760945210.8684456,-21.551703165416377,9.8905011145357,5.194858369913303,-0.0324803107890029,0.1115696936791405,-0.4355269709401603,5.0,-0.2099317002822319,0.0262372084275595,0.4978969816782678,0.1129162876728806,0.0843331830134001,0.8557081405810477,0.8760722875595093,-0.0799898728728294,-0.1318696290254593
1760945210.8808732,-21.57363408739181,9.935199847414498,5.199917555928384,-0.0331209247188471,0.1094652188476788,-0.4358782235962963,5.0,-0.2114480428778538,0.0257730204731242,0.4997331815832231,0.1121813988187859,0.0847098623950806,0.854696624655074,0.8760722875595093,-0.0799898728728294,-0.1318696290254593
1760945210.8933842,-21.59538181547168,9.980001707309906,5.204860086635514,-0.0338695259529954,0.1068037965701907,-0.4361487247062737,5.0,-0.2129622855189293,0.025233444105456,0.5015695494168475,0.1114553287913225,0.0850764150874717,0.8536789211276468,0.8754986524581909,-0.082069955766201,-0.1315759271383285
1760945210.9057505,-21.61694555021673,10.024905721568684,5.209686570929211,-0.0345087950462099,0.1043167954066111,-0.4365446754126821,5.0,-0.2144630357346615,0.024635993901557,0.5034064795384092,0.1107375379421969,0.0854337913691568,0.8526547843890497,0.8754986524581909,-0.082069955766201,-0.1315759271383285
1760945210.918259,-21.63832445971514,10.069910926657789,5.214397710913006,-0.0352349257153988,0.1014986138120862,-0.4368745748005293,5.0,-0.2159549153335723,0.0239735258679097,0.5052438732319624,0.1100292321785495,0.0857807289116304,0.8516242499924206,0.8745894432067871,-0.0835361033678054,-0.1313308179378509
1760945210.9307032,-21.65951773364787,10.115016338240013,5.218994293830277,-0.0358673897298576,0.0988591158743249,-0.4373089538781509,5.0,-0.2174282242190135,0.0232624067457136,0.5070820406038538,0.1093298251955474,0.0861181101969068,0.8505871292912067,0.8745894432067871,-0.0835361033678054,-0.1313308179378509
1760945210.9432075,-21.680524534404256,10.160220978897485,5.2234771999532645,-0.0365660739534229,0.095727147522944,-0.4376917972953446,5.0,-0.2188863386220851,0.022487324294657,0.5089210035748828,0.1086412488625628,0.0864443535654104,0.8495433272662289,0.8740607500076294,-0.085500493645668,-0.1311335265636444
1760945210.9556415,-21.701344042508733,10.20552385483139,5.227847390820627,-0.0371866391091568,0.0927912783225973,-0.4381585615138075,5.0,-0.2203212118475662,0.0216652448691974,0.5107609848308146,0.107962813889468,0.0867603070547931,0.8484927202466044,0.8740607500076294,-0.085500493645668,-0.1311335265636444
1760945210.9680212,-21.72197541884254,10.2509239773662,5.232105912310576,-0.0378533142347623,0.0894918467112292,-0.4385880848148402,5.0,-0.2217350142948085,0.0207863136145446,0.512602001574734,0.1072959424794151,0.0870648003420315,0.8474352419214299,0.873383104801178,-0.0871259495615959,-0.1309831440448761
1760945210.9801376,-21.742417840678943,10.296420345361277,5.236253880900269,-0.0384572477831416,0.0863948902873595,-0.4390814507919863,5.0,-0.223121332286461,0.0198668468691274,0.5144441952597089,0.1066398897137128,0.0873586224313651,0.846370825922262,0.873383104801178,-0.0871259495615959,-0.1309831440448761
1760945210.9923368,-21.76267047104568,10.342011960836272,5.240292495394481,-0.039087810115723,0.0828551269078308,-0.4395515571637038,5.0,-0.2244811548464045,0.0188927474873422,0.516287667036529,0.1059964513310402,0.0876404815578705,0.845299321639092,0.8728958964347839,-0.0890083685517311,-0.1308785527944564
1760945211.004454,-21.782732486054048,10.38769781723283,5.2442230200749576,-0.0396707695553198,0.0795305781831816,-0.4400659637092974,5.0,-0.2258096576810006,0.0178805746699378,0.5181324769100328,0.1053647998906541,0.0879111254654355,0.8442207231136164,0.8728958964347839,-0.0890083685517311,-0.1308785527944564
1760945211.0166976,-21.80260305583772,10.43347690931209,5.248046788830684,-0.0402615270991209,0.0759385483343439,-0.4405707641538873,5.0,-0.2271067004742299,0.0168236084828905,0.5199786972995164,0.1047460273253194,0.0881697932050572,0.8431349308861773,0.8722842931747437,-0.0903996601700782,-0.1308185309171676
1760945211.0286963,-21.822281362472783,10.479348226502603,5.251765187422139,-0.040819534187658,0.0725603557804043,-0.4411009270168121,5.0,-0.2283690198472336,0.0157370704672863,0.5218263148595793,0.1041392841976129,0.0884171589695933,0.8420419898120435,0.8722842931747437,-0.0903996601700782,-0.1308185309171676
1760945211.0407627,-21.841766587061688,10.52531075760009,5.2553796688155705,-0.0413672346955586,0.068797594380979,-0.4416347445989146,5.0,-0.2295953710756478,0.0146080826333391,0.5236754998900065,0.1035461930767181,0.08865223406655,0.8409416972116917,0.871850311756134,-0.0921405702829361,-0.1308016926050186
1760945211.0528371,-21.86105791921481,10.571363489403408,5.258891732767628,-0.0418966964211659,0.0652574230264773,-0.4421756346904176,5.0,-0.230783993353793,0.0134519153036233,0.5255261644220424,0.1029658398403306,0.0888756466925035,0.83983415372252,0.871850311756134,-0.0921405702829361,-0.1308016926050186
1760945211.0648272,-21.880154552449543,10.617505406420962,5.262302943847938,-0.0423984840321368,0.0613365799904621,-0.4427330351082845,5.0,-0.2319325795213776,0.0122555869625581,0.5273785221546436,0.1023998654449274,0.0890864890518563,0.838719118296023,0.871396005153656,-0.0938943922519683,-0.1308265775442123
1760945211.0768156,-21.8990556853268,10.663735494255924,5.2656149084474135,-0.042896165084503,0.0576463869088186,-0.4432799086609926,5.0,-0.2330408223268316,0.0110343944786244,0.5292324136289296,0.1018472943985825,0.0892853445101218,0.8375967456024974,0.871396005153656,-0.0938943922519683,-0.1308265775442123
1760945211.0889394,-21.917760526405647,10.710052734523654,5.2688292899784175,-0.0433496251324753,0.0536682540609287,-0.4438556557234601,5.0,-0.2341054087238978,0.0097791408055512,0.5310880542874372,0.1013094128248512,0.0894716171781238,0.8364668022018561,0.8708353042602539,-0.0953923240303993,-0.1308915466070175
1760945211.1009467,-21.936268286926424,10.756456112563162,5.271947784522636,-0.0438126709117974,0.049921388427711,-0.444404018752798,5.0,-0.2351274373556065,0.0085043435204624,0.5329452193490233,0.1007852160325094,0.0896458298241556,0.8353294910377823,0.8708353042602539,-0.0953923240303993,-0.1308915466070175
1760945211.112984,-21.954578192139884,10.802944608165385,5.274972144020932,-0.0442157977217329,0.0458089680362762,-0.4449930971593747,5.0,-0.2361026288233906,0.0071967689173277,0.5348041999216948,0.1002763477527153,0.0898072446142659,0.834184500360853,0.8704037070274353,-0.0971261411905288,-0.1309948563575744
1760945211.124983,-21.972689466230992,10.849517207459426,5.277904149441688,-0.0446417157404847,0.0419349882095999,-0.4455387171234128,5.0,-0.2370334211128213,0.0058710489468501,0.5366647064478274,0.0997817470745637,0.0899563433719421,0.8330320834704773,0.8704037070274353,-0.0971261411905288,-0.1309948563575744
1760945211.137218,-21.99060135299488,10.89617288944407,5.2807456296045,-0.0449928829240426,0.0378075720500972,-0.4461363591028199,5.0,-0.2379146310512917,0.0045186947669787,0.5385270186343103,0.0993026215068631,0.0900927474009148,0.831871947133969,0.8696725368499756,-0.0985432267189025,-0.1311346888542175
1760945211.149161,-22.00831309285067,10.942910641557017,5.283498433370078,-0.0453795266031432,0.0339168012059463,-0.4466752947289514,5.0,-0.2387499831603733,0.0031534503476213,0.5403907893819738,0.0988378924614951,0.0902168779488265,0.8307043882742307,0.8696725368499756,-0.0985432267189025,-0.1311346888542175
1760945211.161288,-22.025823949226417,10.989729442763432,5.286164456705527,-0.0456775238845639,0.0296871768808475,-0.4472769509599005,5.0,-0.2395334346350449,0.0017624549942048,0.5422563733936281,0.0983891529820435,0.0903281823942787,0.8295290347870966,0.8692764639854431,-0.1002129465341568,-0.1313090771436691
1760945211.1732988,-22.04313317841204,11.036628282584992,5.288745612658516,-0.0460231105655401,0.0256997400179353,-0.4478055113422147,5.0,-0.2402699214985975,0.0003595486014584,0.5441233664760962,0.0979552768113677,0.0904270435336377,0.8283462293010657,0.8692764639854431,-0.1002129465341568,-0.1313090771436691
1760945211.1853564,-22.06024006385712,11.083606140750216,5.291243856785519,-0.0462670951639916,0.0214357904483758,-0.448406872424902,5.0,-0.2409526048513651,-0.0010655081358203,0.5459921294402006,0.0975376264238963,0.0905131281629864,0.8271555957926527,0.8685941100120544,-0.1017108932137489,-0.1315159946680069
1760945211.1973395,-22.07714387897937,11.1306620092702,5.293661155819359,-0.0465701759129715,0.0174144880030919,-0.4489216423811721,5.0,-0.2415875690556994,-0.0024993406988393,0.5478622068832397,0.0971350501217709,0.0905867710325315,0.8259575178063137,0.8685941100120544,-0.1017108932137489,-0.1315159946680069
1760945211.2094023,-22.09384392596823,11.177794869507398,5.295999523341646,-0.0467596807363992,0.0129883362901185,-0.4495186273680464,5.0,-0.2421672241460538,-0.0039581699305654,0.5497340494079039,0.0967494669909506,0.0906473342943189,0.8247515240021621,0.8682352304458618,-0.1035961955785751,-0.1317533105611801
1760945211.2213855,-22.110339492376927,11.225003716923942,5.298260985523728,-0.0470191400551028,0.0088154689096678,-0.450016443504475,5.0,-0.2426987200132348,-0.0054278284578878,0.5516071496745603,0.0963796583476329,0.0906951348144339,0.8235380418691612,0.8682352304458618,-0.1035961955785751,-0.1317533105611801
1760945211.2334743,-22.126629897359575,11.272287535357844,5.30044761387846,-0.0471540405496975,0.0043081879019813,-0.4506052039590449,5.0,-0.243173787481985,-0.0069211810483057,0.5534819554901839,0.0960272757705013,0.0907297675091861,0.8223166035916989,0.8678938746452332,-0.1052989065647125,-0.1320188343524933
1760945211.2454956,-22.14271444215672,11.319645324103352,5.302561489334558,-0.0473690747004162,5.834387256491234e-05,-0.4510831647487263,5.0,-0.2436005768690161,-0.0084240688724769,0.5553579142382378,0.0956910618217413,0.0907515182901192,0.8210876747999692,0.8678938746452332,-0.1052989065647125,-0.1320188343524933
1760945211.2576177,-22.158592462873663,11.367076069797998,5.304604733778292,-0.0474495941167576,-0.0044761431839509,-0.4516600777409484,5.0,-0.243970208829982,-0.0099473263524451,0.5572354774124213,0.0953724853992505,0.0907601559014889,0.8198507826686866,0.8672813177108765,-0.1068638488650322,-0.1323102861642837
1760945211.26966,-22.174263275136276,11.414578775539164,5.306579473199011,-0.0476197139472832,-0.008753010700654,-0.452115536817426,5.0,-0.2442917617349114,-0.0114772289054808,0.559114052870415,0.095070268194845,0.0907559285871127,0.8186064264434221,0.8672813177108765,-0.1068638488650322,-0.1323102861642837
1760945211.2817152,-22.189726232109308,11.46215243090318,5.308487871390164,-0.0476464234488508,-0.0133177243724534,-0.4526771965184049,5.0,-0.2445558102629027,-0.0130250974643735,0.5609941169247525,0.0947859124641781,0.0907386282013026,0.8173541049791675,0.866974413394928,-0.1084394827485084,-0.1326252967119217
1760945211.293671,-22.204980663810638,11.509796042733162,5.31033209211218,-0.0477714512585445,-0.0176240386781251,-0.4531077508692502,5.0,-0.2447722799454487,-0.014577497173047,0.5628750417063854,0.0945181179136889,0.0907084707575817,0.8160943487997634,0.866974413394928,-0.1084394827485084,-0.1326252967119217
1760945211.305688,-22.220025941186677,11.557508603315451,5.3121143295765005,-0.04774523062363,-0.0221379053789027,-0.4536509972459002,5.0,-0.2449312729101491,-0.0161424903619753,0.564757287653035,0.0942680771270724,0.0906655010850365,0.8148266702744521,0.8666114807128906,-0.1097765266895294,-0.1329614669084549
1760945211.317748,-22.23486141037077,11.60528912263384,5.313836770661775,-0.0478252789659013,-0.0263985275662226,-0.4540545122161656,5.0,-0.2450434864747534,-0.0177075611083407,0.566640198054015,0.0940344938144175,0.0906098909336246,0.8135516256436156,0.8666114807128906,-0.1097765266895294,-0.1329614669084549
1760945211.3298135,-22.249486460365677,11.653136595526489,5.315501630253189,-0.0477473051096363,-0.0309143864056441,-0.4545764482896205,5.0,-0.2450986073590976,-0.0192834012839241,0.5685242727165026,0.0938187714849465,0.0905415744301363,0.8122686826099719,0.8663343191146851,-0.1112434267997741,-0.1333163678646087
1760945211.3418703,-22.26390045288898,11.701050034915278,5.317111112746536,-0.0477827674843466,-0.0351775362416703,-0.4549510614372953,5.0,-0.2451080153485497,-0.0208577634262059,0.5704088281514306,0.0936196002019988,0.0904606952987596,0.8109784225434082,0.8663343191146851,-0.1112434267997741,-0.1333163678646087
1760945211.3538468,-22.278102794900324,11.749028437808793,5.3186674449352,-0.0476545226628538,-0.0396346318612534,-0.4554490243223391,5.0,-0.2450610555109634,-0.0224388431324123,0.5722943512486264,0.0934381486103505,0.0903673804748466,0.8096803223861242,0.86607426404953,-0.112525075674057,-0.1336875110864639
1760945211.3658442,-22.29209286443769,11.79707081937648,5.320172837624583,-0.0476460740328893,-0.0438440006221345,-0.455793115497133,5.0,-0.2449697107280455,-0.0240151314578831,0.5741801379937596,0.093273112946481,0.0902617375272434,0.8083749837008214,0.86607426404953,-0.112525075674057,-0.1336875110864639
1760945211.3779035,-22.305870087049417,11.845176178201646,5.32162951773558,-0.0474692982107444,-0.0482107969937712,-0.4562647036205273,5.0,-0.2448230518137618,-0.0255936326645331,0.576066670891607,0.0931255265792834,0.0901440131324713,0.8070618835526584,0.8657686710357666,-0.1136839389801025,-0.1340724229812622
1760945211.3899834,-22.31943385807005,11.893343530904373,5.323039690375879,-0.047417865815217,-0.0523368275668631,-0.4565769180867214,5.0,-0.244633581224199,-0.0271637167005303,0.5779532305547597,0.0929941016231695,0.0900142770443963,0.8057416399087185,0.8657686710357666,-0.1136839389801025,-0.1340724229812622
1760945211.4019852,-22.33278362217025,11.941571877015546,5.324405571208795,-0.0471945640190536,-0.0566025254485211,-0.4570199734798936,5.0,-0.244390161144799,-0.0287320568826171,0.5798403008289821,0.0928798103272135,0.0898728383281804,0.8044137239623483,0.8655416369438171,-0.1147709488868713,-0.134468600153923
1760945211.414016,-22.345918792600457,11.989860233840112,5.325729349054288,-0.0471013265336854,-0.0606347666473605,-0.4572991984486783,5.0,-0.2441057274035442,-0.0302888452097927,0.5817271513079578,0.0927813836953594,0.0897197316991383,0.803078767005166,0.8655416369438171,-0.1147709488868713,-0.134468600153923
1760945211.426144,-22.358838833854776,12.038207601051433,5.327013216189287,-0.0468337110986111,-0.0647545405902616,-0.4577118440238452,5.0,-0.2437690000590017,-0.0318388612290453,0.5836142492058762,0.092699592914039,0.0895554247709,0.801736253073002,0.8652732968330383,-0.115681804716587,-0.1348735988140106
1760945211.4381535,-22.371543178343995,12.08661299565314,5.3282593319993925,-0.0467000647978641,-0.0686511790090422,-0.4579572372455061,5.0,-0.2433932661528136,-0.0333733818279967,0.5855008586670968,0.0926332017585408,0.0893799124895568,0.8003868225273407,0.8652732968330383,-0.115681804716587,-0.1348735988140106
1760945211.4503071,-22.38403131046546,12.135075416965158,5.329469856256982,-0.0463905852300575,-0.0726659627207162,-0.4583378310049091,5.0,-0.2429671614894192,-0.0348990125455003,0.5873874647122229,0.0925831105077892,0.0891935765727756,0.799029936764453,0.8650732636451721,-0.116656869649887,-0.1352849453687667
1760945211.4624155,-22.396302681331417,12.183593881181384,5.330646913224517,-0.046218150782098,-0.0764642737175759,-0.4585487711442971,5.0,-0.24250423436804,-0.0364075870618852,0.5892733283114973,0.0925481024344948,0.0889963859730714,0.797666243838986,0.8650732636451721,-0.116656869649887,-0.1352849453687667
1760945211.4744315,-22.408356794928896,12.232167386575268,5.331792622574612,-0.0458694185645585,-0.0803331560787173,-0.4588959410534104,5.0,-0.2419931013268341,-0.0379038212929708,0.5911589148188667,0.0925288915709076,0.0887888610141502,0.7962952215194117,0.8648865818977356,-0.1174709498882293,-0.1357002556324005
1760945211.486438,-22.420193121400693,12.280794947677643,5.332909064506404,-0.0456599960612552,-0.0839951408834182,-0.4590720555000466,5.0,-0.2414474925243397,-0.0393803966224694,0.5930434873270456,0.0925242941375212,0.0885709400172791,0.794917521330223,0.8648865818977356,-0.1174709498882293,-0.1357002556324005
1760945211.498596,-22.431811184516043,12.329475561000027,5.333998309324831,-0.0452747918109751,-0.0876961034443441,-0.4593846764848682,5.0,-0.240856066464969,-0.0408409702146613,0.5949274963860127,0.0925349004697138,0.0883432324773526,0.793532632923425,0.8646666407585144,-0.1181641966104507,-0.1361171752214431
1760945211.5106063,-22.4432104739782,12.378208238602117,5.335062383821586,-0.0450303589239959,-0.0912010723900253,-0.4595258147144547,5.0,-0.2402326546803533,-0.0422791532085587,0.5968102116368086,0.0925595667881861,0.0881056456617382,0.7921412077934965,0.8646666407585144,-0.1181641966104507,-0.1361171752214431
1760945211.5226824,-22.4543905334612,12.426991974622489,5.336103300435965,-0.0446116065695492,-0.0947304074482939,-0.4598030019361139,5.0,-0.2395660146834718,-0.043698304092215,0.598692074101016,0.0925988255147285,0.087858824926013,0.7907427424924851,0.8645079135894775,-0.1187839657068252,-0.1365334093570709
1760945211.5348053,-22.465350872461507,12.47582577799077,5.337123024913389,-0.0443342967534438,-0.0980745613232364,-0.4599092258489997,5.0,-0.2388699991264928,-0.045092878192835,0.6005723635536184,0.0926515741479781,0.0876026499620492,0.7893378856124599,0.8645079135894775,-0.1187839657068252,-0.1365334093570709
1760945211.5468652,-22.476091054864927,12.524708639755069,5.338123502877857,-0.0438850277972131,-0.1013966646402623,-0.4601503420993181,5.0,-0.2381335223462192,-0.0464644781515509,0.6024514954519474,0.0927181597346178,0.0873378942699575,0.7879261581567322,0.8643181920051575,-0.1192348673939704,-0.136946752667427
1760945211.5588875,-22.486610610804025,12.573639564927085,5.339106629206545,-0.0435771061822494,-0.1045468172423671,-0.4602219272779608,5.0,-0.2373703834691661,-0.0478086212266462,0.6043287643455331,0.0927975324008873,0.0870644060996929,0.7865082019632186,0.8643181920051575,-0.1192348673939704,-0.136946752667427
1760945211.5710015,-22.496909124191724,12.622617541215089,5.34007427672846,-0.04310043149528,-0.1077057405706035,-0.4604265898371958,5.0,-0.2365696985936748,-0.0491286193879807,0.6062045919568018,0.0928901567040506,0.0867828522857327,0.7850835293312025,0.8641800284385681,-0.1197423487901687,-0.1373551040887832
1760945211.582902,-22.50698614513093,12.671641569494907,5.341028266704795,-0.0427642706595122,-0.1107021739449764,-0.4604640254315715,5.0,-0.2357451347468793,-0.0504205379453526,0.6080782890182264,0.092995021852412,0.0864930633618249,0.7836527740814954,0.8641800284385681,-0.1197423487901687,-0.1373551040887832
1760945211.5949388,-22.51684126323123,12.720710639642489,5.3419704118748985,-0.042317443318355,-0.1139853649919567,-0.4605654122873636,5.0,-0.2348903798996191,-0.0517000377048078,0.6099501520000964,0.0931135391334395,0.08619460049858,0.7822155532524235,0.8698140978813171,-0.1210587844252586,-0.1376618444919586
1760945211.6071332,-22.52651671692559,12.76982292374536,5.342890999821777,-0.7702402394561597,-0.118909639080996,0.2918410150178264,5.0,-0.2656819049919935,-0.0540637126514295,0.6104498461121056,0.0921073842462945,0.0840267127162081,0.7821807506574934,0.8637867569923401,-0.1259818822145462,0.8620461225509644
1760945211.6191847,-22.535866435674176,12.819028404848638,5.343777735325807,-1.0634378201786692,-0.1236910384009105,1.0021470417343272,5.0,-0.3323307487485112,-0.0579586774217987,0.6082164825798806,0.0899602432893993,0.0796064792319228,0.7846290036761115,0.8637867569923401,-0.1259818822145462,0.8620461225509644
1760945211.6312795,-22.544974603270678,12.868326156423402,5.344658253554028,-0.4145232334908578,-0.1284887660820006,0.8259007654745788,5.0,-0.3974870079720371,-0.0611756611173076,0.6049457153734933,0.0887286634119252,0.0761090467265234,0.7876390789865404,0.8637410998344421,-0.126249223947525,-0.0773806571960449
1760945211.6434283,-22.55389630715526,12.917704589718856,5.345553820824335,-0.0477675250406674,-0.1330817135130972,0.4774343487819344,5.0,-0.447917864429759,-0.0625336025192844,0.6025763881316658,0.0889019701501339,0.0746708847634758,0.789571019692504,0.8637410998344421,-0.126249223947525,-0.0773806571960449
1760945211.6554296,-22.5626351741552,12.9671509909979,5.346469066203192,0.1528253976731422,-0.1372679215516093,0.0685831737182431,5.0,-0.4780702778936677,-0.0626921966546271,0.6016364697513527,0.0897683145998518,0.0744718379381667,0.7902082974210932,0.8634920120239258,-0.1259839236736297,-0.1440951079130172
1760945211.667495,-22.57118474353408,13.016648854226284,5.347404925963134,0.1882886744156862,-0.1410958630414546,-0.2654069756039959,5.0,-0.4898310522203952,-0.0624543276717688,0.6021414577492816,0.0908142057458687,0.0748288947591507,0.7896702358601602,0.8634920120239258,-0.1259839236736297,-0.1440951079130172
1760945211.6795588,-22.57953392171965,13.066183977602774,5.348359709346363,0.1325534977209325,-0.1443142125841334,-0.4856082794250522,5.0,-0.48850364817493,-0.0624665442507161,0.6037340477872842,0.0916960060734181,0.0751995108715085,0.7883159744526624,0.8634721040725708,-0.1252026855945587,-0.1360591650009155
1760945211.6916952,-22.587680301965868,13.115746304552202,5.349331517461972,0.050581317981989,-0.1472770250110421,-0.6086137836803569,5.0,-0.4795172338781712,-0.0629512820016294,0.6059867273874763,0.0923037099627404,0.0753388854188881,0.7865012165923017,0.8634721040725708,-0.1252026855945587,-0.1360591650009155
1760945211.7036343,-22.59562004910173,13.165330497042474,5.350320212827494,-0.0166820711231541,-0.1497349817214257,-0.6698306321516784,5.0,-0.466367433886491,-0.0638494580588886,0.608596774077413,0.0926649501606845,0.0752163439319443,0.7844524684133487,0.8634709715843201,-0.1243254020810127,-0.1510521918535232
1760945211.7156792,-22.60334968724949,13.2149341761916,5.351326561485939,-0.0714572133819575,-0.1520584713318066,-0.6841064837504031,5.0,-0.4518419039339176,-0.0650388639596217,0.6113432180561559,0.0928396048500573,0.0748618839012058,0.7823272817988589,0.8634709715843201,-0.1243254020810127,-0.1510521918535232
1760945211.7278655,-22.610870427587862,13.264559747345922,5.352348257291616,-0.2138155792243108,-0.1540416391487359,-0.5606310548479364,5.0,-0.4425791223817167,-0.0666767359298467,0.6138566722023718,0.0927071431536417,0.0740320026839445,0.7804515578685999,0.8634800910949707,-0.1235910132527351,-0.0025279575493186
1760945211.739924,-22.618166277459107,13.314213815673638,5.353387481591758,-0.2771512662817721,-0.1559977219818731,-0.4336095293984078,5.0,-0.4395005784046414,-0.0686135904622396,0.6159003727493123,0.0923421439849317,0.0727689623598406,0.7790021421078356,0.8634800910949707,-0.1235910132527351,-0.0025279575493186
1760945211.752005,-22.62525392843556,13.363895427504511,5.354450220549437,-0.1872583909610787,-0.1577362374711623,-0.4438801784114291,5.0,-0.4363675309403126,-0.0702548417904517,0.6177628361748116,0.0921247279696763,0.0716400246536373,0.7776566206272485,0.8634961843490601,-0.123038075864315,-0.152669757604599
1760945211.7641623,-22.63213664978123,13.413601812653974,5.3555410306784745,-0.1323047561523784,-0.159432483738993,-0.4775526341331059,5.0,-0.4317653892441909,-0.0715182051575751,0.6196974012776535,0.0921156882129955,0.070784892702565,0.7761954198524077,0.8634961843490601,-0.123038075864315,-0.152669757604599
1760945211.7762587,-22.63881082303185,13.463330719014015,5.356662257833651,-0.1032291690553175,-0.1608652978123076,-0.5153995305473459,5.0,-0.4251732056542734,-0.0725627476548969,0.6217617388484987,0.0922170333653649,0.0700909939672731,0.7745938364240076,0.8635130524635315,-0.1224524900317192,-0.154254525899887
1760945211.788342,-22.64527080680631,13.51308010554005,5.3578160342630605,-0.092122356286002,-0.1622435772677889,-0.5457741591944658,5.0,-0.4168439975068216,-0.0734990817526993,0.6239490700702645,0.0923622096842314,0.0694714931215786,0.7728715881853574,0.8635130524635315,-0.1224524900317192,-0.154254525899887
1760945211.8004632,-22.65151536848876,13.562847969801911,5.359003681398646,-0.0893058267101321,-0.1633677698573928,-0.5668464245071164,5.0,-0.4072739142502201,-0.0743790826160018,0.6262242952080056,0.0925170578117415,0.0688762654871205,0.7710640609947031,0.8635408878326416,-0.121866226196289,-0.1559896171092987
1760945211.81244,-22.657537124777125,13.612633391748313,5.360227461715365,-0.0907600840005496,-0.1644537841639552,-0.5779509313271292,5.0,-0.3970240524718608,-0.0752276132317901,0.6285472006140218,0.092667537059515,0.0682785615735865,0.769206852676861,0.8635408878326416,-0.121866226196289,-0.1559896171092987
1760945211.8244476,-22.663353958622363,13.662433961480918,5.361485488970562,-0.0920859567177542,-0.1652916743707354,-0.5831205067986898,5.0,-0.386477943082583,-0.07604125385768,0.6308860402994669,0.0928143452365184,0.067674789870539,0.7673255008727093,0.8635765314102173,-0.1212262734770774,-0.1574863195419311
1760945211.8366768,-22.66897048401973,13.712248671951256,5.36277783803811,-0.0931745344732704,-0.1661134999694792,-0.583389953123513,5.0,-0.3759061512809126,-0.0768225594221373,0.6332207678829156,0.0929599076370111,0.0670637382941889,0.7654360650635021,0.8635765314102173,-0.1212262734770774,-0.1574863195419311
1760945211.848817,-22.67445012512438,13.762076009578005,5.364088919309355,-0.2258307753000746,-0.166701718655889,-0.4400955473709268,5.0,-0.3718676690373146,-0.0778797725962436,0.6352539563051954,0.0928586422819197,0.0660758564628289,0.7638479329977002,0.8636103868484497,-0.1205320209264755,0.0311688389629125
1760945211.8609617,-22.679707476139757,13.811926724339502,5.365432606135726,-0.2790536976876241,-0.1673357658429025,-0.3052278855703089,5.0,-0.374575866410609,-0.0791466631821666,0.6367772058619017,0.092541557889306,0.0647008817755579,0.7627349776007357,0.8636103868484497,-0.1205320209264755,0.0311688389629125
1760945211.8731215,-22.68476460654025,13.861799098579016,5.366814099147937,-0.1526099134551361,-0.1677770485858712,-0.3456309872243135,5.0,-0.3759325123001761,-0.0800682475898315,0.6381726970685919,0.0924502742276591,0.0635711219145278,0.7616739906088157,0.8636459112167358,-0.1198756843805313,-0.1600920557975769
1760945211.8850994,-22.689626998865705,13.911689380063851,5.368237485955823,-0.0806842936412782,-0.1682320738535639,-0.4114973777503175,5.0,-0.3742935283040802,-0.0805919445666364,0.6397493878724012,0.0926353047250389,0.0628179857981953,0.7603902430302778,0.8636459112167358,-0.1198756843805313,-0.1600920557975769
1760945211.897202,-22.694270383403783,13.96159658364692,5.369707253362782,-0.0736172376939203,-0.1685196538014657,-0.447978893394594,5.0,-0.3705006933290611,-0.0809748455502882,0.641507522422373,0.0928980070575638,0.0621982481357677,0.7589265029560394,0.8634642958641052,-0.1194080635905265,-0.12477957457304
1760945211.9092925,-22.69870191932364,14.011517848020668,5.3712216348458615,-0.0759700878631613,-0.1688085718761923,-0.4718536574920472,5.0,-0.3652897209083012,-0.0813377121324341,0.6433701846849516,0.0931502738316792,0.0615877509116409,0.7573670054083292,0.8634642958641052,-0.1194080635905265,-0.12477957457304
1760945211.9214659,-22.702964364445325,14.06144832020512,5.37277312301757,-0.0556999821876232,-0.1687971771410597,-0.5152172469218362,5.0,-0.3578818822636304,-0.0816264515798633,0.6453545814712596,0.0934395830815869,0.0610499819890186,0.7556847280359283,0.8635044097900391,-0.1185387820005416,-0.1638674437999725
1760945211.9335432,-22.70702128642158,14.11138790788491,5.374369927025359,-0.0511001568837468,-0.1688020235234699,-0.5462968268184534,5.0,-0.3487134950819039,-0.0818690127368264,0.6474677442157097,0.0937451106915324,0.0605616496736815,0.7538764229039497,0.8635044097900391,-0.1185387820005416,-0.1638674437999725
1760945211.9456255,-22.71087002516684,14.16133504131374,5.376012450022389,-0.0527001570820073,-0.16849882755762,-0.5654952902900225,5.0,-0.3384336677716232,-0.0820918339779196,0.6496623737573549,0.0940398950497567,0.060082084216436,0.7519876604168441,0.8635252714157104,-0.1175877898931503,-0.1652712523937225
1760945211.9577315,-22.714503046870345,14.211288833216289,5.377702168149107,-0.0565546876043783,-0.1682352257702815,-0.5740185074115812,5.0,-0.3276553490730715,-0.0823067624344732,0.6518938123704154,0.0943163822909034,0.0595929025804611,0.750058373319542,0.8635252714157104,-0.1175877898931503,-0.1652712523937225
1760945211.969812,-22.71793558193442,14.261248090394108,5.37943568914282,-0.0592651356421022,-0.1677057599107222,-0.5763803236842902,5.0,-0.316764413478344,-0.0825006530616995,0.6541303581635838,0.0945799882754387,0.0590955502873179,0.7481148416405322,0.8635643720626831,-0.1166925802826881,-0.1662947237491607
1760945211.9818327,-22.721173508270827,14.311212165916457,5.381211664587893,-0.0607941534915519,-0.1672277549605293,-0.5743779447207484,5.0,-0.3059974251754905,-0.0826740627691578,0.6563540684204466,0.0948365379062649,0.0585925587891389,0.7461717496665379,0.8635643720626831,-0.1166925802826881,-0.1662947237491607
1760945211.993911,-22.724216794873072,14.36118062089278,5.383030065625426,-0.0603801530632276,-0.1664902621382286,-0.5703430522481489,5.0,-0.2954445542472669,-0.0828116084071392,0.6585564221621549,0.0950920237484398,0.058091091128984,0.7442354271195719,0.8636025786399841,-0.1157769709825515,-0.1670675277709961
1760945212.0059345,-22.727065342790045,14.4111530523568,5.384890819515595,-0.0587901717458633,-0.1658168095700492,-0.5649499466431595,5.0,-0.285182353405833,-0.0829161360270294,0.6607319388407037,0.0953509642560087,0.0575946792959174,0.7423101451065144,0.8636025786399841,-0.1157769709825515,-0.1670675277709961
1760945212.0179963,-22.72978010336639,14.461130132885808,5.386775969045292,-0.1640648298582417,-0.164868602761591,-0.4434745034209579,5.0,-0.2804934289752592,-0.083181511400631,0.6626528930729662,0.0953956168966887,0.0568018294733365,0.740651315902031,0.8636123538017273,-0.1148369237780571,-0.0120229506865143
1760945212.030029,-22.732281680402743,14.511116277919715,5.388701116374621,-0.2052817456069216,-0.1640289253498396,-0.3313154732637901,5.0,-0.2814497919320907,-0.0835586471286359,0.6641611050551426,0.0952586600390669,0.0557186023044452,0.7393992504572428,0.8636123538017273,-0.1148369237780571,-0.0120229506865143
1760945212.0437498,-22.73458827555954,14.561110578305485,5.390669119955152,-0.1005332539581292,-0.1629790255345679,-0.3633033435223506,5.0,-0.2814056879638237,-0.0837106394536221,0.6655600253575983,0.0953157543555292,0.0548416700905751,0.7381985849615983,0.8636358976364136,-0.1139562651515007,-0.1683346331119537
1760945212.0560777,-22.736702050485764,14.611110658934104,5.392682943633021,-0.0404798329357498,-0.1620169058381286,-0.4158126100731203,5.0,-0.2789627618449862,-0.0836121819886338,0.6670988674838784,0.095606788478822,0.0542699851389204,0.7368128742845865,0.8636358976364136,-0.1139562651515007,-0.1683346331119537
1760945212.068224,-22.738616465919208,14.66111626045286,5.394739617454751,-0.0989833153133784,-0.1610225822474893,-0.3744517748535867,5.0,-0.2784533357450532,-0.0835395734641195,0.668611841695177,0.095828030732974,0.0536221711499788,0.7354589427235121,0.8635809421539307,-0.1136448085308075,-0.0424402132630348
1760945212.0803587,-22.740319264566683,14.711128245193631,5.396839927005071,-0.1270264818170118,-0.160114825990958,-0.3296812167551749,5.0,-0.280101025136213,-0.083541946981588,0.6699712831254367,0.0959249539048115,0.0528093354141001,0.7342670202989758,0.8635809421539307,-0.1136448085308075,-0.0424402132630348
1760945212.0924568,-22.741842434497357,14.761144242011529,5.398981756866553,-0.0486479138868651,-0.1588963710653178,-0.3874386754539369,5.0,-0.2789837110731355,-0.0833839664955917,0.6713917317580931,0.0961645662479989,0.0521786247295607,0.7329822029534787,0.8636130094528198,-0.1125453338027,-0.1705606281757354
1760945212.1044369,-22.74317365857757,14.811161915652702,5.401169675839286,-0.0111385000620768,-0.1577608460137501,-0.4483589368089226,5.0,-0.2748254497100732,-0.0830623610913604,0.673012886329238,0.0965592343425925,0.0517742967296124,0.731470704332111,0.8636130094528198,-0.1125453338027,-0.1705606281757354
1760945212.1165571,-22.74430993714773,14.86117889034883,5.403403308617034,0.0010618008030237,-0.1562817640950462,-0.4979517893494461,5.0,-0.2679943089657784,-0.0826728967522182,0.6748234309705204,0.0970014074946186,0.0514749264087546,0.7297632464768635,0.8636007308959961,-0.1113383844494819,-0.1716509908437729
1760945212.1286554,-22.745247815000884,14.91119327894688,5.405682096736742,-0.0007177249537328,-0.1548974356455616,-0.5308955098306988,5.0,-0.2593178421280164,-0.0822723808038023,0.6767715613836149,0.0974326674732418,0.0512050015612604,0.7279183861028268,0.8636007308959961,-0.1113383844494819,-0.1716509908437729
1760945212.140756,-22.74598296999553,14.961203712980502,5.408005656757148,-0.0072488107025627,-0.1532403592192886,-0.5490814717051729,5.0,-0.249606043683716,-0.0818736209872211,0.6787994023339207,0.0978304551751159,0.0509292218406669,0.7259936554778188,0.8636121153831482,-0.1102695018053054,-0.1723414659500122
1760945212.1527991,-22.74650734638571,15.011209150517397,5.410374412396178,-0.0140934407887814,-0.1516981195309318,-0.555752179636034,5.0,-0.2395286801283636,-0.0814815471022887,0.6808579751026248,0.0981931181714428,0.0506357937036761,0.7240349063953487,0.8636121153831482,-0.1102695018053054,-0.1723414659500122
1760945212.1648064,-22.74682984573437,15.061209234742032,5.412785302371413,-0.0188886597955208,-0.149918667940788,-0.5556499778313855,5.0,-0.2295061944970321,-0.0810801256944393,0.6829139325864994,0.098530467647295,0.0503296441410013,0.7220714885280318,0.863610565662384,-0.1092568933963775,-0.1725894212722778
1760945212.1768324,-22.746961065160622,15.111203837143377,5.415235166399332,-0.0214523227670358,-0.1482517743144688,-0.5517589663777912,5.0,-0.2197377685463786,-0.0806694479697092,0.6849510684363211,0.0988532110230409,0.0500175982198031,0.720116876893396,0.863610565662384,-0.1092568933963775,-0.1725894212722778
1760945212.1888628,-22.74696117730942,15.161195402482516,5.417708998583386,-0.0773251139277458,-0.1463083085150922,-0.4871884795615023,5.0,-0.2130087644363651,-0.0803173085841737,0.6868498715398998,0.0990508145020498,0.0495518618856263,0.7183110768293716,0.8635603189468384,-0.1082320213317871,-0.0927436575293541
1760945212.2008755,-22.746754299285996,15.211182555936368,5.420220588727426,-0.0985719050475387,-0.1445075519840339,-0.4265823073212863,5.0,-0.2094175608012866,-0.0800010606694636,0.6885278763515117,0.0991408463109386,0.0489387784182714,0.7167324829017835,0.8635603189468384,-0.1082320213317871,-0.0927436575293541
1760945212.2129683,-22.74635705325769,15.261165085877746,5.422769278947407,-0.0461666544833106,-0.1425247793008584,-0.4389348168122621,5.0,-0.2053664623812354,-0.0795852787925754,0.690147046111553,0.0993346541324943,0.0484393999831588,0.7151806105880859,0.8635388612747192,-0.107343390583992,-0.1725436300039291
1760945212.2251236,-22.745758945618554,15.311141443202503,5.425357658370995,-0.0156032017619041,-0.1406772325309723,-0.4614852949719029,5.0,-0.2003023839693928,-0.0790665673079399,0.6918192148453116,0.0996498628146873,0.0480965135360373,0.7135424333545329,0.8635388612747192,-0.107343390583992,-0.1725436300039291
1760945212.2372227,-22.744952246991257,15.361110101222204,5.427985941718448,-0.0005971910287919,-0.1388272215242207,-0.4831570812667276,5.0,-0.1941162848555393,-0.0784943945288603,0.693563285985547,0.1000207532664563,0.0478439911137325,0.7118123135793943,0.8632440567016602,-0.1069780960679054,-0.1727379113435745
1760945212.2493687,-22.74392893491879,15.411069570591064,5.430654015473147,0.0050695591059684,-0.1370980331758308,-0.4989509224711674,5.0,-0.187091740841258,-0.0779034005380923,0.695365645107036,0.1004063367764211,0.0476350909241297,0.7100113275523606,0.8632440567016602,-0.1069780960679054,-0.1727379113435745
1760945212.2614808,-22.742709327791975,15.461019871102014,5.433356720301158,0.0066167387656688,-0.1351846908599067,-0.508935092756889,5.0,-0.1796386523629899,-0.0772997434155824,0.6971988503622295,0.10078769277336,0.0474438981712231,0.7081699517526332,0.8632057309150696,-0.1061283200979232,-0.1728103011846542
1760945212.2735171,-22.74129775752016,15.510960561542513,5.436092064330165,0.0064636248805637,-0.1333814688142927,-0.514019963563427,5.0,-0.1720163455862144,-0.0766927636192945,0.6990448388320748,0.1011602198559265,0.0472606826377465,0.7063068391977763,0.8632057309150696,-0.1061283200979232,-0.1728103011846542
1760945212.2855763,-22.73969363069981,15.560891044433804,5.438858956644918,0.0058871128981028,-0.1313841797953438,-0.515246843162971,5.0,-0.1644154074778168,-0.0760747324216678,0.7008900475684245,0.1015226744778127,0.0470826998163474,0.7044355947596681,0.8630958795547485,-0.1052402555942535,-0.1726212352514267
1760945212.2978504,-22.73789641528098,15.610810756571224,5.441656319339669,0.0057711555824225,-0.1295029077604683,-0.513940771864754,5.0,-0.1569568272674172,-0.0754509208039722,0.7027253355512296,0.1018776880053492,0.0469099067309947,0.7025649436967274,0.8630958795547485,-0.1052402555942535,-0.1726212352514267
1760945212.310126,-22.735905566549715,15.660719150712092,5.444483060542696,0.0061525576429324,-0.1274679202889286,-0.5108312211244072,5.0,-0.1497328206037934,-0.0748140257522383,0.7045441272333034,0.1022269112428459,0.0467436920131606,0.7007012620623635,0.8630471229553223,-0.1044578328728675,-0.1722380518913269
1760945212.3223665,-22.73372060209378,15.71061567677545,5.447338096727344,0.0073672974823203,-0.1255507276127973,-0.5069765759483602,5.0,-0.1427750477778262,-0.074169050469043,0.7063435014748354,0.1025738939069759,0.0465861947147771,0.698847036679005,0.8630471229553223,-0.1044578328728675,-0.1722380518913269
1760945212.334588,-22.731340989357125,15.760499777273026,5.450220326614318,0.0089536240761261,-0.1236168038449819,-0.5025446681925289,5.0,-0.1361179208236827,-0.0735151256877831,0.7081213515807118,0.102920060115977,0.0464384823220758,0.6970043615508098,0.8629724979400635,-0.1040828600525856,-0.1717289388179779
1760945212.346766,-22.728766253983903,15.810370877578782,5.453128659756236,0.0111548938597485,-0.1217915473964643,-0.498258716605148,5.0,-0.129748660699556,-0.0728566908157056,0.7098780070684956,0.1032679703240679,0.0463023896137232,0.6951726620787582,0.8629724979400635,-0.1040828600525856,-0.1717289388179779
1760945212.3590136,-22.72599584908137,15.860228387455946,5.456061978264292,0.0133827993968338,-0.1198217437496039,-0.4938773483026645,5.0,-0.1236797079312655,-0.0721873103515222,0.7116131981635694,0.1036172825185786,0.0461784680468927,0.6933524818241611,0.8628333210945129,-0.1033478155732154,-0.1711303889751434
1760945212.371182,-22.723029288863746,15.910071697781548,5.459019172303,0.0159671242245445,-0.1179625029579155,-0.4899400655558004,5.0,-0.1178829800109012,-0.071512151813182,0.7133284108618678,0.1039695890392762,0.0460677849942783,0.6915422344282431,0.8628333210945129,-0.1033478155732154,-0.1711303889751434
1760945212.3833988,-22.71986600219724,15.959900183251484,5.461999101371162,0.0183140358921313,-0.11599274861212,-0.4859840712139699,5.0,-0.1123682568118168,-0.0708267641411868,0.7150237755004558,0.1043237115971533,0.045969895549108,0.6897422216820367,0.8627503514289856,-0.1027100682258606,-0.1704556494951248
1760945212.3955579,-22.71650548674236,16.009713201708948,5.465000634734291,0.0208731588809603,-0.1141325646396506,-0.4825065064699939,5.0,-0.1071049032672941,-0.0701364208999828,0.7167009488283946,0.104680720001373,0.0458853829097044,0.687950745652407,0.8627503514289856,-0.1027100682258606,-0.1704556494951248
1760945212.4077432,-22.712947145149,16.05951009572938,5.468022619550328,0.0230526679366271,-0.1123251733450107,-0.4789404110367779,5.0,-0.10210691991983,-0.0694438805757423,0.7183599211333789,0.1050395005475556,0.0458126975482412,0.686168291148257,0.8623791337013245,-0.1025662571191787,-0.1697078496217727
1760945212.419862,-22.709190457673483,16.109290192870084,5.471063923425189,0.0254037086132979,-0.1106140315716757,-0.4758178981819291,5.0,-0.0973443645640062,-0.0687529402594401,0.7200022270239164,0.1054009373094874,0.0457523083537142,0.6843932800482402,0.8623791337013245,-0.1025662571191787,-0.1697078496217727
1760945212.432089,-22.705234804644416,16.159052804843444,5.474123388192424,0.0273138152077726,-0.1087996676930082,-0.4725187728460354,5.0,-0.0928362344534095,-0.0680587961820285,0.7216275455184997,0.1057631709755555,0.045702977119066,0.6826266000505657,0.8622853755950928,-0.1019885316491127,-0.1688883006572723
1760945212.444186,-22.70107965564993,16.20879723099502,5.477199876857953,0.0294106108556905,-0.1070820556474289,-0.4696367920189399,5.0,-0.0885528260453756,-0.0673654481753507,0.7232372974905427,0.1061271463616112,0.0456652079642884,0.6808667484209342,0.8622853755950928,-0.1019885316491127,-0.1688883006572723
1760945212.4563663,-22.696724376039107,16.25852275471918,5.4802922228477495,0.0310421791632327,-0.1052460873434991,-0.4665127629915515,5.0,-0.084516965769603,-0.0666675734869923,0.7248309475822692,0.1064908717349197,0.0456377109664047,0.6791148584752609,0.8621002435684204,-0.1013640090823173,-0.1679996401071548
1760945212.468552,-22.692168431681576,16.308228649527294,5.483399281188408,0.032894796300595,-0.1035083813925974,-0.4638029018470815,5.0,-0.0806980654336261,-0.0659694425804362,0.726409876011401,0.1068554210801282,0.0456210988943876,0.6773694164594073,0.8621002435684204,-0.1013640090823173,-0.1679996401071548
1760945212.4808075,-22.68741117920897,16.357914172544977,5.486519877726399,0.0342692431437361,-0.1017086701013752,-0.4608099169126052,5.0,-0.0771215423007796,-0.0652683571644456,0.7279734298711694,0.1072189482388955,0.0456138227360418,0.675631676074735,0.8619862198829651,-0.1009050980210304,-0.1670464128255844
1760945212.4928787,-22.682452085390224,16.407578573069866,5.4896528635254045,0.0358999608054394,-0.1000041533793916,-0.4582444245329847,5.0,-0.0737551939391013,-0.0645682934064762,0.7295230031290982,0.1075826410758132,0.0456166302834446,0.6739000566005601,0.8619862198829651,-0.1009050980210304,-0.1670464128255844
1760945212.5050163,-22.67729050314257,16.457221083012644,5.492797060609397,0.037040727022383,-0.0982415610144417,-0.4553701860246422,5.0,-0.0706262222160962,-0.0638665914114755,0.7310578668603237,0.1079446207365359,0.045627914501497,0.6721759052316014,0.8618602156639099,-0.100466251373291,-0.166034460067749
1760945212.51717,-22.671925904136906,16.506840928553665,5.495951319419353,0.0384678794245814,-0.0965711910021499,-0.452943301525415,5.0,-0.0677005780410605,-0.0631669716411541,0.7325794532469444,0.1083061704096094,0.0456485431111658,0.6704575517088616,0.8618602156639099,-0.100466251373291,-0.166034460067749
1760945212.529504,-22.666357642402275,16.556437317404132,5.499114459990617,0.039392520695281,-0.0948239335372422,-0.4501897013410219,5.0,-0.0650068137522076,-0.0624658468214717,0.7340869793584236,0.1086652976136753,0.0456769357420908,0.6687464223247626,0.8616499304771423,-0.0999787971377372,-0.164970263838768
1760945212.541602,-22.66058519859346,16.606009453842002,5.50228533252541,0.0406282258092742,-0.0931677319781154,-0.4479035531920156,5.0,-0.0625091136292658,-0.0617669119194407,0.7355819190403878,0.1090233681228089,0.0457140546861748,0.6670407564670753,0.8616499304771423,-0.0999787971377372,-0.164970263838768
1760945212.5537527,-22.654607931768727,16.655556522683273,5.505462758892581,0.0413490512426034,-0.0914874437992671,-0.445276161181357,5.0,-0.0602371448938291,-0.0610689023845083,0.7370634636723815,0.1093785152707304,0.045758086287697,0.6653420086359574,0.8615028858184814,-0.0996534824371337,-0.1638605296611786
1760945212.566084,-22.648425333950254,16.70507770733737,5.508645595338449,0.0424014056251724,-0.0898931042702147,-0.4431337941858279,5.0,-0.0581535396888997,-0.0603750277498607,0.738533120798654,0.1097321597117411,0.0458100853789503,0.6636483396242102,0.8615028858184814,-0.0996534824371337,-0.1638605296611786
1760945212.5782309,-22.64203677259767,16.754572170510336,5.511832670469205,0.0429279394623072,-0.0882653479559027,-0.4406375074498726,5.0,-0.056288921307668,-0.0596833999977544,0.7399900477570743,0.1100823570232902,0.0458682384258385,0.6619612591356009,0.8612637519836426,-0.0993138402700424,-0.1627119034528732
1760945212.5903883,-22.635441753809864,16.804039075662892,5.515022850092043,0.0438033696326301,-0.0867197964692317,-0.4386405931083749,5.0,-0.0546046163626247,-0.0589969410714707,0.7414357765118657,0.1104305773316347,0.045933675470814,0.6602788610550778,0.8612637519836426,-0.0993138402700424,-0.1627119034528732
1760945212.602596,-22.6286396568849,16.853477564442827,5.518214972773712,0.0441442514821089,-0.0851415312913228,-0.4362786819936261,5.0,-0.0531320572163314,-0.0583136929548767,0.742869437198832,0.1107748397836064,0.0460045546671647,0.6586026989746419,0.8611170649528503,-0.0989864766597747,-0.1615309119224548
1760945212.6148663,-22.62163000462425,16.902886781428037,5.521407916572272,0.0448489265049017,-0.0836421012961703,-0.4344273988365015,5.0,-0.0518315025730724,-0.057636350179524,0.7442925769842386,0.1111166573521345,0.0460820696538674,0.6569308115482678,0.8611170649528503,-0.0989864766597747,-0.1615309119224548
1760945212.626959,-22.61441219175259,16.95226584836762,5.524600531347893,0.0450128005657923,-0.0820913189526334,-0.4322017486645389,5.0,-0.0507350434620571,-0.0569620776280456,0.7457042990242128,0.1114539580621121,0.0461644314450602,0.6552648006099905,0.8608723878860474,-0.0986121892929077,-0.1603238582611084
1760945212.6391158,-22.60698576076917,17.00161389221224,5.5277917073760765,0.0455531720801258,-0.0806177924260167,-0.4304952044864666,5.0,-0.0498020898609878,-0.0562935579190162,0.7471061579172856,0.1117882967255883,0.0462528816979479,0.6536026594590167,0.8608723878860474,-0.0986121892929077,-0.1603238582611084
1760945212.6514375,-22.599350124301225,17.050930016138054,5.530980310696852,0.0455489775920148,-0.0791688542814826,-0.4284067810878413,5.0,-0.0490652358476565,-0.0556313243897509,0.748497256602486,0.112117828961477,0.0463453409636494,0.6519459783283277,0.8607024550437927,-0.0984709113836288,-0.1590968370437622
1760945212.66384,-22.591504845364828,17.100213330247797,5.534165252314927,0.0459318919868803,-0.0777898852304717,-0.4268434326314498,5.0,-0.0484832468135395,-0.054977374202497,0.7498791483670382,0.1124441253613299,0.0464431110568601,0.6502927178981871,0.8607024550437927,-0.0984709113836288,-0.1590968370437622
1760945212.6760747,-22.58344935650597,17.14946291970044,5.537345420506986,0.0457688422965056,-0.0764152236173726,-0.4248925932468824,5.0,-0.048089065383261,-0.0543310667500827,0.7512509188202152,0.1127652618158828,0.0465441889219488,0.6486445029266613,0.860424816608429,-0.0982882604002952,-0.1578557044267654
1760945212.688212,-22.57518324292925,17.198677878448382,5.540519750805318,0.0460014622362011,-0.0751056973731974,-0.4234704628038864,5.0,-0.0478410050413888,-0.0536940510854003,0.7526141140166291,0.1130828261505401,0.0466499194825794,0.6469992695707159,0.860424816608429,-0.0982882604002952,-0.1578557044267654
1760945212.7004328,-22.566705954555975,17.24785727400243,5.54368717781102,0.0456889650017328,-0.0741378896435622,-0.4216571206758819,5.0,-0.0477722059995325,-0.0530803338661121,0.7539678902074957,0.1133959803707997,0.0467570393782031,0.6453584673965224,0.8602453470230103,-0.0991345420479774,-0.1566060930490493
1760945212.712428,-22.5580170919375,17.29700018235275,5.546846701462388,0.0457786987053377,-0.0732050513520709,-0.4203739270047779,5.0,-0.0478407152680435,-0.0524883068113969,0.7553137736160642,0.113706238582564,0.0468670215851623,0.6437200299672227,0.8602453470230103,-0.0991345420479774,-0.1566060930490493
1760945212.7244751,-22.54911612265878,17.346105651054874,5.549997315045879,0.0453262344455564,-0.0722739730796656,-0.4186975799998477,5.0,-0.048079728228394,-0.0519155874131638,0.7566508381333624,0.1140116633097197,0.0469778963475268,0.6420856072489028,0.8600640296936035,-0.0990385115146637,-0.1553533524274826
1760945212.7364843,-22.540002667033647,17.39517273842982,5.553138072956857,0.0452806096978856,-0.0713776901189406,-0.4175506975392511,5.0,-0.0484472009918527,-0.0513610830265637,0.7579805922560944,0.1143137881032035,0.047091147552687,0.6404531235264352,0.8600640296936035,-0.0990385115146637,-0.1553533524274826
1760945212.7485392,-22.5306762116029,17.444200473750698,5.556268031481171,0.0446976084428226,-0.0706888620123542,-0.4160103371166531,5.0,-0.0489762522280027,-0.0508318653635791,0.7593021593632838,0.1146113439493325,0.0472040498598746,0.6388241137443142,0.8597922921180725,-0.0995628833770752,-0.154102474451065
1760945212.760694,-22.52113639459125,17.49318789780095,5.5593863148360825,0.0445242295375111,-0.0700184838161713,-0.4149967642544668,5.0,-0.04962491322814,-0.0503253986182915,0.7606170208039997,0.1149058245717703,0.0473181503306989,0.6371965095573037,0.8597922921180725,-0.0995628833770752,-0.154102474451065
1760945212.772757,-22.511382723650293,17.542134021452448,5.562492043309607,0.0438201197756683,-0.0693654402797721,-0.4135909597084435,5.0,-0.0504260991484736,-0.0498399032233525,0.7619242603607341,0.1151953672787708,0.0474314728225075,0.6355719504644183,0.8595975041389465,-0.0995592921972274,-0.1528582274913787
1760945212.7847502,-22.5014148589888,17.591037869174233,5.565584400232442,0.0435266609425616,-0.0687309352628327,-0.4127073772424277,5.0,-0.051338073574515,-0.0493734078072875,0.7632253316794704,0.1154814740124362,0.0475455603443625,0.6339483748178695,0.8595975041389465,-0.0995592921972274,-0.1528582274913787
1760945212.7967837,-22.491232331205737,17.639898435243815,5.568662569855938,0.0427107831998608,-0.0682604620157851,-0.4114342464718171,5.0,-0.0523934312100516,-0.0489310440781192,0.7645193620261738,0.1157627698447355,0.0476579130210058,0.6323273278385564,0.8592997193336487,-0.0999978184700012,-0.1516250371932983
1760945212.8088279,-22.480834821878464,17.688714728416333,5.571725802853727,0.0423049471251122,-0.0677969095236755,-0.4106770166312101,5.0,-0.0535508149100245,-0.0485099539470464,0.7658077699187823,0.1160407211803312,0.0477701068992534,0.6307067681948593,0.8592997193336487,-0.0999978184700012,-0.1516250371932983
1760945212.820906,-22.47022188377064,17.737485726329542,5.57477335849644,0.04138656761679,-0.0675683698279953,-0.4095342904307924,5.0,-0.0548423887625674,-0.0481181121537394,0.7670897114540831,0.1163142022418963,0.0478794089775553,0.6290881839091262,0.8590990304946899,-0.1006817519664764,-0.1504070609807968
1760945212.8329935,-22.45939321800688,17.78621042152524,5.577804567844838,0.040876073090151,-0.0673309093274396,-0.4088995115001685,5.0,-0.0562273126174228,-0.0477513387086121,0.7683665649343677,0.1165846249141025,0.0479874386060398,0.6274695632942123,0.8590990304946899,-0.1006817519664764,-0.1504070609807968
1760945212.8450267,-22.44834840042639,17.83488777488084,5.580818768476969,0.039864346152371,-0.0672080614608833,-0.4078845625963561,5.0,-0.0577372181536301,-0.0474118951563956,0.7696374726419165,0.1168505151317581,0.0480919675070797,0.6258524430567514,0.8585831522941589,-0.1010463610291481,-0.1492081731557846
1760945212.8570197,-22.437087153857032,17.883516763489947,5.583815367078411,0.0392568856599033,-0.0670714119296092,-0.4073680837205283,5.0,-0.0593319112263913,-0.0470956398450293,0.7709037719527269,0.1171132608125998,0.0481946121272466,0.6242348419407574,0.8585831522941589,-0.1010463610291481,-0.1492081731557846
1760945212.8690379,-22.425609079771824,17.932096332961176,5.586793774086537,0.0381607843579686,-0.0670291585295825,-0.406477899343723,5.0,-0.0610423993730921,-0.046804213140371,0.772164617903336,0.1173713622024782,0.0482932710271283,0.6226182828719616,0.858379065990448,-0.1013640016317367,-0.1480319052934646
1760945212.881074,-22.41391392493647,17.980625446399426,5.589753465622644,0.0374639835346215,-0.0669699299468187,-0.4060753087219849,5.0,-0.0628292528388446,-0.0465336598416947,0.77342130423223,0.1176261841394387,0.0483895463020482,0.6210008202677297,0.858379065990448,-0.1013640016317367,-0.1480319052934646
1760945212.893102,-22.402001318988884,18.029103035789475,5.592693918861468,0.0362923237691312,-0.0669932274679322,-0.4053065550858403,5.0,-0.0647227691266811,-0.0462854182343168,0.7746730031152784,0.1178762326783805,0.0484814356745597,0.6193839539484709,0.858165979385376,-0.1016551554203033,-0.1468815356492996
1760945212.9051735,-22.389871034731968,18.077528051776834,5.595614673139358,0.0355137429211777,-0.0669972542662569,-0.405013243798159,5.0,-0.0666843919325681,-0.0460557592571451,0.775920962127796,0.1181228479398379,0.0485705190169137,0.6177657792462163,0.858165979385376,-0.1016551554203033,-0.1468815356492996
1760945212.9172204,-22.37752273224218,18.125899414368607,5.598515266619683,0.0342751531718456,-0.0670779198603995,-0.404362301933173,5.0,-0.0687436303855024,-0.0458461767883748,0.7771643741519106,0.1183645650806041,0.0486548738495799,0.6161477651773396,0.8576476573944092,-0.1019353941082954,-0.1457600593566894
1760945212.9292202,-22.3649562121636,18.17421606323649,5.601395296342117,0.0334222574633111,-0.0671373719912297,-0.404173493638128,5.0,-0.0708629012697204,-0.0456531473050727,0.7784044383138554,0.1186026964368044,0.0487360523170988,0.614528053074679,0.8576476573944092,-0.1019353941082954,-0.1457600593566894
1760945212.9412596,-22.352171166622696,18.22247690790462,5.604254357816368,0.032125159303964,-0.0672918329857607,-0.4036364955645463,5.0,-0.0730708537780745,-0.0454792462048785,0.7796403759682529,0.118835884960546,0.0488121205635639,0.6129080628379864,0.8574309349060059,-0.1022767052054405,-0.1446702033281326
1760945212.953436,-22.339167425030457,18.27068087824786,5.607092103498194,0.0312052970273101,-0.0674216371570735,-0.4035472786763727,5.0,-0.0753309681706944,-0.0453209274837177,0.7808733353632601,0.1190654065324669,0.0488846049275977,0.6112859874780285,0.8574309349060059,-0.1022767052054405,-0.1446702033281326
1760945212.9655542,-22.325944712995604,18.318826874573105,5.609908182885306,0.0298578898885247,-0.0676252261458072,-0.4031201445585188,5.0,-0.0776709693453477,-0.0451799826536772,0.782102558362229,0.1192898937550839,0.048951716796849,0.6096632175831161,0.8569124341011047,-0.1025638505816459,-0.1436144411563873
1760945212.9775703,-22.312502890000367,18.366913818226305,5.612702299502118,0.0288782712800917,-0.0678024977676485,-0.4031255019403426,5.0,-0.0800554833686743,-0.0450530216127104,0.7833291411216564,0.1195105880278819,0.0490149465338793,0.6080380013084042,0.8569124341011047,-0.1025638505816459,-0.1436144411563873
1760945212.989636,-22.298841715827734,18.414940601551034,5.615474155741034,0.0274885025556836,-0.0680972398860603,-0.4028039555513112,5.0,-0.0825112528156065,-0.0449439654860103,0.7845523632733575,0.1197263129163741,0.0490723994420359,0.6064116579442065,0.8566893935203552,-0.1029873937368393,-0.1425949782133102
1760945213.0017183,-22.28496107985635,18.462906138142145,5.618223507569897,0.026456176928279,-0.0683605956590925,-0.402898780646185,5.0,-0.085004122272778,-0.044849143531808,0.785773266579535,0.1199382613026869,0.0491255398915738,0.6047824967167758,0.8566893935203552,-0.1029873937368393,-0.1425949782133102
1760945213.0137699,-22.27086077681816,18.510809313282905,5.620950108604655,0.0250317460208609,-0.0686976949737723,-0.4026783943650238,5.0,-0.0875598012935382,-0.044770551027539,0.7869911482982128,0.1201451845619467,0.0491727109936555,0.6031518147368626,0.8564800024032593,-0.1032932996749877,-0.1416137963533401
1760945213.0257905,-22.256540727050453,18.558649033944253,5.623653763027972,0.0239535909454009,-0.0690021257146664,-0.4028575268565875,5.0,-0.0901454194196123,-0.0447046783398425,0.7882069957484222,0.1203482357819962,0.0492153339819672,0.6015179838528946,0.8564800024032593,-0.1032932996749877,-0.1416137963533401
1760945213.0378368,-22.2420007609318,18.60642417962605,5.6263342733435,0.0225019082416809,-0.0694021281101283,-0.4027337204847903,5.0,-0.0927856087727631,-0.0446546791895303,0.7894201409134435,0.1205462954821389,0.0492517342294087,0.5998822371441979,0.856168806552887,-0.1036687418818473,-0.1406726092100143
1760945213.0499008,-22.227240829892438,18.654133651633487,5.628991491019084,0.0213846028378892,-0.0697664246681714,-0.402991947863998,5.0,-0.0954488405943706,-0.0446169628399447,0.7906315154011885,0.120740468707503,0.0492832942037916,0.5982430133174437,0.856168806552887,-0.1036687418818473,-0.1406726092100143
1760945213.061934,-22.21226080040642,18.70177632469351,5.631625265781329,0.0199127869128142,-0.0702141586712656,-0.4029600129841563,5.0,-0.0981586324525107,-0.0445942186784624,0.7918404783688062,0.1209296647749472,0.0493084561775369,0.5966014994478869,0.8559581637382507,-0.1040161475539207,-0.139772891998291
1760945213.0739384,-22.19706065538051,18.7493510954332,5.634235494037069,0.0187628024586437,-0.0706242686012142,-0.4032920922399929,5.0,-0.1008848468416234,-0.0445828918864042,0.7930479055092104,0.1211149416042484,0.0493285575807627,0.5949562033416034,0.8559581637382507,-0.1040161475539207,-0.139772891998291
1760945213.0859842,-22.181640298041614,18.79685683498326,5.636822069576656,0.0172776760935166,-0.0711005526447159,-0.4033472219861199,5.0,-0.1036498555920689,-0.0445850342383615,0.7942531825584545,0.1212952243420408,0.0493421790303567,0.5933082671900979,0.8556570410728455,-0.1043170690536499,-0.1389158964157104
1760945213.0980422,-22.165999743404097,18.844292436465,5.639384929859733,0.0161012665685474,-0.0715386629468754,-0.4037479060390966,5.0,-0.1064249545099305,-0.0445972624675517,0.7954571294348134,0.1214715257065611,0.0493506059360701,0.5916562696089593,0.8556570410728455,-0.1043170690536499,-0.1389158964157104
1760945213.110079,-22.150138931390348,18.891656768517134,5.641924011873994,0.0146093540767972,-0.0720841926007312,-0.4038852292620417,5.0,-0.1092313417293103,-0.0446236032023356,0.7966591733400039,0.1216429618949654,0.0493523255683938,0.5900012706051003,0.8554455637931824,-0.1047438830137252,-0.1381026655435562
1760945213.1221411,-22.134057908383475,18.938948721411556,5.644439295607237,0.0134125495094802,-0.0725877203449689,-0.40434929733712,5.0,-0.112041779568885,-0.0446604320637655,0.7978600775058489,0.1218104883540592,0.0493485826642059,0.5883419235770475,0.8554455637931824,-0.1047438830137252,-0.1381026655435562
1760945213.1342463,-22.11775665067252,18.986167161968734,5.64693076135977,0.0119200402867994,-0.0731829492116295,-0.404563870039212,5.0,-0.1148762743756977,-0.0447110394124213,0.799059296776936,0.1219732441798941,0.0493379971551996,0.5866792394275545,0.8552324771881104,-0.1051338985562324,-0.1373339891433715
1760945213.146331,-22.10123523581083,19.03331097834421,5.64939843060857,0.0107086202132353,-0.0737339072442906,-0.4050861155347693,5.0,-0.1177090823999699,-0.0447717502149382,0.8002575383589298,0.1221321305543116,0.0493217660701326,0.5850119472093657,0.8552324771881104,-0.1051338985562324,-0.1373339891433715
1760945213.1583931,-22.084493676346675,19.080379036442896,5.651842325532856,0.0092213933514268,-0.0743700072331839,-0.4053729639862939,5.0,-0.1205590037621315,-0.0448456144240998,0.8014542871898009,0.1222863377652262,0.0492986056716933,0.5833410020047313,0.8549359440803528,-0.1055105179548263,-0.1366104781627655
1760945213.170476,-22.067532080874717,19.127370223163105,5.654262507296745,0.0080008954678531,-0.0749602025262474,-0.4059482354339497,5.0,-0.123401809129578,-0.0449289710737417,0.8026501950841971,0.1224367131559623,0.0492696620379902,0.5816652095540243,0.8549359440803528,-0.1055105179548263,-0.1366104781627655
1760945213.182593,-22.05035049798692,19.174283404421598,5.656659038458196,0.0065245097381567,-0.0756384839857227,-0.4063023803194173,5.0,-0.1262550825826801,-0.0450250701872611,0.8038447794478405,0.1225825266630245,0.049233709386453,0.57998546237937,0.8547276258468628,-0.1059006229043006,-0.1359325498342514
1760945213.1945903,-22.032949066981068,19.22111746666525,5.659032018572957,0.0053002188116911,-0.0762690550351131,-0.4069255995644943,5.0,-0.1290961228409343,-0.0451302308391615,0.8050386373137722,0.1227245699907781,0.0491918430283758,0.5783006440702233,0.8547276258468628,-0.1059006229043006,-0.1359325498342514
1760945213.2066643,-22.015327872528477,19.267871276794438,5.661381547646464,0.0038398840940091,-0.0769604098645032,-0.4073420476667843,5.0,-0.1319412962751353,-0.0452465553861221,0.8062313109838137,0.1228621053589952,0.0491430159898233,0.576611602584877,0.8544395565986633,-0.1062136515974998,-0.1353003978729248
1760945213.2186735,-21.997487084908045,19.314543721894484,5.663707759370998,0.0026168123737546,-0.0776044273890997,-0.4080082003872846,5.0,-0.1347694376336899,-0.0453705852240302,0.8074233441802607,0.1229958743291691,0.0490882640505347,0.5749172988380784,0.8544395565986633,-0.1062136515974998,-0.1353003978729248
1760945213.2307386,-21.979426824405586,19.361133670880445,5.666010789674203,0.0011774121256377,-0.0783453307925741,-0.4084819807459363,5.0,-0.1375956942872873,-0.0455061594334512,0.8086143194227168,0.1231253147335603,0.0490264629744617,0.5732184969315908,0.8542377352714539,-0.1066345125436782,-0.1347140520811081
1760945213.2427664,-21.961147291312813,19.40764001210213,5.6682908070325215,-3.968964236087798e-05,-0.0790363062607241,-0.4091861514728249,5.0,-0.1404004362242609,-0.0456496668558096,0.8098047273118797,0.1232511083566574,0.0489586007088066,0.5715142372057089,0.8542377352714539,-0.1066345125436782,-0.1347140520811081
1760945213.2549584,-21.94264864089088,19.454061617129536,5.670547982507491,-0.0014536056453456,-0.0798054568011869,-0.4097123319662524,5.0,-0.1431975986207656,-0.0458040853017011,0.8109941767174438,0.1233727102205353,0.0488836953663236,0.5698052334180231,0.8540365099906921,-0.1070061922073364,-0.1341733634471893
1760945213.2670934,-21.923931103056017,19.500397376315355,5.672782517419639,-0.0026602582851625,-0.0805237533704808,-0.4104497125196187,5.0,-0.1459690827933791,-0.0459658510046728,0.8121831067821441,0.1234907466814109,0.0488026808175746,0.5680906044697358,0.8540365099906921,-0.1070061922073364,-0.1341733634471893
1760945213.279154,-21.904994867502992,19.54664616472129,5.674994616215596,-0.0040444660082717,-0.0813212126082117,-0.4110234258676197,5.0,-0.1487276208596216,-0.0461380408704895,0.813371157133763,0.1236047461694471,0.0487146367219176,0.5663710017614972,0.8537536859512329,-0.1073835045099258,-0.1336780339479446
1760945213.2912307,-21.885840193213543,19.59280687544783,5.67718451147125,-0.0052364602286202,-0.0820668140975305,-0.4117893375844679,5.0,-0.1514566352421027,-0.0463171173089655,0.8145587167754065,0.1237152790092827,0.0486204436593521,0.564645622601669,0.8537536859512329,-0.1073835045099258,-0.1336780339479446
1760945213.3032815,-21.86646730372201,19.638878387837277,5.679352439164259,-0.0065870892509813,-0.0828861515077415,-0.4124057664756656,5.0,-0.1541676705025133,-0.0465059575481995,0.815745453917378,0.1238219280431796,0.0485192672602899,0.5629150604250389,0.8535581231117249,-0.107747346162796,-0.1332275718450546
1760945213.315361,-21.84687648656584,19.68485959849636,5.681498661082415,-0.0077605021044825,-0.0836530617935623,-0.4131956444805752,5.0,-0.1568456545079619,-0.0467010912691585,0.8169317090216761,0.1239252086959347,0.0484119338231765,0.5611785902082268,0.8535581231117249,-0.107747346162796,-0.1332275718450546
1760945213.3274217,-21.82706799868608,19.73074939191072,5.683623441889002,-0.0090739934638419,-0.0844782446641937,-0.4138500712052319,5.0,-0.1595009620623823,-0.0469047715768453,0.8181171758662459,0.1240247293450926,0.0482977343614561,0.5594367541725023,0.8530836701393127,-0.1080663576722145,-0.1328213810920715
1760945213.3394651,-21.807042155930205,19.776546669098423,5.685727069131911,-0.0102251686798064,-0.0852515817875927,-0.4146595083807886,5.0,-0.1621200069008734,-0.0471137160828747,0.8193021483079224,0.1241209538781023,0.0481774371888878,0.5576889035406066,0.8530836701393127,-0.1080663576722145,-0.1328213810920715
1760945213.3515384,-21.78679924787544,19.82225032053495,5.687809834264806,-0.0114983022532992,-0.0861024667204707,-0.4153473076614504,5.0,-0.1647120142855022,-0.0473311246995517,0.8204863533333225,0.1242136124604626,0.0480503149134276,0.5559355085889267,0.852890133857727,-0.1084419190883636,-0.1324587017297744
1760945213.3635535,-21.76633961771184,19.86785925224592,5.689872049987598,-0.0126238655850826,-0.0869004332619578,-0.41617204395854,5.0,-0.1672648572882451,-0.0475536886234936,0.8216700394206493,0.1243031128675573,0.0479170855566456,0.5541759967389972,0.852890133857727,-0.1084419190883636,-0.1324587017297744
1760945213.375558,-21.745663587266407,19.913372361452566,5.691914031083322,-0.0138537434497562,-0.0877306960784004,-0.4168887017155849,5.0,-0.1697866395923996,-0.0477826166796475,0.822852950478284,0.1243891260474722,0.047777265704613,0.5524108073636138,0.8526315689086914,-0.1086843758821487,-0.132138654589653
1760945213.387612,-21.724771527253747,19.95878856025832,5.693936109719338,-0.0149505969609547,-0.0885104973838687,-0.4177246380921743,5.0,-0.1722666667860835,-0.0480149813139481,0.8240352924320982,0.1244720142074895,0.0476315101867969,0.5506394407802643,0.8526315689086914,-0.1086843758821487,-0.132138654589653
1760945213.3996563,-21.703663790865647,20.00410675357728,5.695938621848436,-0.0161346409413383,-0.0893678039576361,-0.4184657635260821,5.0,-0.1747119446993501,-0.048254154721049,0.8252168469197182,0.1245516384354546,0.0474792060523588,0.5488622504012822,0.8524467349052429,-0.1090563088655471,-0.1318602412939071
1760945213.4116564,-21.682340774956927,20.04932586004262,5.697921919823931,-0.0171999590369852,-0.0901732315155231,-0.4193089726988093,5.0,-0.1771131746791662,-0.0484971024204329,0.8263977780764651,0.1246283048325116,0.0473209618799046,0.547078810219896,0.8524467349052429,-0.1090563088655471,-0.1318602412939071
1760945213.4237196,-21.66080286294614,20.09444479263898,5.699886360097383,-0.0183359001324149,-0.0910382651648558,-0.4200703130616247,5.0,-0.1794762967277527,-0.0487463415135218,0.8275778891936001,0.1247018882699208,0.0471562922374498,0.5452894281775486,0.8522628545761108,-0.1093782633543014,-0.1316223591566085
1760945213.4358144,-21.639050477042208,20.13946247703857,5.701832313486863,-0.0193671268021919,-0.0918515213528493,-0.4209170459024554,5.0,-0.1817933723073369,-0.0489989171876615,0.8287573049957767,0.124772643784821,0.0469857549228219,0.5434937493784228,0.8522628545761108,-0.1093782633543014,-0.1316223591566085
1760945213.4478755,-21.61708403005437,20.18437783492039,5.703760154601374,-0.0204530049408973,-0.0927124254526363,-0.4216944888732935,5.0,-0.1840693096621751,-0.0492568473361639,0.8299358509542037,0.1248404750328481,0.0468089655168128,0.5416920341317013,0.8520111441612244,-0.1096640601754188,-0.1314238011837005
1760945213.4599357,-21.594903968939946,20.2291897996642,5.705670269955935,-0.0214478530611235,-0.093522500055983,-0.4225411752770129,5.0,-0.1862974906365402,-0.0495173466635589,0.8311136146316044,0.1249055892699364,0.046626429253349,0.5398839962790167,0.8520111441612244,-0.1096640601754188,-0.1314238011837005
1760945213.4720106,-21.57251073493014,20.27389730227489,5.707563050250035,-0.0224820070486911,-0.0943870074532156,-0.423330758939148,5.0,-0.1884818263083876,-0.0497827935315568,0.8322904470736698,0.1249679679665053,0.0464377827061999,0.5380698384313741,0.851833164691925,-0.1099677756428718,-0.1312632709741592
1760945213.4840472,-21.549904798783327,20.31849928434693,5.709438896267131,-0.0234384516577888,-0.0952009370003506,-0.4241740148976273,5.0,-0.19061697472566,-0.0500504751991119,0.8334664005255484,0.125027769657978,0.0462434831322394,0.5362493415167386,0.851833164691925,-0.1099677756428718,-0.1312632709741592
1760945213.4960544,-21.52708662944576,20.36299468680544,5.711298211661368,-0.024419506859511,-0.0960401935276701,-0.4249719407959152,5.0,-0.1927058893650047,-0.0503215067217107,0.8346413422648601,0.125084954917227,0.0460433348809818,0.5344226746206655,0.8515896201133728,-0.1101833581924438,-0.1311393976211547
1760945213.5080411,-21.504056721196267,20.407382460254556,5.713141407072919,-0.0253357797070958,-0.0968312826060648,-0.4258085759294353,5.0,-0.1947444602309803,-0.0505934915589616,0.8358152919276186,0.1251396407262644,0.0458377403019354,0.5325896822722569,0.8515896201133728,-0.1101833581924438,-0.1311393976211547
1760945213.520086,-21.480815569594967,20.451661556198065,5.714968897139108,-0.0262626526969324,-0.0976781694068124,-0.4266112031263869,5.0,-0.1967347196452121,-0.050869004036242,0.8369881456970641,0.1251919243158322,0.0456264208098672,0.5307504646938804,0.8514208197593689,-0.1104841157793998,-0.1310507208108902
1760945213.5321195,-21.45736369109928,20.49583093456061,5.716781102425451,-0.0271372406935573,-0.0984766100451806,-0.4274382139740107,5.0,-0.1986737380070027,-0.0511456234015661,0.8381598919213443,0.1252418749235833,0.0454097367492235,0.5289049292154422,0.8514208197593689,-0.1104841157793998,-0.1310507208108902
1760945213.5441191,-21.433701606709917,20.5398895576795,5.718578447346949,-0.0280091102237946,-0.0993125910419655,-0.4282420807193439,5.0,-0.2005626687918133,-0.0514250727476458,0.8393304433407975,0.1252895937933286,0.0451875272409938,0.5270531395886829,0.85125333070755,-0.110730729997158,-0.1309957355260849
1760945213.5563743,-21.40982985426618,20.583836395203868,5.720361360260226,-0.0288407405507817,-0.1001012789401374,-0.4290566650961924,5.0,-0.202399713561004,-0.051705078799076,0.8404997595362507,0.1253351077565755,0.0449601068185431,0.5251950625986669,0.85125333070755,-0.110730729997158,-0.1309957355260849
1760945213.5684807,-21.38574897929304,20.627670420780248,5.72213027277141,-0.0296570397505417,-0.1009165845210509,-0.4298584976781976,5.0,-0.2041851891084924,-0.0519869224967124,0.8416677704992934,0.1253785396719124,0.0447273993821476,0.523330723001237,0.8510215878486633,-0.110941432416439,-0.1309728920459747
1760945213.5805535,-21.36145954033958,20.671390614307725,5.723885618175088,-0.0304446746268757,-0.1016864188783873,-0.4306580593349643,5.0,-0.2059183763769291,-0.0522685440605644,0.8428344093468273,0.1254198772744105,0.0444896729397434,0.521460144025573,0.8510215878486633,-0.110941432416439,-0.1309728920459747
1760945213.5926566,-21.33696210621313,20.714995961122494,5.725627833895003,-0.0312051117258768,-0.1025014912312745,-0.4314547412971484,5.0,-0.2075987979398108,-0.0525521025251274,0.8439996287435252,0.1254593398545373,0.0442468092681016,0.5195832951449149,0.8508532643318176,-0.1112032085657119,-0.1309805512428283
1760945213.6047256,-21.31225725488038,20.7584854515428,5.727357358070885,-0.031947954542574,-0.1032712414292486,-0.4322368602204222,5.0,-0.2092267578092735,-0.0528355409728637,0.8451633369545053,0.1254968731098928,0.0439990388673432,0.5177002542845763,0.8508532643318176,-0.1112032085657119,-0.1309805512428283
1760945213.6168103,-21.28734557765921,20.80185808288712,5.729074630986798,-0.0326524520703692,-0.1040411327385925,-0.4330254782457826,5.0,-0.2108010317624033,-0.0531190013542122,0.8463254941374477,0.1255326244039353,0.0437464674240844,0.5158109777536526,0.850631058216095,-0.1113290265202522,-0.1310170888900756
1760945213.6289287,-21.26222767179673,20.845112856579146,5.730780090485827,-0.0333499159990561,-0.10476929542905,-0.4337879490976898,5.0,-0.2123228952643744,-0.0534008322875295,0.847485986781672,0.1255665083700278,0.0434892758513799,0.5139155933325803,0.850631058216095,-0.1113290265202522,-0.1310170888900756
1760945213.6409864,-21.23690415000812,20.88824878245918,5.732474177487158,-0.0339986454963197,-0.1055331025083752,-0.4345657604519338,5.0,-0.2137904185292844,-0.0536828848274431,0.8486447991729758,0.1255988068123701,0.0432274508694634,0.512013995956455,0.8504765033721924,-0.111551895737648,-0.1310808062553405
1760945213.6530864,-21.21137562744168,20.931264873195268,5.734157329747765,-0.0346503661891406,-0.1062555783847658,-0.4353065604823308,5.0,-0.2152057880127506,-0.0539635078134895,0.8498017971648013,0.125629396463175,0.0429611391664941,0.5101063622434926,0.8504765033721924,-0.111551895737648,-0.1310808062553405
1760945213.665163,-21.18564273706913,20.974160151205886,5.735829987521634,-0.0352436897918689,-0.1069911571384549,-0.4360710345291924,5.0,-0.2165664146296639,-0.0542435102966377,0.8509569753506201,0.1256585411779167,0.0426904514664135,0.5081925643737379,0.8500543832778931,-0.1117058917880058,-0.1311700344085693
1760945213.677205,-21.159706111228303,21.01693364067431,5.737492586075082,-0.0358494942976591,-0.107687514037413,-0.4367883557020879,5.0,-0.2178753410412509,-0.0545214457733209,0.852110181450773,0.1256860861417093,0.0424154953241464,0.5062728238555936,0.8500543832778931,-0.1117058917880058,-0.1311700344085693
1760945213.6893184,-21.13356640211083,21.059584376861988,5.739145562942438,-0.0363879910873569,-0.1083975580662288,-0.4375371443390136,5.0,-0.2191293640662659,-0.0547981983703167,0.8532614243224493,0.1257123340308706,0.0421364049849446,0.5043469779930089,0.8499064445495605,-0.1118559390306472,-0.1312830597162246
1760945213.7014537,-21.10722425835088,21.102111395696568,5.740789349227656,-0.0369479080440622,-0.1090701920213543,-0.4382293630534945,5.0,-0.2203323245949384,-0.0550724776082589,0.8544105354371982,0.12573709956159,0.0418532522515528,0.5024152903761259,0.8499064445495605,-0.1118559390306472,-0.1312830597162246
1760945213.7134688,-21.08068035028021,21.14451374543105,5.742424378060986,-0.0374323569222919,-0.1097530124061735,-0.4389602934722474,5.0,-0.2214804515813666,-0.0553450362892506,0.8555575359195898,0.1257607110869537,0.0415662097306894,0.5004775684151367,0.8497561812400818,-0.1119905412197113,-0.1314181536436081
1760945213.7254887,-21.053935341952485,21.18679047390528,5.744051074795173,-0.0379466026331065,-0.1104003022387877,-0.4396259635177585,5.0,-0.2225783262057965,-0.0556147389724406,0.8567022429307902,0.1257829549632577,0.0412753153639927,0.4985341147200133,0.8497561812400818,-0.1119905412197113,-0.1314181536436081
1760945213.7375677,-21.02698992090684,21.22894064252232,5.745669865987959,-0.0383779366494646,-0.1110450143861362,-0.4403370727227825,5.0,-0.2236216544792119,-0.0558818005842567,0.8578446869546107,0.1258041595574286,0.0409808174457173,0.4965847149311744,0.8493427634239197,-0.1120816767215728,-0.1315736323595047
1760945213.7496552,-20.99984476596608,21.270963311298416,5.747281168713963,-0.0388468891649392,-0.1116568497138018,-0.4409749529058763,5.0,-0.2246157013334961,-0.0561453218540169,0.8589846729266449,0.1258240868086053,0.040682718926305,0.4946297071918029,0.8493427634239197,-0.1120816767215728,-0.1315736323595047
1760945213.7616887,-20.972500580781062,21.31285755492318,5.748885401424339,-0.0392262403417703,-0.1122763027504129,-0.4416644327854176,5.0,-0.2255556950680131,-0.0564060227600423,0.8601222443180487,0.1258431195482037,0.0403812430319107,0.4926688434464445,0.8491984009742737,-0.1121962442994117,-0.1317477524280548
1760945213.7737691,-20.94495805790406,21.354622445610776,5.750482972279795,-0.039650457652506,-0.1128644517969348,-0.4422734337955243,5.0,-0.2264475250041925,-0.0566630991496625,0.8612571953359242,0.1258609945059417,0.0400763643829649,0.4907024949619851,0.8491984009742737,-0.1121962442994117,-0.1317477524280548
1760945213.785868,-20.917217916302043,21.39625707139365,5.752074289293639,-0.039979074161541,-0.11343139264887,-0.4429396893498904,5.0,-0.2272859874100797,-0.0569159966179766,0.8623895735917544,0.1258780500707974,0.0397684465538462,0.4887304067983695,0.848993182182312,-0.1122198849916458,-0.1319388598203659
1760945213.7979171,-20.889280861903156,21.43776051702021,5.7536597481315725,-0.0403592488446782,-0.1139706675754434,-0.4435189247656526,5.0,-0.2280775417563942,-0.0571642435036621,0.8635191648787514,0.1258940050481151,0.0394574291941488,0.4867529790986777,0.848993182182312,-0.1122198849916458,-0.1319388598203659
1760945213.8100328,-20.86114762773303,21.47913188395426,5.755239745658381,-0.0406385388325341,-0.1145262715898621,-0.4441605298302251,5.0,-0.2288165918975227,-0.0574090316083876,0.8646460331839632,0.1259093134218635,0.0391435282342627,0.484769910669222,0.8488516211509705,-0.1123464405536651,-0.132145270705223
1760945213.8221052,-20.83281893162115,21.520370269179,5.756814666723625,-0.0409755150040362,-0.1150545551948408,-0.4447092712444433,5.0,-0.2295101070731202,-0.0576498162703976,0.8657699566349392,0.1259236696605289,0.0388266642656548,0.4827816294657073,0.8488516211509705,-0.1123464405536651,-0.132145270705223
1760945213.8341343,-20.80429551950529,21.56147478721354,5.758384896989959,-0.0412069890230033,-0.1155756857823779,-0.445324998552242,5.0,-0.230152143519744,-0.0578866596469439,0.8668910024787018,0.1259374915745552,0.0385071664540541,0.4807878286407219,0.8487138748168945,-0.1124013736844062,-0.1323653757572174
1760945213.8462226,-20.775578120417386,21.602444547190007,5.75995080914452,-0.0415017301665338,-0.1160716876947458,-0.4458426986979802,5.0,-0.2307501280119397,-0.0581191743333441,0.8680089432601314,0.1259504559815643,0.0381849305259845,0.4787889599178239,0.8487138748168945,-0.1124013736844062,-0.1323653757572174
1760945213.8586135,-20.74666749238941,21.64327867666554,5.761512775832852,-0.0416870427377385,-0.1165493657898678,-0.4464314630957947,5.0,-0.2312978138478675,-0.0583469549600917,0.869123851098474,0.1259629723725946,0.0378603439281495,0.4767847055018237,0.8485162854194641,-0.1124167591333389,-0.1325975358486175
1760945213.8707454,-20.71756437509733,21.683976297023097,5.763071155484685,-0.0419406481566792,-0.1170047435274301,-0.4469177040684911,5.0,-0.231803031423765,-0.0585698375608088,0.8702354946308203,0.1259747035674168,0.03753327672447,0.4747755375796831,0.8485162854194641,-0.1124167591333389,-0.1325975358486175
1760945213.882906,-20.68826953757415,21.724536548757342,5.764626307199218,-0.0420815296513443,-0.1174616746001769,-0.4474786040498923,5.0,-0.2322592683571932,-0.0587883386368324,0.8713439558460587,0.1259861224020435,0.0372040379070566,0.4727611100080561,0.8483755588531494,-0.1124841496348381,-0.1328402012586593
1760945213.8949912,-20.65878372901398,21.764958565209984,5.7661785759583575,-0.0422951926432513,-0.1178973145125692,-0.4479331356458335,5.0,-0.2326747037901853,-0.0590022935898929,0.8724490004074431,0.1259968751292311,0.0368724814670002,0.4707419136386606,0.8483755588531494,-0.1124841496348381,-0.1328402012586593
1760945213.907034,-20.6291077289226,21.8052414996574,5.767728305089193,-0.0423934609136861,-0.1182870048538899,-0.4484654375782493,5.0,-0.2330426047567338,-0.0592100817967742,0.8735507067943404,0.1260073358286519,0.0365391293294969,0.4687176186194795,0.8481826782226562,-0.1124059930443763,-0.133091852068901
1760945213.9191124,-20.59924229608256,21.845384497760385,5.7692758215708055,-0.0425684758742249,-0.11866000849682,-0.4488881548708057,5.0,-0.2333714520828163,-0.0594119625599945,0.8746488399972671,0.1260171450672398,0.0362038058515851,0.4666887295429342,0.8481826782226562,-0.1124059930443763,-0.133091852068901
1760945213.931183,-20.56918822022044,21.885386726021924,5.770821448656148,-0.0426260452417396,-0.1189783654197227,-0.4493912623452157,5.0,-0.2336543313332862,-0.05960609173332,0.875743481663034,0.1260266685216667,0.0358670756385446,0.4646549106930609,0.848055899143219,-0.1122892573475837,-0.133350983262062
1760945213.9432392,-20.538946269583302,21.925247342897556,5.772365491323434,-0.0427638053655701,-0.1192847675120679,-0.4497821813493836,5.0,-0.2338999740087128,-0.0597931329246501,0.8768343974049514,0.1260355433080659,0.0355287345033356,0.4626166775799679,0.848055899143219,-0.1122892573475837,-0.133350983262062
1760945213.955296,-20.508517243190287,21.964965528205692,5.773908251706456,-0.0427826348122554,-0.1195730350034977,-0.4502556678046741,5.0,-0.2341013149533437,-0.0599729735882161,0.8779216792846368,0.1260442292824201,0.0351891901011242,0.4605736620853074,0.8476579785346985,-0.1122693493962287,-0.1336161792278289
1760945213.9673295,-20.47790191759139,22.00454045288641,5.775450014185263,-0.0428845987016562,-0.119850761476457,-0.4506149525437624,5.0,-0.2342672838059779,-0.0601462678524937,0.8790050938381575,0.1260523538481849,0.034848225553245,0.458526389940311,0.8476579785346985,-0.1122693493962287,-0.1336161792278289
1760945213.979348,-20.44710110032189,22.043971309697547,5.776991059407011,-0.0428666895916416,-0.120084167071618,-0.4510585549882595,5.0,-0.2343907026796771,-0.0603116795851387,0.8800847315608451,0.1260603231753347,0.034506364474622,0.4564745020317673,0.8475289344787598,-0.1121667698025703,-0.1338860839605331
1760945213.9914286,-20.416115575859592,22.08325728201945,5.778531649452077,-0.0429343802719387,-0.1203104030307393,-0.4513865024302371,5.0,-0.2344806558556961,-0.0604700926458637,0.8811603614923007,0.1260677615192166,0.034163370444497,0.4544185306082533,0.8475289344787598,-0.1121667698025703,-0.1338860839605331
1760945214.0035028,-20.384946159738025,22.12239757555901,5.780072041574157,-0.0428817814815799,-0.1204830233714984,-0.451800095193138,5.0,-0.2345298869790418,-0.0606198123578181,0.8822320750467623,0.126075058828906,0.0338198078181488,0.4523581168710422,0.8473993539810181,-0.1120270416140556,-0.1341593861579895
1760945214.0154974,-20.35359364402328,22.161391386245988,5.781612473559839,-0.0429167833208094,-0.1206522314454399,-0.4520971129740899,5.0,-0.2345475909489959,-0.060761985097798,0.8832996448496545,0.126081838910454,0.0334754203752987,0.450293796910561,0.8473993539810181,-0.1120270416140556,-0.1341593861579895
1760945214.0274947,-20.322058850929643,22.20023793237094,5.783153181112005,-0.0428315733730928,-0.1208235720173708,-0.4524807001738599,5.0,-0.234526458288124,-0.0608974141002303,0.8843631733988178,0.1260886202084411,0.0331305248531164,0.44822517300221,0.8470006585121155,-0.112044483423233,-0.1344348341226577
1760945214.0396743,-20.29034257845562,22.23893642149679,5.784694382689659,-0.0428355138285379,-0.1209906254484341,-0.4527473001378109,5.0,-0.2344757469854821,-0.0610269585890189,0.8854224366177342,0.1260950167799014,0.0327848666578051,0.4461527854843233,0.8470006585121155,-0.112044483423233,-0.1344348341226577
1760945214.0517633,-20.25844565485144,22.277486083740584,5.786236293133733,-0.0427197873449808,-0.1211021104236378,-0.4531010041226123,5.0,-0.2343881334147775,-0.0611486846414429,0.886477528407936,0.1261014176629225,0.0324390142718966,0.4440762709763108,0.8468740582466125,-0.1118906959891319,-0.1347112357616424
1760945214.0637639,-20.226368884101785,22.315886138280906,5.787779108909598,-0.0426943308319759,-0.1212131249034437,-0.4533377864629548,5.0,-0.2342729049313688,-0.061263747746195,0.8875282299723461,0.1261074399840321,0.0320926957495487,0.4419961690584601,0.8468740582466125,-0.1118906959891319,-0.1347112357616424
1760945214.0758364,-20.194113099884557,22.35413582702892,5.789323023120505,-0.0425501747991273,-0.1212890514551308,-0.4536618584775503,5.0,-0.2341227483970637,-0.0613712023289187,0.8885746391940326,0.1261135172340544,0.0317463848314922,0.4399121030412569,0.8466776609420776,-0.1117880269885063,-0.1349874883890152
1760945214.0879211,-20.16167911146593,22.39223438052787,5.790868210845659,-0.0424970033741187,-0.1213663569236654,-0.4538695259174049,5.0,-0.2339469403873504,-0.0614722531088111,0.889616542795869,0.1261192665980969,0.0313998018947258,0.4378246107948432,0.8466776609420776,-0.1117880269885063,-0.1349874883890152
1760945214.0999887,-20.129067757422504,22.43018105215626,5.792414843202401,-0.0423265095951353,-0.1213948167942135,-0.4541643227671791,5.0,-0.2337382071425363,-0.0615653174440686,0.890654036539832,0.1261250881943395,0.0310534765685808,0.4357333254598255,0.8465507626533508,-0.1116388663649559,-0.1352625340223312
1760945214.112046,-20.096279852005384,22.46797508369795,5.793963073012998,-0.0422473279537966,-0.1214274434236018,-0.4543436537117379,5.0,-0.2335057801686623,-0.0616517634235197,0.8916869135372845,0.1261306029879037,0.0307071185973299,0.4336387806501037,0.8465507626533508,-0.1116388663649559,-0.1352625340223312
1760945214.1240797,-20.063316238331364,22.505615739889198,5.795513048299523,-0.0420525745859644,-0.1214033373364534,-0.4546096347642144,5.0,-0.2332424506080286,-0.061729688945574,0.8927152680208246,0.1261361894835948,0.0303612867173667,0.4315406171079752,0.8464219570159912,-0.111458346247673,-0.1355353891849517
1760945214.1361382,-20.030177735419507,22.543102273752734,5.7970648983830335,-0.0419490958780038,-0.1213865416464059,-0.454761482215703,5.0,-0.2329573719533445,-0.0618006604700646,0.8937389001381325,0.1261414747028601,0.0300156794820988,0.429439362104706,0.8464219570159912,-0.111458346247673,-0.1355353891849517
1760945214.1482387,-19.996865190801277,22.58043396143168,5.798618746131445,-0.041732153867881,-0.121294569453426,-0.454999186738901,5.0,-0.2326434259672116,-0.0618620117875522,0.8947579006762618,0.1261467916570099,0.0296709311868006,0.4273346720950219,0.8462295532226562,-0.1112137958407402,-0.1358051151037216
1760945214.1605053,-19.963379428336957,22.61761006744342,5.800174694716159,-0.0416060998325328,-0.1212141716608945,-0.4551244573396966,5.0,-0.2323096577383049,-0.0619156276367812,0.895772077571507,0.1261517773661169,0.0293267252039947,0.4252270655772102,0.8462295532226562,-0.1112137958407402,-0.1358051151037216
1760945214.172766,-19.929721299546088,22.654629879372607,5.801732841051503,-0.0413689851905575,-0.1210795051610907,-0.4553345402808016,5.0,-0.2319490561353447,-0.0619598550454784,0.8967815237142109,0.1261568025697855,0.0289835949250524,0.4231161910343387,0.8461003303527832,-0.1110204085707664,-0.136070892214775
1760945214.1849084,-19.895891632575267,22.69149267302693,5.803293262885193,-0.0412220568397502,-0.120958642160025,-0.4554342261460914,5.0,-0.2315705267618647,-0.0619966409893951,0.8977860547627953,0.1261615109227362,0.0286412182778491,0.4210025577721685,0.8461003303527832,-0.1110204085707664,-0.136070892214775
1760945214.1970103,-19.86189128036354,22.728197745906144,5.804856041445931,-0.0409667610802373,-0.120939070024666,-0.4556174186452671,5.0,-0.2311671690788201,-0.0620310962477673,0.8987857839622178,0.1261665917278111,0.028299422229989,0.4188857223404233,0.8456993103027344,-0.1112880706787109,-0.1363319307565689
1760945214.2091975,-19.82772107179749,22.76474438202974,5.806421246936679,-0.0408006434521384,-0.1209234891261931,-0.4556925563231435,5.0,-0.2307477104279665,-0.0620638456472346,0.899780532229611,0.126171669612868,0.0279579331750641,0.4167661905436643,0.8456993103027344,-0.1112880706787109,-0.1363319307565689
1760945214.2214599,-19.79338186078752,22.80113188660936,5.807988950273486,-0.0405290995920119,-0.1208525039318008,-0.4558496591520427,5.0,-0.2303054023756866,-0.0620924319570879,0.9007703879569756,0.1261770926292419,0.0276172717405488,0.4146436250288675,0.8455710411071777,-0.1111110225319862,-0.1365875303745269
1760945214.2337089,-19.75887447807252,22.83735955179744,5.809559209505097,-0.0403454546871677,-0.1207891843798752,-0.4559013150370782,5.0,-0.2298487891135704,-0.0621178609090397,0.9017551806510674,0.1261824976737868,0.0272771541914538,0.4125185187467119,0.8455710411071777,-0.1111110225319862,-0.1365875303745269
1760945214.2459328,-19.72419977921727,22.873426691213123,5.811132079786455,-0.0400595609812245,-0.1206432211115907,-0.45603316726014,5.0,-0.2293712927374103,-0.0621366702365476,0.9027349930253,0.1261881657095053,0.0269382146460793,0.4103905600695066,0.8453691005706787,-0.1108422726392746,-0.1368370354175567
1760945214.2581177,-19.68935859764045,22.90933260606493,5.812707600923456,-0.039860031627522,-0.120510209873549,-0.4560624287062252,5.0,-0.2288812532958652,-0.0621503974693643,0.9037096637544542,0.126193750553877,0.0266001525036331,0.4082602268709759,0.8453691005706787,-0.1108422726392746,-0.1368370354175567
1760945214.270362,-19.654351790591974,22.945076618906917,5.814285809545988,-0.0395616469388382,-0.1203312606462293,-0.4561699068840468,5.0,-0.2283722730139248,-0.0621574310218387,0.904679278289162,0.1261995969267857,0.0262634267002459,0.4061271938539439,0.8452378511428833,-0.1106695458292961,-0.1370798349380493
1760945214.2825468,-19.61918019387827,22.980658040039422,5.815866727162748,-0.0393478491377086,-0.1201670820795161,-0.4561778811086595,5.0,-0.2278524625867388,-0.0621593900742847,0.9056436838634248,0.1262053689757896,0.0259277356487608,0.4039919247263462,0.8452378511428833,-0.1106695458292961,-0.1370798349380493
1760945214.2947135,-19.58384466642641,23.01607620085922,5.817450371056452,-0.0390387607857468,-0.1199428983483835,-0.456261924790294,5.0,-0.2273156184192419,-0.0621540526075213,0.9066029615165588,0.1262113698072794,0.025593591745793,0.4018541132828243,0.8451069593429565,-0.1104495227336883,-0.1373154073953628
1760945214.3069053,-19.548346046558468,23.05133042085386,5.819036743045232,-0.0388122683153739,-0.1197362382864181,-0.4562497549044869,5.0,-0.2267696050019853,-0.0621432263327314,0.90755696734797,0.1262172768078291,0.0252606887663961,0.3997142074738136,0.8451069593429565,-0.1104495227336883,-0.1373154073953628
1760945214.319122,-19.512685195112823,23.08642004047178,5.820625838868014,-0.0384942022148369,-0.1194509444371704,-0.4563113555066959,5.0,-0.2262084254863026,-0.0621239334340951,0.9085057774414144,0.1262233423172905,0.0249296133370254,0.3975719237932804,0.8449084162712097,-0.110165998339653,-0.1375432908535003
1760945214.331319,-19.476862953285952,23.121344388796224,5.822217637849532,-0.038256551162412,-0.1191870838817657,-0.4562802086192785,5.0,-0.2256396833408205,-0.0620982923203696,0.9094492570555116,0.1262292602230077,0.0246000497900118,0.3954276928277268,0.8449084162712097,-0.110165998339653,-0.1375432908535003
1760945214.343898,-19.44088018369349,23.156102815479212,5.823812113472957,-0.0379311711360186,-0.1188690860308055,-0.4563203993558335,5.0,-0.2250575944413574,-0.0620645110828136,0.9103874826036432,0.126235317624807,0.0242724631692779,0.3932812271574392,0.8447748422622681,-0.1099454164505004,-0.1377630829811096
1760945214.3561563,-19.404737730085703,23.19069465904779,5.825409223554366,-0.0376838546456888,-0.1185741403977604,-0.4562714585322681,5.0,-0.2244694846353724,-0.0620247312518565,0.9113203280123816,0.126241220762056,0.0239465388763351,0.3911329405812753,0.8447748422622681,-0.1099454164505004,-0.1377630829811096
1760945214.368375,-19.36843645274693,23.22511927550156,5.827008939312781,-0.037352738854103,-0.1185358148962456,-0.4562913212228094,5.0,-0.2238697581623117,-0.061990705822814,0.9122479030896572,0.1262478492401261,0.0236213156604911,0.3889823611903668,0.844358503818512,-0.1106538772583007,-0.1379744559526443
1760945214.3805428,-19.3319771920094,23.259376006661423,5.82861123214146,-0.0370971751687882,-0.1184982973618415,-0.4562257913341994,5.0,-0.2232654284407584,-0.0619618517206605,0.9131700854332112,0.1262548725238557,0.0232965872625309,0.3868298996404053,0.844358503818512,-0.1106538772583007,-0.1379744559526443
1760945214.3927193,-19.29536080625037,23.293464211146503,5.830216079635797,-0.0367618218889925,-0.1183812424800421,-0.4562264132354985,5.0,-0.2226511436927977,-0.0619338303659412,0.9140869405043192,0.1262624948964661,0.0229729120007201,0.3846753084046083,0.8442265391349792,-0.1104117035865783,-0.1381771266460418
1760945214.404873,-19.258588135619053,23.327383234945675,5.83182345425197,-0.0364993873941707,-0.118271639093112,-0.4561454585213557,5.0,-0.2220336334511971,-0.0619069543418311,0.9149983553365169,0.1262704099485811,0.0226500630535833,0.3825189772371503,0.8442265391349792,-0.1104117035865783,-0.1381771266460418
1760945214.417051,-19.221660038396944,23.361132441523036,5.83343332799752,-0.0361612461632402,-0.1180576151468304,-0.4561278958786186,5.0,-0.2214077953937772,-0.0618763100296627,0.915904389857536,0.1262787595631531,0.0223287022624635,0.3803606874772419,0.8440216779708862,-0.1100771948695182,-0.1383708417415619
1760945214.42921,-19.18457735626912,23.39471118326177,5.835045662879562,-0.0358932743417586,-0.1178585604229851,-0.4560326511843576,5.0,-0.2207800653877151,-0.0618431085548798,0.916804940606768,0.1262872638005912,0.0220085779986008,0.3782008069468654,0.8440216779708862,-0.1100771948695182,-0.1383708417415619
1760945214.4414403,-19.147340948058236,23.42811882995102,5.836660419092448,-0.0355537448605506,-0.1176102379971733,-0.4559979412300199,5.0,-0.220145587308332,-0.0618053201366342,0.9177000707833224,0.1262961543024885,0.0216900893354074,0.3760390957298309,0.8438842296600342,-0.1098883301019668,-0.1385553628206253
1760945214.4536152,-19.10995165707424,23.461354740981776,5.8382775462597065,-0.035281522378148,-0.117379123342092,-0.4558895182593672,5.0,-0.2195104880673074,-0.0617643499446261,0.9185896852560969,0.1263051672587435,0.0213729836796585,0.3738759024509002,0.8438842296600342,-0.1098883301019668,-0.1385553628206253
1760945214.465848,-19.07241034190919,23.49441829199277,5.839896996471799,-0.0349418979471565,-0.1171848589268026,-0.4558387405560763,5.0,-0.218870150478958,-0.0617220188062694,0.9194738529930594,0.1263146787474726,0.0210572540436946,0.3717109463644563,0.8434650897979736,-0.1099521368741989,-0.1387305557727813
1760945214.4780662,-19.034717846195477,23.52730884793557,5.841518715193195,-0.0346666343093285,-0.1170031960645938,-0.4557182725212866,5.0,-0.2182303802680991,-0.0616791184686894,0.920352485703452,0.1263244277261238,0.0207426779311751,0.3695445606843486,0.8434650897979736,-0.1099521368741989,-0.1387305557727813
1760945214.4902668,-18.99687502766669,23.560025788770307,5.843142652836631,-0.0343281409425411,-0.1168507545403299,-0.4556525105708566,5.0,-0.2175868058930861,-0.0616368156088977,0.9212256475508784,0.1263347567175109,0.0204292718318142,0.3673764831776986,0.843320369720459,-0.1100052371621131,-0.1388963013887405
1760945214.502437,-18.958882729861536,23.59256848381557,5.844768755672246,-0.0340509931056227,-0.1167075858440757,-0.4555211068902987,5.0,-0.2169449114577692,-0.0615955022628458,0.9220932571230488,0.126345410478765,0.0201168377513241,0.3652070306799231,0.843320369720459,-0.1100052371621131,-0.1388963013887405
1760945214.5146492,-18.920741810515512,23.624936317215106,5.846396970584477,-0.0337147781945843,-0.1164957056311919,-0.455441440458017,5.0,-0.2163005839700265,-0.0615518765182534,0.9229553650980272,0.1263565335507502,0.0198058322785322,0.3630360167718348,0.8431796431541443,-0.1097729727625846,-0.139052540063858
1760945214.5267165,-18.882453114570083,23.6571286637686,5.848027237353091,-0.0334368471038577,-0.1162977245292459,-0.4553001865673526,5.0,-0.2156589928834717,-0.0615068899154149,0.9238118982024004,0.1263678924907089,0.0194960458103774,0.3608637370045569,0.8431796431541443,-0.1097729727625846,-0.139052540063858
1760945214.538933,-18.844017500762657,23.689144913173177,5.849659492767428,-0.0331039943835366,-0.1160227833758857,-0.4552076805373516,5.0,-0.2150162825606496,-0.061457184054257,0.9246629034279612,0.126379600915876,0.0191879631758561,0.3586900243464802,0.8429602384567261,-0.1095035895705223,-0.1391992419958114
1760945214.5512779,-18.805435816328725,23.720984447000298,5.851293664160802,-0.0328263282386053,-0.1157663388905171,-0.4550576371234699,5.0,-0.2143773052798615,-0.0614042075364306,0.9255083153945848,0.1263914472632823,0.0188813630582274,0.3565151530064805,0.8429602384567261,-0.1095035895705223,-0.1391992419958114
1760945214.5634415,-18.766708921481055,23.75264666142316,5.852929674598244,-0.0324978563251174,-0.1154539379471671,-0.4549533428932439,5.0,-0.2137384581784684,-0.0613457693432185,0.9263481802200086,0.1264035667865446,0.0185766235690951,0.3543389568809645,0.8428144454956055,-0.1092849746346473,-0.1393364071846008
1760945214.575644,-18.727837665978925,23.784130945325497,5.85456743722912,-0.0322214478113571,-0.1151624213719231,-0.4547955452941222,5.0,-0.213104273010585,-0.061283510379081,0.9271824397569806,0.1264157656090075,0.0182735215937198,0.3521616901656758,0.8428144454956055,-0.1092849746346473,-0.1393364071846008
1760945214.5877843,-18.688822910566277,23.81543670074647,5.856206866522844,-0.0318982790969778,-0.1149209478066725,-0.4546805305059391,5.0,-0.2124713855877702,-0.0612199510023098,0.9280111466003552,0.1264283492514582,0.0179719344562613,0.349983133683532,0.8423821330070496,-0.1093783751130104,-0.1394641101360321
1760945214.6000352,-18.64966550597502,23.84656332203909,5.85784787203778,-0.0316240442526714,-0.1146943770754671,-0.4545160122598918,5.0,-0.211844000923025,-0.0611559429395427,0.9288342480787128,0.1264411256725294,0.0176716753296031,0.3478035267586588,0.8423821330070496,-0.1093783751130104,-0.1394641101360321
1760945214.612157,-18.610366313823487,23.87751021608946,5.85949036243542,-0.0313070402051996,-0.1144183427962613,-0.4543913165217912,5.0,-0.2112190048979754,-0.0610892422024201,0.9296517844065034,0.1264542078210595,0.0173730730322823,0.3456227269835814,0.8422330021858215,-0.1091886311769485,-0.1395824253559112
1760945214.6243043,-18.57092618684348,23.90827678312569,5.861134240220512,-0.0310358461182777,-0.1141597431288158,-0.4542210596605575,5.0,-0.2106002890753849,-0.061020979327744,0.9304637095563248,0.1264674216443492,0.0170759380901069,0.3434409538765821,0.8422330021858215,-0.1091886311769485,-0.1395824253559112
1760945214.6364367,-18.53134598845424,23.93886243592009,5.8627794032604434,-0.0307257708553294,-0.1138164432032318,-0.4540877235538796,5.0,-0.2099849861769226,-0.0609475192136421,0.9312700580646004,0.126480803681951,0.0167807543074235,0.3412581010572459,0.8420039415359497,-0.1088862121105194,-0.1396915167570114
1760945214.648714,-18.49162657439452,23.969266581922614,5.864425740803477,-0.0304584129305644,-0.1134954674176197,-0.4539126990167506,5.0,-0.2093766806039596,-0.0608705157610401,0.9320707906412642,0.1264942021296561,0.0164873183756228,0.3390743670549742,0.8420039415359497,-0.1088862121105194,-0.1396915167570114
1760945214.6609106,-18.45176881003376,23.99948864058281,5.866073137902708,-0.0301559885655352,-0.1131400653735134,-0.4537717191221032,5.0,-0.2087727415604122,-0.0607887897863725,0.93286594346454,0.1265077241662509,0.0161958716663004,0.3368896273132462,0.8418517112731934,-0.1087217330932617,-0.1397915184497833
1760945214.6729996,-18.411773553876987,24.0295280266187,5.867721471882319,-0.0298932151604334,-0.1128073947206187,-0.4535928459809179,5.0,-0.2081764457889658,-0.0607039497058495,0.9336554829124852,0.1265212318327621,0.0159062173058459,0.3347040623804767,0.8418517112731934,-0.1087217330932617,-0.1397915184497833
1760945214.6851435,-18.371641672035484,24.059384164956576,5.869370622944509,-0.0295990762938918,-0.1125507773541778,-0.4534452030615929,5.0,-0.2075853832736342,-0.0606196002654374,0.9344394509206072,0.1265350013080198,0.0156180726369649,0.3325174909899931,0.8414098620414734,-0.1088880449533462,-0.1398826241493225
1760945214.697408,-18.33137402403393,24.0890564751518,5.871020469708951,-0.0293415594361793,-0.1123088657823769,-0.4532633731536601,5.0,-0.207002522121634,-0.0605363403770029,0.9352178178355208,0.1265488930861826,0.0153312858466481,0.3303300811853452,0.8414098620414734,-0.1088880449533462,-0.1398826241493225
1760945214.7096603,-18.290971477189128,24.11854438640096,5.872670891047567,-0.0290562339384393,-0.1120198901069752,-0.4531100538595426,5.0,-0.206425680891202,-0.0604518732986431,0.9359906129012636,0.1265629612645205,0.0150461406376671,0.3281417423135678,0.8412585258483887,-0.1087057217955589,-0.1399651020765304
1760945214.7218895,-18.25043489328049,24.147847323667552,5.8743217626126905,-0.0288045731312718,-0.1117481813564398,-0.4529261398502441,5.0,-0.2058575398464907,-0.0603671172831779,0.9367578117898396,0.1265770836717469,0.0147624813518876,0.3259526239872943,0.8412585258483887,-0.1087057217955589,-0.1399651020765304
1760945214.7342017,-18.2097651412952,24.17696472122035,5.875972959165036,-0.0285285656494367,-0.1114414291678708,-0.4527680550772457,5.0,-0.2052961390190599,-0.0602804825211697,0.9375194422734596,0.1265913196205802,0.0144805279653123,0.3237626406270919,0.8410939574241638,-0.1085527092218399,-0.1400391608476638
1760945214.7462907,-18.1689630855693,24.205896009976826,5.877624351775083,-0.0282833233103516,-0.1111532102964078,-0.45258285221801,5.0,-0.2047438767399448,-0.0601930232119748,0.9382754848121904,0.1266055617633663,0.0142001264903447,0.321571924674232,0.8410939574241638,-0.1085527092218399,-0.1400391608476638
1760945214.7584999,-18.128029597402,24.234640629999348,5.879275808158183,-0.0280170590573236,-0.1108035641956996,-0.4524208786554439,5.0,-0.2041990089464756,-0.0601020720766682,0.9390259630559618,0.1266198127919651,0.013921613487805,0.3193804195520561,0.8408530354499817,-0.1083170026540756,-0.1401050686836242
1760945214.7710383,-18.08696554437807,24.26319801912942,5.880927190825005,-0.0277787321233594,-0.1104755706296765,-0.4522351446978155,5.0,-0.2036636621600773,-0.0600090188529082,0.9397708622088752,0.1266339830995217,0.013644827755642,0.3171882399192261,0.8408530354499817,-0.1083170026540756,-0.1401050686836242
1760945214.7832694,-18.045771800453306,24.29156762400985,5.882578358121213,-0.0275225700113808,-0.1101014227886703,-0.4520701284314523,5.0,-0.2031362975494746,-0.0599120329714671,0.9405102049684728,0.1266480867924718,0.0133700276474858,0.3149953314299643,0.8406943082809448,-0.1081188172101974,-0.1401631087064743
1760945214.7954912,-18.004449236629444,24.3197488898864,5.884229162996609,-0.0272915970778613,-0.1097504714297264,-0.4518845854401579,5.0,-0.2026187769081508,-0.0598126246169157,0.941243980722182,0.1266620488896336,0.0130970516595789,0.3128017924551693,0.8406943082809448,-0.1081188172101974,-0.1401631087064743
1760945214.8077352,-17.962998728069177,24.347741268754035,5.885879463309453,-0.0270458041652159,-0.1095108263449575,-0.451717375093871,5.0,-0.2021097417260174,-0.0597158938445003,0.9419722201331572,0.126676117055151,0.0128254111349813,0.3106074801006236,0.8402396440505981,-0.1083896607160568,-0.1402136236429214
1760945214.8199098,-17.921421147008036,24.375544210155574,5.887529119170367,-0.0268225459427863,-0.1092837085317205,-0.4515327369713008,5.0,-0.2016107889889133,-0.0596220522462838,0.9426949146615392,0.1266902097385819,0.0125550006447619,0.3084124844854331,0.8402396440505981,-0.1083896607160568,-0.1402136236429214
1760945214.8321276,-17.879717370393813,24.403157169946784,5.889177992466823,-0.0265873531149559,-0.1090138180525196,-0.451364118104891,5.0,-0.2011207527424706,-0.0595288045509777,0.9434120824901636,0.1267043198998707,0.0122860501538551,0.3062167710983531,0.8400775790214539,-0.1082258746027946,-0.1402569115161895
1760945214.8441882,-17.837888273150124,24.430579602745844,5.890825945195967,-0.0263721361656845,-0.1087590906077344,-0.4511810181840656,5.0,-0.2006409910482255,-0.0594367343728432,0.944123718732688,0.1267183816575854,0.0120184483665106,0.3040204144055197,0.8400775790214539,-0.1082258746027946,-0.1402569115161895
1760945214.856378,-17.79593473508324,24.45781096987962,5.89247283644182,-0.0261477105359976,-0.1084216483633026,-0.4510117279334126,5.0,-0.2001705232922233,-0.0593420227748968,0.9448298376071425,0.1267323159077831,0.0117526084059621,0.3018234157045591,0.839831531047821,-0.1079350858926773,-0.1402933150529861
1760945214.8686135,-17.753857634914045,24.48485073295353,5.894118522002565,-0.0259408058819334,-0.108104639403558,-0.4508307556715801,5.0,-0.199710481197692,-0.0592458876566896,0.9455304379452308,0.1267460763528347,0.0114884002604868,0.299625832844427,0.839831531047821,-0.1079350858926773,-0.1402933150529861
1760945214.880751,-17.711657855476673,24.511698359931344,5.895762855051644,-0.0257272711329138,-0.1077638834444347,-0.4506614811015977,5.0,-0.1992600529865035,-0.059147421804911,0.9462255359869406,0.1267596627325543,0.0112259537942289,0.2974276397908674,0.8396650552749634,-0.1078074648976326,-0.1403231620788574
1760945214.892903,-17.669336279054228,24.538353319623308,5.8974056860702495,-0.0255289022776516,-0.1074435748709004,-0.4504831798999552,5.0,-0.1988201489598875,-0.0590478037705146,0.9469151332620244,0.1267730391669344,0.0109651443661551,0.2952288816304583,0.8396650552749634,-0.1078074648976326,-0.1403231620788574
1760945214.9051557,-17.626893791718665,24.564815086807705,5.899046862409851,-0.0253263089230673,-0.1070882331577938,-0.4503145925645476,5.0,-0.1983901167116725,-0.0589456061360877,0.947599243821447,0.1267861780672161,0.0107061505382073,0.2930295488526426,0.8394955992698669,-0.1076458245515823,-0.1403468251228332
1760945214.9173026,-17.584331280773565,24.591083139149667,5.900686225706824,-0.0251311443096308,-0.106701688485534,-0.4501462623398613,5.0,-0.197970220530541,-0.0588397697614853,0.9482778754207226,0.126799003594232,0.0104491098726693,0.2908296748578783,0.8393255472183228,-0.1074878424406051,-0.1403564512729644
1760945214.9292767,-17.541649634611517,24.617156957548996,5.902323614142813,-0.0249471163286581,-0.10633874043246,-0.449972187427305,5.0,-0.1975609468989918,-0.0587317726484203,0.9489510324686228,0.1268115029426094,0.0101938913203479,0.2886292869372759,0.8393255472183228,-0.1074878424406051,-0.1403564512729644
1760945214.9413245,-17.498849744825026,24.64303602844174,5.903958862134173,-0.0247616433020159,-0.1059536717003118,-0.4498049605487397,5.0,-0.1971618679614887,-0.0586208884952979,0.9496187273076436,0.1268236557899666,0.0099406068191157,0.2864283809519349,0.8391540050506592,-0.107356496155262,-0.1403715014457702
1760945214.9533927,-17.455932503724444,24.668719840804417,5.905591801377476,-0.0245855764867752,-0.1055917478861846,-0.4496347618098109,5.0,-0.1967733897317109,-0.0585084810233413,0.9502809672327038,0.1268354561058332,0.0096891318317455,0.2842269711235182,0.8391540050506592,-0.107356496155262,-0.1403715014457702
1760945214.9654667,-17.412898804655033,24.694207886679227,5.907222271136943,-0.024410348287031,-0.1053821308392508,-0.4494699951341552,5.0,-0.1963951887547578,-0.0584013744676866,0.9509377718632024,0.1268471210182805,0.0094387457450523,0.282024949272191,0.8386918306350708,-0.1077505573630333,-0.140381321310997
1760945214.9774687,-17.369749541413974,24.71949965900451,5.908850117273575,-0.0242428285548593,-0.1051819729579874,-0.4493044543020588,5.0,-0.1960274773279386,-0.0582993061470205,0.9515891487562752,0.1268586305619106,0.0091893921844208,0.2798223273660365,0.8386918306350708,-0.1077505573630333,-0.140381321310997
1760945214.9895723,-17.326485609660107,24.74459465344337,5.9104751904456645,-0.0240781460571021,-0.1049600070165902,-0.4491427737329764,5.0,-0.1956700610502595,-0.0582006700948362,0.9522351074396278,0.1268699436683037,0.0089411735239476,0.2776191149201663,0.838516116142273,-0.1076578199863433,-0.1403862833976745
1760945215.0015583,-17.283107906113617,24.7694923675799,5.912097345892152,-0.0239194724882377,-0.1047490488780384,-0.4489822007165325,5.0,-0.1953229950991276,-0.0581055023929953,0.9528756570680672,0.1268810502940917,0.0086940300197803,0.2754153138178458,0.838516116142273,-0.1076578199863433,-0.1403862833976745
1760945215.0136323,-17.239617329375125,24.794192301936235,5.9137164410894805,-0.0237653582781318,-0.1045072407753868,-0.4488239718223439,5.0,-0.1949862064039144,-0.0580120037327503,0.9535108057456484,0.1268918893488158,0.0084481040873568,0.273210946488425,0.8383370637893677,-0.1075339317321777,-0.1403867751359939
1760945215.025652,-17.196014779641118,24.81869395993134,5.9153323362195565,-0.0236155972993094,-0.104278362267382,-0.4486685552801036,5.0,-0.1946596060001224,-0.0579205144960102,0.9541405639725408,0.1269024611337277,0.0082033303881153,0.2710060053041413,0.8383370637893677,-0.1075339317321777,-0.1403867751359939
1760945215.0377913,-17.152301157269886,24.842996846141848,5.916944902127825,-0.0234719242746159,-0.1041867614195832,-0.4485140663092359,5.0,-0.194343218137029,-0.0578367717022008,0.9547649454129185,0.1269129258577883,0.0079590469067761,0.2688004126358779,0.8380641341209412,-0.1079103872179985,-0.1403831243515014
1760945215.0498047,-17.108477364095076,24.867100466869125,5.91855401922835,-0.0233310166988741,-0.104096808961719,-0.4483639681912645,5.0,-0.1940368085966849,-0.0577598591286445,0.9553839601498167,0.1269232741332545,0.0077152446974526,0.2665941600467015,0.8380641341209412,-0.1079103872179985,-0.1403831243515014
1760945215.061839,-17.064544303265343,24.891004329928823,5.920159573296812,-0.0231975319558903,-0.1039627878721444,-0.4482135369180617,5.0,-0.193740507366122,-0.0576869844560603,0.9559976131489282,0.1269334135066261,0.0074721241550949,0.2643872908248788,0.8378866910934448,-0.10777198523283,-0.1403757184743881
1760945215.0758567,-17.02050288004606,24.91470794630109,5.921761455542796,-0.023065345161671,-0.1038345129967518,-0.4480689402706506,5.0,-0.1934539621621025,-0.0576178728251015,0.9566059156782836,0.126943347304265,0.0072296601112429,0.2621797869386139,0.8378866910934448,-0.10777198523283,-0.1403757184743881
1760945215.0880888,-16.97635400143087,24.938210829445577,5.923359556944655,-0.0229417861329,-0.1036329530812949,-0.4479228579002474,5.0,-0.1931773996963885,-0.0575488437985926,0.9572088712124632,0.1269529404107508,0.0069881909830105,0.2599717157307907,0.8376190662384033,-0.107535034418106,-0.1403648853302002
1760945215.100145,-16.932098577104533,24.961512497478296,5.924953769561286,-0.0228181747221872,-0.1034427646594517,-0.4477839214408088,5.0,-0.1929103599483508,-0.0574803645629634,0.9578064922190382,0.1269622104911018,0.0067476675980122,0.2577630492375921,0.8376190662384033,-0.107535034418106,-0.1403648853302002
1760945215.1122751,-16.8877375161472,24.98461246870855,5.926543997157526,-0.0227042651241195,-0.1034393707755153,-0.4476424521405807,5.0,-0.1926531331329241,-0.0574205300316194,0.9583987901039128,0.1269713545975369,0.0065071819998547,0.2555536945955657,0.8374118208885193,-0.1080649495124816,-0.1403509378433227
1760945215.1242948,-16.843271729951965,25.007510264158057,5.928130154200163,-0.0225890528072152,-0.1034322191798377,-0.4475093149462578,5.0,-0.1924051432285375,-0.0573680720938904,0.9589857760877412,0.1269803745176891,0.0062667589445566,0.2533436272754283,0.8374118208885193,-0.1080649495124816,-0.1403509378433227
1760945215.1363819,-16.79870213141223,25.03020540627337,5.929712156964747,-0.0224844645197305,-0.103315092493029,-0.4473727220599025,5.0,-0.1921667655475037,-0.0573172582321264,0.9595674507865009,0.126989080810408,0.0060269100109468,0.2511329470653816,0.8371578454971313,-0.1077432781457901,-0.1403342336416244
1760945215.148404,-16.754029636479054,25.052697422474235,5.931289924587825,-0.0223774524737494,-0.1032038487324893,-0.4472455027663737,5.0,-0.1919373439151391,-0.0572681170331893,0.9601438266886548,0.1269974940077775,0.0057876165759166,0.2489216183495946,0.8371578454971313,-0.1077432781457901,-0.1403342336416244
1760945215.1604767,-16.709255162273482,25.07498584220793,5.93286337569291,-0.0222818842703082,-0.1030590103117562,-0.4471139793804104,5.0,-0.1917173205942208,-0.0572189743789904,0.9607149067463432,0.1270055193211955,0.0055490233161414,0.2467096965211448,0.836982786655426,-0.1076256707310676,-0.1403150558471679
1760945215.1724815,-16.664379629248973,25.097070200680687,5.934432429991839,-0.0221828734352312,-0.1029223706645354,-0.4469927448154616,5.0,-0.1915059600958289,-0.0571701679637139,0.9612807038149216,0.1270131852236401,0.0053111023045974,0.244497139952074,0.836982786655426,-0.1076256707310676,-0.1403150558471679
1760945215.1845272,-16.619403959040497,25.118950035396963,5.9359970049597095,-0.0220959852654656,-0.1027512845885526,-0.4468664763093362,5.0,-0.1913037611033798,-0.0571201576968347,0.9618412205618404,0.1270203935773398,0.0050740016027823,0.2422840080387099,0.8367992639541626,-0.107499361038208,-0.1402937322854995
1760945215.1965122,-16.574329076810905,25.14062489025818,5.937557017896127,-0.0220047466947269,-0.1025904276341231,-0.4467512889330824,5.0,-0.1911099181232068,-0.0570695218564884,0.9623964700571418,0.1270271797923849,0.0048376851543457,0.2400702539214168,0.8367992639541626,-0.107499361038208,-0.1402937322854995
1760945215.2086308,-16.529155907482377,25.16209430980331,5.939112392112248,-0.0219261965367062,-0.1025497008707189,-0.4466304272608232,5.0,-0.1909249651695948,-0.0570236008587875,0.9629464581188852,0.1270336294089596,0.0046015569000796,0.2378558417814802,0.8365229964256287,-0.1078322902321815,-0.1402705460786819
1760945215.2206476,-16.48388537922829,25.18335784362144,5.9406630574081865,-0.0218424836806701,-0.1025091212591503,-0.4465213206220192,5.0,-0.1907480261130119,-0.0569817906617749,0.9634911966975788,0.127039768058594,0.0043656300726254,0.2356407275747448,0.8365229964256287,-0.1078322902321815,-0.1402705460786819
1760945215.23273,-16.438518420924048,25.204415042245,5.94220894610205,-0.021771901900048,-0.1024377173468536,-0.4464059945007768,5.0,-0.1905796794636883,-0.0569422401617714,0.9640306872957524,0.1270454972158497,0.0041300341482897,0.23342497382926,0.836332380771637,-0.1077383905649185,-0.1402457952499389
1760945215.2447133,-16.39305596495807,25.22526546217539,5.943749994244939,-0.0216954514685897,-0.1023693256973935,-0.4463029718042843,5.0,-0.1904190016615962,-0.0569047772829633,0.9645649418993896,0.1270508495764925,0.0038947699640467,0.2312085319521007,0.836332380771637,-0.1077383905649185,-0.1402457952499389
1760945215.2568889,-16.347498944822245,25.245908661779005,5.945286135918276,-0.0216324635536235,-0.102237360850037,-0.4461932729444204,5.0,-0.1902666093686892,-0.0568663757190813,0.9650939613770037,0.1270556880836275,0.003660124823441,0.2289914874520788,0.8360496759414673,-0.1075385212898254,-0.1402197629213333
1760945215.268967,-16.301848297766696,25.26634420649212,5.946817305389766,-0.0215630028954471,-0.1021132995378421,-0.4460963102723906,5.0,-0.1901215415490195,-0.0568274794817612,0.9656177578573129,0.1270600546010219,0.0034260770628152,0.2267737864731303,0.8360496759414673,-0.1075385212898254,-0.1402197629213333
1760945215.2810864,-16.256104960502807,25.286571661875293,5.948343444228898,-0.0215072344425487,-0.1021289215325267,-0.4459922951441754,5.0,-0.189984427409221,-0.0567942733739827,0.9661363354039364,0.1270640432604839,0.0031919332390701,0.2245553871202999,0.8358571529388428,-0.107936643064022,-0.1401927024126052
1760945215.293075,-16.210269873153862,25.306590598921545,5.949864501615252,-0.0214444729357854,-0.1021410701589752,-0.4459013461282945,5.0,-0.1898542625864439,-0.0567658740636366,0.9666497046941894,0.1270676838557082,0.0029577266673408,0.2223362408316361,0.8358571529388428,-0.107936643064022,-0.1401927024126052
1760945215.305168,-16.164343975705663,25.32640058821713,5.951380435053818,-0.021395512284886,-0.1022042021132946,-0.4458030685397658,5.0,-0.1897316933052803,-0.0567439238756399,0.9671578673183544,0.1270709666314366,0.002723191517539,0.2201163632071082,0.8353706002235413,-0.1080985441803932,-0.1401648968458175
1760945215.317186,-16.118328211576138,25.346001205725575,5.952891210434602,-0.0213391370802224,-0.102260839370622,-0.4457180757015582,5.0,-0.1896156908915544,-0.0567273106639199,0.9676608331820772,0.1270739196232227,0.002488376243966,0.2178957063841024,0.8353706002235413,-0.1080985441803932,-0.1401648968458175
1760945215.3292632,-16.072223523949358,25.365392026686003,5.9543968032598,-0.0212965907646511,-0.1023789363943551,-0.4456255354296662,5.0,-0.1895069135471793,-0.0567180682483137,0.968158603389678,0.1270765425818803,0.0022529641844556,0.2156742802477087,0.8351772427558899,-0.1083001941442489,-0.140136569738388
1760945215.3412864,-16.026030859443996,25.384572631587485,5.955897198354154,-0.0212462909188436,-0.1024870217122291,-0.4455463962314327,5.0,-0.1894043165186357,-0.0567148145390506,0.9686511869709212,0.1270788609339251,0.0020170210479535,0.2134520384293709,0.8351772427558899,-0.1083001941442489,-0.140136569738388
1760945215.3533344,-15.979751165288825,25.40354260122036,5.95739238484442,-0.0212097696583036,-0.1025566877617453,-0.4454595463628073,5.0,-0.1893085743175707,-0.0567151355604713,0.9691385836322708,0.127080766056204,0.0017807136902827,0.2112290549913952,0.8349823355674744,-0.1082111969590187,-0.1401079297065735
1760945215.365334,-15.933385392366407,25.42230152278202,5.958882356851083,-0.0211652342673253,-0.1026208303557295,-0.4453861220100332,5.0,-0.1892186403938158,-0.0567183210040332,0.9696208021790236,0.1270822901834534,0.0015440865666216,0.2090052805555649,0.8349823355674744,-0.1082111969590187,-0.1401079297065735
1760945215.377499,-15.886934491448155,25.44084898331105,5.960367115908796,-0.0211343509147368,-0.1027595411973733,-0.4453048858539388,5.0,-0.1891351888402377,-0.0567272884936877,0.9700978431199184,0.1270834445776408,0.0013067596333885,0.2067807178332266,0.8344897031784058,-0.108450062572956,-0.1400791704654693
1760945215.38957,-15.840399416844011,25.459184575723743,5.961846670949163,-0.0210952598070025,-0.1028878217130563,-0.4452370249600547,5.0,-0.1890571686910219,-0.0567408373052093,0.9705697142213556,0.1270842567316782,0.0010688009185064,0.2045553206148151,0.8344897031784058,-0.108450062572956,-0.1400791704654693
1760945215.4016654,-15.793781123521882,25.47730789355096,5.963321034236324,-0.0210696442892626,-0.1029895860492563,-0.4451612866749266,5.0,-0.188985260515775,-0.0567572507261637,0.9710364149932929,0.1270846329165792,0.0008303208101879,0.2023291560818268,0.8342916965484619,-0.108398288488388,-0.1400504410266876
1760945215.4136643,-15.747080570108178,25.495218537076838,5.964790222094416,-0.0210356877092216,-0.1030843543173156,-0.4450988034542312,5.0,-0.1889184221601752,-0.0567758436342919,0.9714979528271216,0.1270846054340287,0.0005913708774894,0.2001021763871499,0.8342916965484619,-0.108398288488388,-0.1400504410266876
1760945215.425752,-15.700298716440107,25.51291610856674,5.966254248365452,-0.0210149500486403,-0.1031051440277495,-0.4450284556864942,5.0,-0.1888573367459036,-0.0567931266983913,0.9719543273804668,0.1270840352276655,0.0003522928250182,0.1978744788152405,0.8340015411376953,-0.108194813132286,-0.1400219351053238
1760945215.437771,-15.653436526130932,25.53040021824571,5.9677131262621534,-0.0209858093549038,-0.1031254313892947,-0.4449711809593571,5.0,-0.1888009777762484,-0.056809223541894,0.9724055459202956,0.1270829624721708,0.000113106771469,0.1956460122762723,0.8340015411376953,-0.108194813132286,-0.1400219351053238
1760945215.4498808,-15.606494963103312,25.547670477700237,5.969166870669022,-0.0209695970191046,-0.1032065036686271,-0.4449060872685407,5.0,-0.1887500141954863,-0.0568269592903038,0.97285160839702,0.1270813837064406,-0.0001264994687502,0.1934167881867342,0.8338044285774231,-0.1083791628479957,-0.1399937719106674
1760945215.4619093,-15.559474994839803,25.56472650568524,5.970615499135877,-0.0209449671853331,-0.1032823162292992,-0.4448538336361045,5.0,-0.1887034286622007,-0.0568458819845517,0.9732925210752594,0.1270793339667431,-0.0003664832140141,0.1911867594463297,0.8338044285774231,-0.1083791628479957,-0.1399937719106674
1760945215.4739783,-15.512377589826732,25.581567922976475,5.9720590276092045,-0.020932899242278,-0.103317830333983,-0.444793883619764,5.0,-0.1886618807011918,-0.0568641004524732,0.9737282837965304,0.1270767129015184,-0.0006066644755616,0.1889560010452772,0.833608090877533,-0.1082723289728164,-0.1399661302566528
1760945215.4859853,-15.465203720110685,25.598194358179335,5.973497472056321,-0.0209124661081099,-0.1033517386894072,-0.44474648307258,5.0,-0.1886243753263772,-0.0568816167964845,0.9741589024594416,0.1270735594252295,-0.0008470184748161,0.1867244649576546,0.833608090877533,-0.1082723289728164,-0.1399661302566528
1760945215.4980295,-15.41795435828919,25.61460544168407,5.974930848880308,-0.0209042023769829,-0.1034160169412496,-0.4446915322379067,5.0,-0.1885915530776218,-0.0568998667436262,0.9745843767351252,0.1270698423430162,-0.0010877082923101,0.1844921805426983,0.8333181142807007,-0.1083682030439376,-0.1399391144514084
1760945215.5100791,-15.370630480356574,25.63080081130266,5.976359176100506,-0.020887670230835,-0.1034764082073542,-0.4446487911264071,5.0,-0.1885624395336178,-0.05691857419053,0.975004711724019,0.1270655977614881,-0.0013286986262922,0.1822591027670184,0.8333181142807007,-0.1083682030439376,-0.1399391144514084
1760945215.5221674,-15.323233063378549,25.64678010732313,5.977782469187601,-0.0208828537504975,-0.1034949104215921,-0.4445987061303602,5.0,-0.1885376586850565,-0.0569358708500884,0.975419907484468,0.1270607298169402,-0.0015697997027404,0.1800253058607919,0.8331210613250732,-0.1082529351115226,-0.139912873506546
1760945215.5341995,-15.275763087775657,25.662542978028966,5.979200742812704,-0.02086992182907,-0.1035131011355107,-0.4445604414008446,5.0,-0.1885162663987385,-0.0569519068246867,0.975829968745537,0.1270552777483327,-0.0018109939764117,0.1777907444025022,0.8331210613250732,-0.1082529351115226,-0.139912873506546
1760945215.5463092,-15.228221535341726,25.67808907520014,5.980614005261428,-0.020868222778273,-0.1034604814393973,-0.4445150689758418,5.0,-0.1884988683836959,-0.0569637660102571,0.9762348962338316,0.1270491237147631,-0.0020519494597685,0.1755555098595462,0.83282470703125,-0.1080411747097969,-0.1398875117301941
1760945215.558312,-15.180609391166064,25.693418059347252,5.982022260947382,-0.0208586073792344,-0.103412840463221,-0.4444810838222464,5.0,-0.1884845547436,-0.0569721788453025,0.9766346944411328,0.1270423115165499,-0.0022926748385863,0.1733195555628144,0.83282470703125,-0.1080411747097969,-0.1398875117301941
1760945215.5703847,-15.132927640618844,25.70852959326949,5.983425514746384,-0.0208596939065142,-0.1034495265595989,-0.4444402779674907,5.0,-0.1884738944794726,-0.0569812860455125,0.9770293624845834,0.1270348625556391,-0.0025335941512514,0.1710828730151421,0.832625150680542,-0.1082815825939178,-0.1398631483316421
1760945215.5823383,-15.085177272065035,25.72342334707704,5.984823773119907,-0.0208531036789646,-0.1034839144275326,-0.4444103901558857,5.0,-0.1884660041982093,-0.0569908917289206,0.977418903799298,0.1270268121569308,-0.0027746815906617,0.1688454222983172,0.832625150680542,-0.1082815825939178,-0.1398631483316421
1760945215.5944088,-15.037359274928916,25.73809899373973,5.98621704024029,-0.0208566494672477,-0.1034785922327366,-0.4443740027474123,5.0,-0.1884614270265394,-0.0569992191085024,0.9778033187965032,0.1270180769199049,-0.0030157547000904,0.1666072720792879,0.8324247002601624,-0.1081684604287147,-0.1398398876190185
1760945215.6064413,-14.989474641552484,25.752556214020423,5.987605319629893,-0.0208528033806999,-0.1034742596296813,-0.4443480200669619,5.0,-0.1884593201406903,-0.0570064637819045,0.9781826105442036,0.1270086940787217,-0.0032568041997679,0.1643683828592012,0.8324247002601624,-0.1081684604287147,-0.1398398876190185
1760945215.6184645,-14.941524364780731,25.766794691052457,5.988988615863418,-0.0208584805421272,-0.1035158382214059,-0.4443159079120538,5.0,-0.1884601888149364,-0.0570147902801404,0.9785567781603736,0.1269986548429146,-0.0034980650705014,0.1621287671119546,0.8321282267570496,-0.1083039492368698,-0.1398178488016128
1760945215.6304972,-14.893509440175274,25.78081411501214,5.990366935476271,-0.0208570936991173,-0.1035546821355419,-0.4442936496745779,5.0,-0.1884632279119072,-0.0570239373825215,0.9789258239376444,0.1269879913072679,-0.003739510773338,0.1598883902943717,0.8321282267570496,-0.1083039492368698,-0.1398178488016128
1760945215.6425617,-14.84543086438277,25.794614179168533,5.991740283115555,-0.0208646000173029,-0.1035528630115457,-0.4442656472527111,5.0,-0.1884689121655823,-0.0570320457280509,0.979289748419078,0.1269766270110918,-0.003980951906222,0.1576473179477068,0.8319260478019714,-0.1081891059875488,-0.139797106385231
1760945215.6545196,-14.7972896366799,25.80819458432884,5.993108662977057,-0.0208654063489601,-0.1035517448188523,-0.4442469103070929,5.0,-0.188476483740295,-0.0570392709506037,0.9796485535698478,0.1269645955669745,-0.0042223793443994,0.1554055162267144,0.8319260478019714,-0.1081891059875488,-0.139797106385231
1760945215.6666486,-14.749086757737407,25.821555035533727,5.99447207324272,-0.0208744441598241,-0.1034758137308902,-0.4442228474483546,5.0,-0.1884863855532238,-0.0570424747463099,0.9800022410533996,0.1269517985822016,-0.004463435237127,0.1531630703300978,0.8316248059272766,-0.1079624369740486,-0.1397777497768402
1760945215.6787083,-14.700823230751858,25.83469524608613,5.995830508307747,-0.0208771827808355,-0.1034061468924166,-0.4442074321534811,5.0,-0.1884979104757099,-0.0570424320803982,0.9803508126638972,0.126938272853272,-0.0047041383769536,0.1509199459196654,0.8316248059272766,-0.1079624369740486,-0.1397777497768402
1760945215.6908288,-14.652500059180005,25.847614932161264,5.997183964106536,-0.0208874729252304,-0.1034317264643892,-0.4441871307740568,5.0,-0.1885114519263966,-0.057043735517339,0.9806942662019038,0.1269240540149527,-0.0049449629127351,0.1486761180987401,0.8314203023910522,-0.1082320734858512,-0.1397598385810852
1760945215.7029095,-14.604118248740802,25.860313816565025,5.998532438778272,-0.0208918861243471,-0.1034553804533198,-0.4441748391262227,5.0,-0.1885263431598141,-0.0570461316096914,0.981032602567853,0.1269091694272878,-0.0051858887539186,0.1464315607102952,0.8314203023910522,-0.1082320734858512,-0.1397598385810852
1760945215.7150035,-14.555678804040792,25.87279162139377,5.999875950265506,-0.0209009641441366,-0.10378444631351,-0.4441608121883638,5.0,-0.1885427380483619,-0.0570628499527669,0.9813658132643194,0.1268938194368048,-0.0054284168421843,0.144186100007553,0.8370097279548645,-0.1091552972793579,-0.1397472470998764
1760945215.7270215,-14.507182733016196,25.88504807395002,6.00121451476212,-0.0209122775598245,-0.1037957624164203,-0.4441456969102082,5.0,-0.1885606185471787,-0.0570782175028402,0.9816939050079784,0.1268777603689486,-0.0056709903198299,0.1419399544269992,0.830811619758606,-0.1082752645015716,-0.1397358477115631
1760945215.7390459,-14.458631045620654,25.89708290823818,6.002548147309429,-0.0209184821831551,-0.1038072272362653,-0.4441377078388646,5.0,-0.1885794469620326,-0.0570924055248744,0.9820168782429312,0.1268610174803607,-0.0059135999893598,0.1396931008497613,0.830811619758606,-0.1082752645015716,-0.1397358477115631
1760945215.7511256,-14.410024752990624,25.908895862678097,6.003876859133789,-0.0209305118381191,-0.1037834242602505,-0.4441260961480511,5.0,-0.1885995181905383,-0.0571040383713533,0.9823347338042484,0.1268435374192446,-0.006156077776425,0.1374455909919253,0.830608606338501,-0.1081690639257431,-0.1397218406200409
1760945215.76332,-14.36136486827664,25.920486683055447,6.005200659081696,-0.0209379047508511,-0.1037623129229745,-0.4441208084984861,5.0,-0.1886203035020539,-0.0571135546811307,0.9826474718052364,0.1268253453461713,-0.0063984282227415,0.1351974040019996,0.830608606338501,-0.1081690639257431,-0.1397218406200409
1760945215.775472,-14.312652403588295,25.93185511551632,6.006519572915617,-0.0209487371093295,-0.1040619765197929,-0.4441143297428161,5.0,-0.1886418998665167,-0.0571352567968146,0.9829550812249686,0.1268066413545245,-0.0066422286539988,0.1329483538856661,0.8361912965774536,-0.1091263368725776,-0.1397122889757156
1760945215.7876492,-14.263888373840048,25.943000911208834,6.007833626067736,-0.0209610675659818,-0.1041098964936441,-0.4441072046369149,5.0,-0.1886642701073462,-0.0571566243944332,0.9832575682915452,0.1267872474222623,-0.0068862430171028,0.1306986149337186,0.8299904465675354,-0.1084366962313652,-0.1397038698196411
1760945215.7997313,-14.215073795665386,25.95392382742537,6.009142843811691,-0.0209695275314334,-0.1041554613918749,-0.4441053973072376,5.0,-0.1886870020548706,-0.0571775946945929,0.9835549324008056,0.1267671806854639,-0.0071304521723098,0.1284481743853301,0.8299904465675354,-0.1084366962313652,-0.1397038698196411
1760945215.8118196,-14.166209686904716,25.964623626107414,6.010447248593055,-0.0209819714238694,-0.1041645958744195,-0.4441011792174616,5.0,-0.1887102845689656,-0.0571966397589253,0.9838471741567963,0.1267463976512899,-0.0073746797899706,0.1261970787463115,0.8297842144966125,-0.1083337739109993,-0.139693945646286
1760945215.8238251,-14.117297067079674,25.97510007598015,6.011746860989696,-0.020991038931091,-0.1041743033690537,-0.4441014907298971,5.0,-0.1887337285331226,-0.0572140284024173,0.9841342927520792,0.1267249154216145,-0.007618922241888,0.1239453172355515,0.8297842144966125,-0.1083337739109993,-0.139693945646286
1760945215.8358696,-14.068336957199008,25.98535295159043,6.013041694592515,-0.021003334623395,-0.1041039638491679,-0.4440998556286032,5.0,-0.1887574867777607,-0.0572264835945662,0.9844162907198858,0.1267026684627279,-0.0078627876193389,0.1216929617544846,0.8294743895530701,-0.1080918833613395,-0.1396856755018234
1760945215.8478963,-14.019330379794631,25.995382034942125,6.014331757766256,-0.0210127577796384,-0.1040400735292975,-0.4441020181263441,5.0,-0.1887812308759804,-0.0572349100984264,0.9846931672582806,0.1266796758953997,-0.0081063018954283,0.1194400014211009,0.8294743895530701,-0.1080918833613395,-0.1396856755018234
1760945215.859922,-13.970278357981863,26.005187112824338,6.015617057767206,-0.0210246662848921,-0.104038963153164,-0.4441027424608107,5.0,-0.1888050615989477,-0.0572425722260555,0.9849649192717386,0.1266559637600653,-0.00834977502269,0.1171864151900598,0.8292670249938965,-0.1082635670900344,-0.1396790593862533
1760945215.8719037,-13.92118191622096,26.01476797813444,6.016897601292134,-0.0210342190595846,-0.1040384833700711,-0.4441065633974165,5.0,-0.1888286991574974,-0.0572496003110936,0.985231545574532,0.1266315442742164,-0.0085932054424646,0.1149321992296746,0.8292670249938965,-0.1082635670900344,-0.1396790593862533
1760945215.8842523,-13.87204208017712,26.024124429225303,6.018173391393137,-0.0210455145490494,-0.1039910086244715,-0.4441094898839429,5.0,-0.1888522021226276,-0.0572540328960379,0.9854930473794432,0.1266063819506193,-0.0088363619021947,0.112677399350915,0.8290583491325378,-0.108120672404766,-0.1396741271018982
1760945215.8964431,-13.82285987671367,26.033256270891474,6.019444428489313,-0.0210549974418498,-0.1039476342360585,-0.444114814168291,5.0,-0.1888753488173988,-0.0572563820782687,0.9857494235014258,0.126580488796351,-0.009079260546562,0.1104220129802537,0.8290583491325378,-0.108120672404766,-0.1396741271018982
1760945215.908579,-13.77363633332282,26.042163312731088,6.020710713328098,-0.021065487985637,-0.1039504810457503,-0.4441197991978326,5.0,-0.1888981459812345,-0.0572589426225257,0.98600067092891,0.1265538859621048,-0.0093221284754571,0.1081660242234928,0.8287404179573059,-0.1082486882805824,-0.1396708935499191
1760945215.9205399,-13.724372478559296,26.05084536980844,6.021972247135368,-0.0210747226610608,-0.1039533066670461,-0.4441264817419418,5.0,-0.1889204235593226,-0.0572616964601917,0.9862467882626714,0.1265265797907434,-0.0095649625104853,0.1059094365021127,0.8287404179573059,-0.1082486882805824,-0.1396708935499191
1760945215.932625,-13.675069342111168,26.05930226272537,6.023229028805893,-0.0210842586604261,-0.1039128105630293,-0.4441333530386565,5.0,-0.1889421474932559,-0.0572627370997239,0.9864877764399222,0.1264985459720152,-0.0098075477519948,0.1036522880050227,0.8285276293754578,-0.1081184744834899,-0.1396693289279937
1760945215.944614,-13.625727954591367,26.06753381790596,6.024481055519769,-0.02109309618566,-0.1038756369455516,-0.4441412186485517,5.0,-0.1889632063095128,-0.0572624344074355,0.9867236341140828,0.1264697903174062,-0.010049898116966,0.1013945835121775,0.8285276293754578,-0.1081184744834899,-0.1396693289279937
1760945215.9566724,-13.576349347993933,26.075539868627317,6.025728317419437,-0.0211015136448345,-0.1037480423238748,-0.4441498238896217,5.0,-0.1889835261272147,-0.0572570151407754,0.9869543648949451,0.1264402697071741,-0.0102915655407649,0.0991363883239286,0.828215479850769,-0.1078377291560173,-0.1396694630384445
1760945215.968788,-13.526934555058572,26.083320254750745,6.026970799129979,-0.0211098026181916,-0.1036302607707484,-0.4441587225346554,5.0,-0.1890030559462524,-0.0572475614023606,0.987179967623888,0.126409991291317,-0.0105325965726161,0.0968777065855059,0.828215479850769,-0.1078377291560173,-0.1396694630384445
1760945215.980852,-13.477484608847892,26.09087482154299,6.028208485776655,-0.0211169718631832,-0.103598398369422,-0.4441688979944851,5.0,-0.1890216661155003,-0.0572383462967757,0.9874004367182532,0.1263790037815147,-0.010773412372939,0.0946184895125528,0.8280026912689209,-0.1080696657299995,-0.1396712660789489
1760945215.993028,-13.428000543074686,26.098203419158803,6.02944136295366,-0.0211245738567635,-0.1035684911947209,-0.4441786766406805,5.0,-0.1890393523375506,-0.0572294396997469,0.9876157708620596,0.1263473064749657,-0.011014021788857,0.0923587495318947,0.8280026912689209,-0.1080696657299995,-0.1396712660789489
1760945216.0051982,-13.378483392703172,26.10530590440393,6.030669411707932,-0.0211303488191322,-0.1034547074538362,-0.4441902832212903,5.0,-0.1890559460046386,-0.0572171457716689,0.9878259732909218,0.1263148702912169,-0.0112540073763465,0.0900985424584065,0.8276830315589905,-0.1078120470046997,-0.1396747529506683
1760945216.017196,-13.328934193179858,26.112182139795426,6.031892609470426,-0.0211371283675907,-0.1033491837551324,-0.4442008025242173,5.0,-0.1890715032845398,-0.0572022645377653,0.9880310429059336,0.1262816954231772,-0.0114934095208935,0.0878378801704933,0.8276830315589905,-0.1078120470046997,-0.1396747529506683
1760945216.0292444,-13.27935398077982,26.118831994648037,6.033110929659565,-0.021141388019704,-0.1032255536503473,-0.4442136947315844,5.0,-0.1890858090424414,-0.0571843383322181,0.988230979458381,0.1262477879147448,-0.0117321347775768,0.0855767742960859,0.8274674415588379,-0.107735276222229,-0.1396799087524414
1760945216.041311,-13.229743792122422,26.125255343693727,6.034324342466073,-0.0211472231008762,-0.1031105916199435,-0.4442248169427812,5.0,-0.1890989730530935,-0.0571641444589518,0.9884257819760396,0.1262131452177399,-0.0119702263224414,0.0833152397889482,0.8274674415588379,-0.107735276222229,-0.1396799087524414
1760945216.053356,-13.180104664716517,26.13145206886107,6.035532813178676,-0.0211498470875893,-0.1029559435758609,-0.4442388638819629,5.0,-0.1891107351888301,-0.0571402412427967,0.9886154514267655,0.1261777683836519,-0.0122074834915533,0.0810532992097022,0.827250599861145,-0.1075924411416053,-0.1396867334842682
1760945216.065338,-13.130437636265002,26.137422057482045,6.036736303121336,-0.021154620611673,-0.1028120308041842,-0.444250464167393,5.0,-0.1891212599360471,-0.05711358118439,0.9887999870305894,0.1261416529979208,-0.012443960293367,0.078790969529988,0.827250599861145,-0.1075924411416053,-0.1396867334842682
1760945216.0774093,-13.080743744680989,26.14316520274954,6.037934775384502,-0.0211555008503405,-0.1027466781957105,-0.4442655384694345,5.0,-0.1891302322304739,-0.0570879526702411,0.9889793821270556,0.1261048513145197,-0.0126800399037129,0.0765281960493689,0.8267247080802917,-0.1077994480729103,-0.1396952122449875
1760945216.0894437,-13.031024028045056,26.14868140173474,6.039128194373074,-0.0211590992039984,-0.1026848526009335,-0.4442774978541913,5.0,-0.189137863028349,-0.0570634005501882,0.9891536360085496,0.126067352012694,-0.0129157415683787,0.074265003516543,0.8267247080802917,-0.1077994480729103,-0.1396952122449875
1760945216.1014965,-12.98127952521786,26.153970557919425,6.040316524369865,-0.0211581144990576,-0.1025936128016575,-0.4442934934847168,5.0,-0.1891437937877974,-0.0570385104555242,0.9893227482936312,0.1260291680074269,-0.013150914291419,0.0720014025793375,0.826504111289978,-0.1077010482549667,-0.1397053599357605
1760945216.1134832,-12.931511275109854,26.15903257884923,6.0414997293809325,-0.0211604252779634,-0.10250800749114,-0.444305704778464,5.0,-0.1891482916970348,-0.0570135908182704,0.9894867185096716,0.1259902860525525,-0.0133855881813949,0.0697374199579818,0.826504111289978,-0.1077010482549667,-0.1397053599357605
1760945216.1255248,-12.881720317629371,26.16386737978019,6.0426777686174376,-0.0211574879227594,-0.1023378322797355,-0.4443224931082604,5.0,-0.1891509596812437,-0.0569849537871579,0.9896455500431496,0.1259507041540734,-0.0136193389294472,0.0674730984171458,0.8261772394180298,-0.1074312329292297,-0.1397171467542648
1760945216.1376066,-12.831907692545917,26.168474880776117,6.043850597216182,-0.0211584213739764,-0.1021793145596784,-0.4443348321923037,5.0,-0.1891521230707777,-0.0569535959277387,0.9897992427330666,0.1259104090112612,-0.0138522268898663,0.065208464158086,0.8261772394180298,-0.1074312329292297,-0.1397171467542648
1760945216.1496882,-12.782074440175958,26.1728550096252,6.045018166499767,-0.021153448244022,-0.1020052435201872,-0.4443522887635889,5.0,-0.1891513382579621,-0.0569191838135005,0.9899477953665338,0.125869427212667,-0.0140841686443003,0.0629435138492703,0.8259565830230713,-0.1073527634143829,-0.1397305577993393
1760945216.1617792,-12.73222160059133,26.17700769853444,6.046180424467875,-0.0211529158233583,-0.1018427556929362,-0.4443646441304055,5.0,-0.1891489815192672,-0.0568826298968481,0.9900912080731098,0.1258277423508827,-0.0143152248266134,0.0606782769149997,0.8259565830230713,-0.1073527634143829,-0.1397305577993393
1760945216.17373,-12.682350214424185,26.18093288766614,6.047337315098374,-0.0211458176821353,-0.1016491299670671,-0.4443826682237722,5.0,-0.1891445637796513,-0.0568428461782549,0.9902294805392576,0.1257853800211723,-0.014545234487462,0.0584127571476098,0.8257310390472412,-0.1072275340557098,-0.1397455930709839
1760945216.1857371,-12.632461321942207,26.184630521445904,6.048488778853567,-0.0211437322185109,-0.1014682842667359,-0.4443949476664483,5.0,-0.189138513069369,-0.0568008207865521,0.9903626132240418,0.1257423212490738,-0.0147742646809765,0.0561469863668392,0.8257310390472412,-0.1072275340557098,-0.1397455930709839
1760945216.1978962,-12.58255596317892,26.18810055019414,6.049634761738303,-0.0211344378663993,-0.1014142272169648,-0.4444134357105828,5.0,-0.1891302826555657,-0.0567623814891022,0.990490593608838,0.1256986400804379,-0.015002935884427,0.0538808664480054,0.8253998756408691,-0.1075737625360488,-0.1397622227668762
1760945216.209818,-12.532635177931708,26.191342926399383,6.050775213818854,-0.0211307162210593,-0.101361952335359,-0.4444255460102383,5.0,-0.1891203417437332,-0.056727182756178,0.990613422465792,0.1256543098040685,-0.0152312614778687,0.0516144391819413,0.8253998756408691,-0.1075737625360488,-0.1397622227668762
1760945216.2219107,-12.482700006636428,26.194357609391115,6.051910087082523,-0.0211191324995192,-0.1012672415105329,-0.4444444172918657,5.0,-0.1891081040124941,-0.0566929644305294,0.9907310991520972,0.125609359753816,-0.0154590238823854,0.0493477101365169,0.825173556804657,-0.1074406132102012,-0.1397804617881775
1760945216.2339644,-12.432751489362946,26.19714456119834,6.053039334571256,-0.0211136901241177,-0.101177825787343,-0.4444562754925777,5.0,-0.189094094731471,-0.0566598598772144,0.990843624801124,0.1255637616397741,-0.0156862540781892,0.047080722029658,0.825173556804657,-0.1074406132102012,-0.1397804617881775
1760945216.246055,-12.382790666899504,26.19970375209115,6.054162906185767,-0.0210997735444828,-0.1010047760796609,-0.4444754052842229,5.0,-0.1890776923241653,-0.056624073379269,0.990951002072612,0.1255175396227281,-0.0159125301206707,0.044813503807467,0.8248369693756104,-0.1071743220090866,-0.1398002505302429
1760945216.25822,-12.332818579466611,26.20203515586065,6.055280748750246,-0.0210925551537653,-0.1008431423060096,-0.4444868956946347,5.0,-0.1890594778922477,-0.0565864659174244,0.9910532324851968,0.1254706647751617,-0.0161379136395835,0.0425460974107234,0.8248369693756104,-0.1071743220090866,-0.1398002505302429
1760945216.2703874,-12.282836266889932,26.204138752297336,6.056392816313132,-0.021076238652549,-0.1008254267312208,-0.4445061869370567,5.0,-0.1890387725061078,-0.0565535569813086,0.9911503000258534,0.1254232155054855,-0.0163631096188263,0.0402783864439437,0.8246102333068848,-0.107575736939907,-0.1398215889930725
1760945216.2823436,-12.232844768643648,26.206014522469925,6.057499068042741,-0.0210671669969275,-0.1008069785889881,-0.4445172311120797,5.0,-0.1890161962107252,-0.0565247533331565,0.9912422067014582,0.1253751555664548,-0.0165881202503888,0.0380104233976614,0.8246102333068848,-0.107575736939907,-0.1398215889930725
1760945216.294497,-12.182845124731948,26.20766245448129,6.058599466345248,-0.0210484002422324,-0.1007484320151963,-0.4445365801793137,5.0,-0.1889910349688731,-0.0564977839181181,0.9913289506309404,0.1253265265162855,-0.0168127387284365,0.035742204867225,0.8243781924247742,-0.1074564009904861,-0.1398444324731826
1760945216.306588,-12.132838374674035,26.209082538322797,6.059693975436235,-0.0210374185074692,-0.1006927942195841,-0.4445470803565621,5.0,-0.1889639627818286,-0.0564725719191786,0.9914105342367484,0.1252772905078186,-0.0170369853692329,0.0334737840250105,0.8243781924247742,-0.1074564009904861,-0.1398444324731826
1760945216.318608,-12.0828255579322,26.210274770142057,6.060782567226085,-0.0210161558925967,-0.1007161675207168,-0.4445663812943419,5.0,-0.1889342197196724,-0.0564523462321443,0.9914869451158302,0.1252275133242952,-0.0172612434385538,0.0312050804589097,0.8240376710891724,-0.1076855212450027,-0.139868751168251
1760945216.3306575,-12.032807713594451,26.21123914692022,6.061865218858899,-0.0210032051790162,-0.1007363915654384,-0.4445762484194773,5.0,-0.1889025237948118,-0.0564363708719483,0.9915581862182924,0.1251771524548219,-0.0174855037124368,0.0289361539724141,0.8240376710891724,-0.1076855212450027,-0.139868751168251
1760945216.342823,-11.982785881259032,26.2119756730503,6.062941910418397,-0.0209794196508698,-0.1007074564754704,-0.444595381787931,5.0,-0.1888680843149432,-0.0564219563802264,0.9916242556216398,0.1251262553033874,-0.0177095141516851,0.0266670021766893,0.823806643486023,-0.1075456067919731,-0.1398944854736328
1760945216.3547451,-11.9327610999881,26.212484354528183,6.064012623286896,-0.0209644591043368,-0.1006799164397532,-0.4446045116783054,5.0,-0.1888316717158963,-0.056408993586821,0.9916851567153822,0.1250747780426833,-0.0179332881340913,0.0243976848217402,0.823806643486023,-0.1075456067919731,-0.1398944854736328
1760945216.3667583,-11.882734399772389,26.21276515140978,6.065077322852103,-0.0212322528375446,-0.1005629980259461,-0.4442606712580859,5.0,-0.1888161242089162,-0.05639390576225,0.9917410347750496,0.1250212775644663,-0.0181566368391293,0.0221299940839156,0.823461651802063,-0.1072726398706436,-0.1394065916538238
1760945216.37883,-11.832706814502,26.21281808941701,6.0661359878567245,-0.0213530741421902,-0.10045444894682,-0.4439609452127916,5.0,-0.1888130801151987,-0.0563771060584598,0.9917918132229796,0.1249664890986206,-0.018379553691606,0.0198637315813487,0.823461651802063,-0.1072726398706436,-0.1394065916538238
1760945216.3909867,-11.782679321435626,26.212642852759565,6.067188519918439,-0.0232344055229139,-0.1004639384985444,-0.4414482900802004,5.0,-0.1889678731998185,-0.0563671150963497,0.9918383944337884,0.1249014982035151,-0.0186041790423604,0.0176096449618422,0.8232288956642151,-0.1076038554310798,-0.1361664831638336
1760945216.4031053,-11.732652924531711,26.212239526637138,6.068234930594741,-0.0240843218478198,-0.1004722585721538,-0.4393500030157654,5.0,-0.1892192070213115,-0.0563614118374259,0.9918802476325458,0.1248314576960527,-0.018830135765376,0.0153657903453061,0.8232288956642151,-0.1076038554310798,-0.1361664831638336
1760945216.4150596,-11.682628700901978,26.21160861093873,6.069275336566797,-0.0221394771906323,-0.1005127635402325,-0.4404973684988904,5.0,-0.1893638072746311,-0.0563559552250331,0.9919159089362796,0.1247705326671575,-0.0190553322788421,0.0131163290905351,0.8226752281188965,-0.1077041700482368,-0.1399857699871063
1760945216.4271696,-11.63260771075357,26.210750138188143,6.070309734067313,-0.0210405443376866,-0.1005496255359438,-0.4417789944807965,5.0,-0.1894431708655372,-0.0563518016323774,0.9919458771251688,0.124714543521793,-0.0192797422318899,0.0108605261383766,0.8226752281188965,-0.1077041700482368,-0.1399857699871063
1760945216.4391983,-11.58259085756332,26.2096630891178,6.071337867999723,-0.0261109429456229,-0.1005592865495891,-0.436034402678571,5.0,-0.1899140907785957,-0.0563584904731401,0.991973651168384,0.1246322277061797,-0.0195079589315074,0.0086326556161286,0.8224402666091919,-0.1076295003294944,-0.1302029937505722
1760945216.4512002,-11.53257909499684,26.208347647054524,6.072359802918596,-0.0285744597487008,-0.1005692072194514,-0.431078266567856,5.0,-0.1906146648529465,-0.0563706470406783,0.9919978147918526,0.1245365871718917,-0.0197393225152919,0.0064290785035008,0.8224402666091919,-0.1076295003294944,-0.1302029937505722
1760945216.4632635,-11.482573347609575,26.20680365203973,6.073375524902521,-0.0313571768591955,-0.1005336884469849,-0.424991637916532,5.0,-0.1916369695938864,-0.0563864202256343,0.9920187019471076,0.1244259382368599,-0.0199742935526337,0.004255405753343,0.8222011923789978,-0.1074907183647155,-0.1268530488014221
1760945216.475295,-11.432574575328038,26.20503135661523,6.074385128918501,-0.0322731913299837,-0.1005025500059074,-0.420516380000647,5.0,-0.1928592235093345,-0.0564024229705898,0.9920353589638982,0.1243097051321613,-0.0202118190792924,0.0021038404955492,0.8222011923789978,-0.1074907183647155,-0.1268530488014221
1760945216.4873815,-11.382583735876835,26.2030307982108,6.075388665317227,-0.0333508668967543,-0.1005875391985425,-0.4162359593604147,5.0,-0.1942939456514499,-0.0564239940625431,0.9920480134857664,0.124187116332171,-0.020452343754586,-2.6664371760945945e-05,0.8216426372528076,-0.1078274250030517,-0.1248774155974388
1760945216.4994018,-11.332601815432438,26.20080224766261,6.076386249281348,-0.033453258810198,-0.1006676788445618,-0.4134921325014206,5.0,-0.1958410287831561,-0.0564484658864977,0.9920561764545656,0.1240631684547765,-0.020694876085533,-0.0021436172965189,0.8216426372528076,-0.1078274250030517,-0.1248774155974388
1760945216.511567,-11.2826297902951,26.198345719289268,6.077377934708192,-0.0344918098869914,-0.1007042030905868,-0.4104063200594395,5.0,-0.1975438223075232,-0.0564752222880238,0.992060523799986,0.1239331892458676,-0.0209393990079246,-0.0042453845800193,0.8214019536972046,-0.1077086851000785,-0.1225555017590522
1760945216.5235372,-11.232668657545412,26.195661504914945,6.078363847323293,-0.0347816619864086,-0.1007401493897973,-0.4085374099220915,5.0,-0.1993136785421577,-0.0565026408609086,0.9920606469903152,0.1238010201876544,-0.0211851586184573,-0.0063379135339842,0.8214019536972046,-0.1077086851000785,-0.1225555017590522
1760945216.535617,-11.182719405364606,26.19274968218591,6.079344054824431,-0.0359055161931162,-0.1006704301776105,-0.4062896187813282,5.0,-0.2011916860922299,-0.0565275899416683,0.992057145063856,0.1236624927026832,-0.0214318343305521,-0.0084193410394213,0.8210437297821045,-0.107392132282257,-0.1205798760056495
1760945216.5477087,-11.13278303559818,26.189610569098324,6.08031868146969,-0.036401217827634,-0.1006085257667165,-0.405003136656469,5.0,-0.2031059189166217,-0.05654967646793,0.992049645851788,0.1235208262189301,-0.0216788833789783,-0.0104943637718324,0.8210437297821045,-0.107392132282257,-0.1205798760056495
1760945216.559794,-11.082860549342048,26.18624437150708,6.081287817894888,-0.0372425732270445,-0.1005172156127582,-0.4037766732895624,5.0,-0.2050653281909542,-0.0565687084314276,0.9920384002191124,0.1233743183009081,-0.0219260980326204,-0.0125632917483622,0.8208014965057373,-0.1072825044393539,-0.1195227801799774
1760945216.5718412,-11.0329529562472,26.18265142593503,6.082251582602194,-0.037723168390245,-0.1004350692234819,-0.4032610647425257,5.0,-0.2070217061503636,-0.056584918326064,0.9920231690063768,0.1232248369851679,-0.0221730976305268,-0.0146296085385534,0.8208014965057373,-0.1072825044393539,-0.1195227801799774
1760945216.5839734,-10.983061241345368,26.17883177165752,6.0832100160442,-0.039674039400774,-0.1002987798189644,-0.4013416438714554,5.0,-0.2090755465285738,-0.0565992691855506,0.9920049941022162,0.123064944033551,-0.0224203648965216,-0.0166864754872804,0.8205558061599731,-0.107094258069992,-0.116732969880104
1760945216.5959382,-10.933186391729658,26.17478579429072,6.084163242806859,-0.040786153064017,-0.1001750732451729,-0.4001146800620016,5.0,-0.2111575749300639,-0.0566112328196068,0.9919833480738136,0.1228988766723283,-0.0226675842670669,-0.0187372324648654,0.8205558061599731,-0.107094258069992,-0.116732969880104
1760945216.60798,-10.8833293992184,26.170513844747788,6.085111378622073,-0.0416739453037065,-0.100115516793294,-0.3992929291085376,5.0,-0.2132517276238084,-0.056623672596962,0.9919580784223806,0.1227277911653905,-0.0229148328148446,-0.0207838967787697,0.8201927542686462,-0.1072527319192886,-0.1163493022322654
1760945216.61996,-10.833491262293355,26.166016324665065,6.086054550967639,-0.0422603741851738,-0.1000622774420835,-0.3990697390897409,5.0,-0.2153235335837547,-0.0566363820990789,0.991928954261912,0.1225532515942639,-0.0231617953678385,-0.0228293989382468,0.8201927542686462,-0.1072527319192886,-0.1163493022322654
1760945216.6320338,-10.783672944023738,26.1612932110001,6.086992783553051,-0.0450105967480215,-0.0999390455847314,-0.396517729252652,5.0,-0.2175322245055896,-0.0566507909000339,0.991897601124403,0.1223642720351425,-0.0234092979404939,-0.0248623929439203,0.8199485540390015,-0.1070237606763839,-0.1123812049627304
1760945216.6440167,-10.733875399053026,26.15634497260978,6.087926224976498,-0.0465610219502114,-0.0998275605902178,-0.3947115371426862,5.0,-0.2197909565511535,-0.0566652244069492,0.9918632538717947,0.1221668882853329,-0.0236570612735738,-0.0268864366815849,0.8199485540390015,-0.1070237606763839,-0.1123812049627304
1760945216.6561072,-10.684099570252028,26.151171833632848,6.088854958573132,-0.0487891253754768,-0.0996025128126647,-0.3920445047317566,5.0,-0.2221681074950084,-0.0566763819327392,0.9918265124469172,0.1219576604241262,-0.0239049394433709,-0.0288972687544539,0.8195815086364746,-0.106649599969387,-0.1100158169865608
1760945216.6681075,-10.634346400967813,26.145774314397336,6.089779136940009,-0.0499828328276525,-0.0993971119333711,-0.3903341619380268,5.0,-0.2245865315009832,-0.0566837448593974,0.9917866703508084,0.12174183246346,-0.0241525706808111,-0.0308995157309019,0.8195815086364746,-0.106649599969387,-0.1100158169865608
1760945216.6802554,-10.584616829513037,26.140152729563592,6.090698865424699,-0.0517579582362639,-0.0992946346823301,-0.3881571543148163,5.0,-0.2270907247609124,-0.0566937154256802,0.9917441917637458,0.1215164564323424,-0.0244006454765316,-0.0328909929818108,0.8193332552909851,-0.1069048270583152,-0.1080718860030174
1760945216.6921413,-10.534911795633151,26.13430763412228,6.09161431123162,-0.0527381456421375,-0.0992020295337662,-0.3869177775474589,5.0,-0.2296099496212434,-0.0567050100283514,0.9916984884436922,0.1212855883987706,-0.0246487536753241,-0.0348762527733867,0.8193332552909851,-0.1069048270583152,-0.1080718860030174
1760945216.704152,-10.485232234354603,26.12823937493053,6.092525589179654,-0.0544637613100869,-0.0990367552812903,-0.3851218498249699,5.0,-0.2321934513965529,-0.0567160695689633,0.991650155766986,0.1210454820660723,-0.0248967309593026,-0.0368525796416621,0.8190838694572449,-0.1066585034132003,-0.1061122491955757
1760945216.7161815,-10.435579078092218,26.12194854178697,6.0934328729727065,-0.0554785651116158,-0.0988864775121527,-0.3841687540595187,5.0,-0.2347749944206516,-0.0567263472666573,0.9915986461178397,0.1207997656567107,-0.0251442529684492,-0.0388240669844075,0.8190838694572449,-0.1066585034132003,-0.1061122491955757
1760945216.7282963,-10.385953275657531,26.11543580875269,6.094336353864625,-0.0557379886251697,-0.0987718395539831,-0.3844696317387068,5.0,-0.2372842961088403,-0.0567360522398443,0.9915432690523126,0.1205523371764371,-0.0253908737020675,-0.0407968519741117,0.8187132477760315,-0.1067246049642562,-0.1068468391895294
1760945216.7403412,-10.336355787900484,26.10870176217089,6.09523619849433,-0.0561155943221951,-0.0986679805196245,-0.3852554460723055,5.0,-0.2397066562757522,-0.0567461067186821,0.9914839817081832,0.1203026725207357,-0.0256363267265011,-0.0427733532988461,0.8187132477760315,-0.1067246049642562,-0.1068468391895294
1760945216.7522984,-10.286787540900482,26.10174648570424,6.096132454960057,-0.0593033416309193,-0.0984891018586929,-0.383036596507643,5.0,-0.2422423887805492,-0.0567596231928621,0.9914231273658446,0.1200364794322251,-0.0258814428116021,-0.0447389880041472,0.8184598684310913,-0.1064678579568862,-0.1022001281380653
1760945216.764342,-10.237249422831352,26.09457063843182,6.097025317389873,-0.061220410020361,-0.0983267150456638,-0.3814271840290584,5.0,-0.2448027746005804,-0.0567746119588688,0.9913598535982112,0.1197601311739699,-0.026126187810464,-0.0466966162095202,0.8184598684310913,-0.1064678579568862,-0.1022001281380653
1760945216.7763247,-10.187742314667574,26.087174647803955,6.09791491968102,-0.0636839203394868,-0.0980334093343005,-0.3789508973713285,5.0,-0.2474551021937157,-0.0567867673374413,0.991294753296368,0.1194708442227603,-0.026370283423926,-0.0486419327323197,0.8180850148200989,-0.1060283780097961,-0.0999407693743705
1760945216.788357,-10.13826708626714,26.07955922624613,6.098801461345587,-0.06508273982401,-0.0977655891025969,-0.3773787942070225,5.0,-0.2501260059361939,-0.056795535650983,0.9912270220946662,0.1191740123339305,-0.0266135471446345,-0.0505792898522005,0.8180850148200989,-0.1060283780097961,-0.0999407693743705
1760945216.8004491,-10.088824607974018,26.07172489946941,6.099685099397847,-0.0669361959724064,-0.0975859617684313,-0.3754256513746217,5.0,-0.2528537826013571,-0.0568065071886217,0.9911570577166235,0.1188673170866534,-0.0268565120519281,-0.0525069102838052,0.8178308606147766,-0.1062230616807937,-0.0981666520237922
1760945216.81245,-10.039415743608574,26.063672413569645,6.100566045971855,-0.06801893048973,-0.0974227279195702,-0.3743718716690971,5.0,-0.255571665512023,-0.0568186431334088,0.9910842045273552,0.1185546968897051,-0.0270989062818565,-0.0544291526674514,0.8178308606147766,-0.1062230616807937,-0.0981666520237922
1760945216.8246295,-9.990041357640123,26.05540232641898,6.101444465667085,-0.069749167788041,-0.0971810571867562,-0.3728545905140285,5.0,-0.2583222111796167,-0.0568301177122142,0.9910090117554284,0.1182329078452559,-0.027340427354584,-0.0563437587852709,0.8175731897354126,-0.1059415861964225,-0.0963938534259796
1760945216.8367229,-9.940702303854303,26.04691541617636,6.102320574489478,-0.0708228401397397,-0.096960786551096,-0.3721269882065015,5.0,-0.2610441410937113,-0.0568407035549097,0.9909308955452596,0.1179053078274649,-0.027580880008652,-0.0582545594604278,0.8175731897354126,-0.1059415861964225,-0.0963938534259796
1760945216.8488767,-9.891399455877778,26.03821266645543,6.103194629786663,-0.0705375934478641,-0.096767194021044,-0.3733731425821008,5.0,-0.2636193707250902,-0.0568486347172254,0.9908484769938856,0.1175788955437417,-0.027819616407563,-0.0601711550873598,0.8171899914741516,-0.1059634983539581,-0.0982277914881706
1760945216.8609636,-9.84213371347356,26.029294838885757,6.104066828925238,-0.0707110024986271,-0.0965907460318468,-0.3749377155855547,5.0,-0.2660552721080818,-0.0568561781218877,0.9907618912991836,0.1172514418175546,-0.0280563993905035,-0.0620951897831846,0.8171899914741516,-0.1059634983539581,-0.0982277914881706
1760945216.8730807,-9.792905943226668,26.02016210862546,6.104937235604332,-0.074307806778687,-0.0963280749341419,-0.3727754955926978,5.0,-0.2685960333283764,-0.0568681877989218,0.9906742988332718,0.1169055006877087,-0.0282919236994261,-0.0640086290553636,0.8169308304786682,-0.1056553348898887,-0.0928557068109512
1760945216.8850846,-9.743716937587608,26.010815314278307,6.1058060794479765,-0.0765069079806245,-0.0960887801895342,-0.3711012930844802,5.0,-0.271149757660772,-0.0568823222365217,0.9905847653979036,0.1165480564998016,-0.02852642893042,-0.0659137007015764,0.8169308304786682,-0.1056553348898887,-0.0928557068109512
1760945216.8971725,-9.694567495073334,26.001255286688377,6.106673587296498,-0.0779740203359347,-0.0958414820387386,-0.3699535336365716,5.0,-0.2736918767693218,-0.0568965391579886,0.9904927248141396,0.1161828183816908,-0.028759785911943,-0.067812900818706,0.8163428902626038,-0.1055666208267211,-0.0926474407315254
1760945216.9091775,-9.64545841943031,25.99148288963303,6.107539991686427,-0.0789196149171578,-0.0956162930137209,-0.3694808123999848,5.0,-0.2761861082534836,-0.0569107656856173,0.9903976622456268,0.1158124633838284,-0.0289918723695109,-0.0697095063809571,0.8163428902626038,-0.1055666208267211,-0.0926474407315254
1760945216.92123,-9.596390505462216,25.981498602019755,6.10840543633897,-0.0816614976800123,-0.0953135898200166,-0.3670642036321489,5.0,-0.2787680714142858,-0.0569263906879841,0.990301329699159,0.1154278505086731,-0.0292227940057582,-0.0715941061367626,0.8160842657089233,-0.1052717491984367,-0.0890901088714599
1760945216.9332151,-9.547364501238942,25.971303342040056,6.109270170831423,-0.0832508524054151,-0.0950376908629798,-0.3654412516946168,5.0,-0.281353765951681,-0.056941921695292,0.9902028223329086,0.1150347951604214,-0.0294526075851338,-0.0734704733398275,0.8160842657089233,-0.1052717491984367,-0.0890901088714599
1760945216.9453027,-9.498370504282189,25.96095311235307,6.110135245974932,-0.0591863973212707,-0.0947280903843958,-0.3927812648468717,5.0,-0.2824232568424357,-0.0569038167515536,0.9900821867172932,0.1147370952601157,-0.0296762397770628,-0.0754452338393143,0.8154904246330261,-0.1051260158419609,-0.127705693244934
1760945216.9573922,-9.4494251161421,25.950375584575216,6.111000744482817,-0.0496605964977823,-0.0944412932506688,-0.4171485397358473,5.0,-0.2820948337938387,-0.0568308484314902,0.9899390061437526,0.1145107827492973,-0.0298873414600535,-0.077555087323222,0.8154904246330261,-0.1051260158419609,-0.127705693244934
1760945216.9694939,-9.400522346056976,25.93960217342327,6.1118656950397074,-0.0732093025739513,-0.0940908917930649,-0.4066439058106994,5.0,-0.2824518526500694,-0.0568066728726785,0.9898034542350136,0.1141950187259539,-0.0300925397937186,-0.0796433219509208,0.8152256608009338,-0.1048778817057609,-0.0873718187212944
1760945216.9814935,-9.351672303000116,25.92858943895912,6.112729994060716,-0.0856855613323394,-0.0937749424730494,-0.3934995551381936,5.0,-0.2834517948676984,-0.0568238174791494,0.989678748689788,0.1137961284262919,-0.0302977037828142,-0.0816606679650087,0.8152256608009338,-0.1048778817057609,-0.0873718187212944
1760945216.9936204,-9.302868425894593,25.917369393236772,6.1135938564082775,-0.0959885732458218,-0.0933659702684274,-0.3767678589297006,5.0,-0.2852613054385231,-0.0568604234386598,0.989562616035698,0.1133430836477995,-0.0305058744268663,-0.0835976432637068,0.8149637579917908,-0.1045118123292923,-0.080265425145626
1760945217.0055847,-9.254114207442028,25.905929168642302,6.114457619310404,-0.0998452945475883,-0.09299667987138,-0.3637602709774717,5.0,-0.2876621704574263,-0.0569005383077761,0.98945109849743,0.1128654720225274,-0.0307180648234353,-0.0854652525934625,0.8149637579917908,-0.1045118123292923,-0.080265425145626
1760945217.017631,-9.205407175651684,25.894283184903397,6.115321711129765,-0.098846760663175,-0.0926571337839165,-0.3566987093317372,5.0,-0.2902839770359084,-0.0569312741961069,0.9893384210812892,0.1123914359973113,-0.0309328725021234,-0.0872972570337198,0.8145595192909241,-0.1045006290078163,-0.0830170512199401
1760945217.0296943,-9.156747912967631,25.882432544504905,6.116186438689429,-0.0971780535848794,-0.092347925149745,-0.3529133335461453,5.0,-0.2930011660023229,-0.0569528309849178,0.9892229434992486,0.1119247982889434,-0.0311488949251467,-0.0891097858128047,0.8145595192909241,-0.1045006290078163,-0.0830170512199401
1760945217.0416667,-9.108137056991936,25.87037776414044,6.117051967336724,-0.0985307564423311,-0.0919433210746365,-0.3478986418671872,5.0,-0.2959339717821543,-0.0569698161994005,0.9891070361170652,0.1114504791106128,-0.0313650103832416,-0.0908971833083329,0.8142912983894348,-0.1041306033730506,-0.0779129043221473
1760945217.0536575,-9.059575188860409,25.858119963555925,6.117918595470487,-0.0987873956559071,-0.0915737289214271,-0.3449772968644679,5.0,-0.2989168188105824,-0.056981395847982,0.98898924108202,0.1109742140343286,-0.0315807009532519,-0.0926696507534924,0.8142912983894348,-0.1041306033730506,-0.0779129043221473
1760945217.06578,-9.011062928561651,25.845660231641407,6.118786592257029,-0.098804286072072,-0.091048557516577,-0.3435571733698567,5.0,-0.3018793649888959,-0.0569807291021733,0.9888688186955438,0.1104975051095967,-0.0317944672264154,-0.0944344885622989,0.8138838410377502,-0.1035685613751411,-0.077662281692028
1760945217.07772,-8.962600917291466,25.832999681837144,6.119656214216968,-0.0987636266288422,-0.0905666871396558,-0.3433677099433634,5.0,-0.3047587219330391,-0.0569710623420027,0.9887451786355014,0.1100208188877236,-0.0320058668649568,-0.0961977942706984,0.8138838410377502,-0.1035685613751411,-0.077662281692028
1760945217.0898173,-8.914189811457424,25.820139425698024,6.12052770551321,-0.0988645504660886,-0.0901590220077569,-0.3440117310052613,5.0,-0.307514194184335,-0.0569572037311816,0.9886179866232082,0.1095435588115498,-0.0322147394764553,-0.0979637474193323,0.8136090040206909,-0.103673331439495,-0.0776926800608635
1760945217.101878,-8.86583027349548,25.8070805677008,6.121401300794756,-0.0992067459817952,-0.0897844841766783,-0.345121850218348,5.0,-0.3101236877415347,-0.0569419251586841,0.9884871217742934,0.1090645956266256,-0.0324208750883057,-0.0997347027151656,0.8136090040206909,-0.103673331439495,-0.0776926800608635
1760945217.1138828,-8.817522963376568,25.793824147060256,6.122277208968989,-0.1001185771194019,-0.0892994561699821,-0.3460239081920481,5.0,-0.3126044146085728,-0.0569223797989583,0.9883529880986842,0.1085811400614252,-0.0326235557013813,-0.101509657435941,0.8133344650268555,-0.1032505556941032,-0.0770972073078155
1760945217.1259403,-8.76926851985222,25.780371277688147,6.123155649022689,-0.1010268383499397,-0.0888533988986844,-0.3470330068496454,5.0,-0.3149436331189172,-0.056901088110134,0.9882154950572816,0.1080932121118934,-0.0328229104800733,-0.1032891541820442,0.8133344650268555,-0.1032505556941032,-0.0770972073078155
1760945217.1380987,-8.72106756958815,25.76672360982673,6.124036926181657,-0.0992004673365583,-0.088274471680281,-0.3514543457500121,5.0,-0.3169192994428711,-0.0568649613556185,0.9880713725288838,0.1076149512873946,-0.0330178441655761,-0.1050895190537905,0.8129177689552307,-0.1027469933032989,-0.08188047260046
1760945217.1500597,-8.672920830921068,25.75288221677167,6.124921193833715,-0.0988294979036424,-0.0877404289548455,-0.3553510503845744,5.0,-0.3186174434693346,-0.0568220286357238,0.9879215720938572,0.1071390658225014,-0.033208120072069,-0.1069084128006885,0.8129177689552307,-0.1027469933032989,-0.08188047260046
1760945217.1623883,-8.624828997380376,25.738847361149663,6.125808436623339,-0.1035046617200537,-0.0871028383985604,-0.353316119430608,5.0,-0.3204127083606753,-0.0567834138369577,0.9877719255809716,0.1066397125259415,-0.0333937185731211,-0.1087173137375241,0.8126373887062073,-0.1023105978965759,-0.0745882019400596
1760945217.1744754,-8.576792561979302,25.724620196903608,6.126698847433845,-0.1063966826160704,-0.0865154346248091,-0.3512579760663878,5.0,-0.3222139944606271,-0.0567463472473925,0.9876215153085526,0.1061256689519535,-0.0335758217426254,-0.1105158318226229,0.8126373887062073,-0.1023105978965759,-0.0745882019400596
1760945217.1866355,-8.528812017988553,25.71020167579748,6.127592568884135,-0.1092613965742548,-0.0857659859145157,-0.3481892292306163,5.0,-0.324092571745153,-0.056703910097993,0.9874709562950228,0.1055970030037843,-0.0337541508895431,-0.1122988901465099,0.812209963798523,-0.101685918867588,-0.0725540369749069
1760945217.198766,-8.480887814387264,25.695593008693542,6.128489793231887,-0.1107804187879994,-0.0850751103091874,-0.3459104464889037,5.0,-0.3259833067015079,-0.0566557631193705,0.9873191433576664,0.105060469459896,-0.033929300916448,-0.1140701952995212,0.812209963798523,-0.101685918867588,-0.0725540369749069
1760945217.2108538,-8.433020416065244,25.680795286822622,6.129390674140339,-0.11220363825906,-0.0843249118660542,-0.3436660627200415,5.0,-0.3278973693578264,-0.0565999413242239,0.9871660671675544,0.1045165933117781,-0.0341009973600246,-0.1158298732387096,0.8119262456893921,-0.1013476401567459,-0.0713830813765525
1760945217.2230003,-8.385210271018533,25.665809746633567,6.13029538578973,-0.1128988266157123,-0.0836322830604625,-0.342301129077299,5.0,-0.3297768287386644,-0.0565379450704825,0.9870108732040248,0.1039690943433135,-0.0342694685790329,-0.1175821717853945,0.8119262456893921,-0.1013476401567459,-0.0713830813765525
1760945217.235262,-8.337443727629879,25.650685302357907,6.131203743746064,-0.0895484912603383,-0.0829865638857452,-0.3684030289596819,5.0,-0.3301797976119594,-0.0564157968535947,0.9868311103195576,0.1035152560896687,-0.0344358770614646,-0.1194283125275029,0.8112915754318237,-0.1013755574822425,-0.1079898625612258
1760945217.2472756,-8.28974228670916,25.63535878449313,6.132117258349635,-0.0801670452264755,-0.0823872216523451,-0.3915371652115984,5.0,-0.3292187324234203,-0.0562569768129541,0.9866248969694148,0.1031317434743009,-0.0345930454848404,-0.1214021308384909,0.8112915754318237,-0.1013755574822425,-0.1079898625612258
1760945217.2593749,-8.242098708005395,25.61985460390525,6.133034383570271,-0.1003287228620666,-0.0817130608806188,-0.3832530359930998,5.0,-0.3288162029150387,-0.0561506158103711,0.9864252694648796,0.1026691727241507,-0.0347392528814306,-0.1233588790582909,0.8110003471374512,-0.101036250591278,-0.0721752941608429
1760945217.2714283,-8.19452551806613,25.60413595944594,6.133955832438982,-0.1110786516425843,-0.0810975350897555,-0.3723217624078159,5.0,-0.3289176844231269,-0.0560874295779464,0.986236613076022,0.1021357816177527,-0.0348795262854127,-0.1252559131848593,0.8110003471374512,-0.101036250591278,-0.0721752941608429
1760945217.2834322,-8.147010433442192,25.58824112236848,6.134880849676473,-0.1210691278417149,-0.0803698850048975,-0.3568625945594733,5.0,-0.3297400317107766,-0.0560460231334902,0.9860585057972706,0.101552483522248,-0.0350177864929782,-0.1270805683983581,0.8107101321220398,-0.1005622148513794,-0.064516469836235
1760945217.2953947,-8.099558222137029,25.572156972149312,6.135809978273239,-0.1250082415178875,-0.0797020643069019,-0.3444053805065331,5.0,-0.3310870720706452,-0.0560105204568496,0.9858874534848336,0.1009456420156993,-0.035156374052638,-0.1288407380555515,0.8107101321220398,-0.1005622148513794,-0.064516469836235
1760945217.3075678,-8.052166555803163,25.555892288557807,6.136743341929812,-0.1247470763300156,-0.0790751568415366,-0.336593696604865,5.0,-0.3326850395127788,-0.0559685799893027,0.9857180155509342,0.100338765090754,-0.0352958600854498,-0.1305615881460509,0.8100630640983582,-0.1005282178521156,-0.0661161094903945
1760945217.3194835,-8.004835648825146,25.539448414034563,6.137681156819276,-0.1233813633020951,-0.078496573464554,-0.3318500719059851,5.0,-0.3344040062036251,-0.0559193855930629,0.985547806752773,0.0997378237873728,-0.0354356481558741,-0.1322580884132647,0.8100630640983582,-0.1005282178521156,-0.0661161094903945
1760945217.3315568,-7.957565804329363,25.522826318831463,6.138623551135519,-0.1236337853206626,-0.0778275142808899,-0.3271852444001137,5.0,-0.3362783838489189,-0.0558643432051059,0.9853777251353876,0.0991349326430221,-0.0355741838891224,-0.133930882836988,0.8097638487815857,-0.1001241132616996,-0.0629032701253891
1760945217.34355,-7.910357280017336,25.506027343826123,6.139570721300268,-0.1231465174793829,-0.0772094374163177,-0.3244838125038599,5.0,-0.3381729406379777,-0.0558040014453823,0.9852061828562928,0.0985340587959257,-0.0357112264065595,-0.1355895454209996,0.8097638487815857,-0.1001241132616996,-0.0629032701253891
1760945217.355605,-7.863210373064968,25.48905284328571,6.140522839474857,-0.1223897119055184,-0.0764068493899519,-0.323402190363719,5.0,-0.3400072247563014,-0.055729971592441,0.9850320434096288,0.0979369533553451,-0.0358452492650426,-0.137241920450171,0.8093045353889465,-0.0994319841265678,-0.0630786195397377
1760945217.367626,-7.816125410732586,25.4719041413085,6.141480051296402,-0.1218165038120129,-0.075664470526132,-0.3233264424475103,5.0,-0.3417351718626152,-0.0556470519379228,0.984854723950524,0.0973428604279189,-0.0359759340454684,-0.138893025043031,0.8093045353889465,-0.0994319841265678,-0.0630786195397377
1760945217.3797503,-7.769102727776409,25.454582611506137,6.142442489046016,-0.1212289984561404,-0.0748565046497474,-0.3242116769939814,5.0,-0.3433047309318077,-0.0555534331820753,0.9846735652486808,0.0967520759686133,-0.0361025048843996,-0.1405475536510231,0.8089971542358398,-0.0990713313221931,-0.0635941550135612
1760945217.3918343,-7.722142674450146,25.437089558490594,6.143410255683285,-0.1210758059862647,-0.0741078810809509,-0.325334572990777,5.0,-0.3447114897304836,-0.0554544335419431,0.9844885840419676,0.0961624710304727,-0.0362248409861052,-0.1422067788534934,0.8089971542358398,-0.0990713313221931,-0.0635941550135612
1760945217.4038491,-7.67524559252631,25.419426262286294,6.144383431331212,-0.121343298798948,-0.0732436824681101,-0.3263397466149723,5.0,-0.3459638622815055,-0.0553471040190794,0.9843000649026308,0.0955720428375562,-0.036342135461775,-0.1438701360623918,0.8086868524551392,-0.0985623002052307,-0.0634161755442619
1760945217.4158306,-7.628411802800088,25.401594020931736,6.14536208918995,-0.1217602217617966,-0.0724424472022248,-0.3272474968078028,5.0,-0.3470647308164327,-0.0552358832703468,0.9841081154763374,0.0949800011439281,-0.0364546376244616,-0.1455371974169498,0.8086868524551392,-0.0985623002052307,-0.0634161755442619
1760945217.4280548,-7.581641547548478,25.383594987402613,6.146346420787313,-0.1178529997461069,-0.0714979571122707,-0.333431810723004,5.0,-0.347668042318996,-0.0551017988678859,0.983906818320048,0.0944086880266581,-0.0365622819839901,-0.1472330534374963,0.8082129955291748,-0.0979636758565902,-0.0710835978388786
1760945217.4401872,-7.534935293912293,25.365430391424336,6.147336399014407,-0.1162960203178136,-0.0706203558646618,-0.3386497929171648,5.0,-0.3479183777918744,-0.0549578957255492,0.9836978656981248,0.0938463268642989,-0.036664171634332,-0.1489533969851032,0.8082129955291748,-0.0979636758565902,-0.0710835978388786
1760945217.4522178,-7.488293539318531,25.34710039363301,6.148331808017628,-0.121532329177781,-0.0696313937633714,-0.3358899566038857,5.0,-0.3483159607407191,-0.0548218239082162,0.9834903380871414,0.0932581392666369,-0.0367584711279061,-0.1506601777182807,0.8078951239585876,-0.0974426195025444,-0.061658602207899
1760945217.464287,-7.441716418645723,25.32860627918603,6.149332675552627,-0.1245906980704729,-0.0687139057171572,-0.3328364257373211,5.0,-0.3487563049446376,-0.054689507894893,0.983283466685719,0.0926547322999367,-0.036847257051154,-0.152351581457981,0.8078951239585876,-0.0974426195025444,-0.061658602207899
1760945217.4764357,-7.395204077267526,25.3099491491165,6.150338988115155,-0.1272207114281332,-0.067609376924154,-0.3288167433418661,5.0,-0.3493064809764574,-0.0545512264450604,0.9830778845955082,0.0920381943383644,-0.0369303517895357,-0.1540227019593386,0.8074095249176025,-0.0966846719384193,-0.0597921796143054
1760945217.488443,-7.348756603243626,25.291130338684557,6.151350770599643,-0.1283420084052287,-0.0665849358219118,-0.3256067185996994,5.0,-0.3499025888303037,-0.054406671351742,0.9828723366955192,0.0914160446852806,-0.0370089061850496,-0.155677286062466,0.8074095249176025,-0.0966846719384193,-0.0597921796143054
1760945217.500482,-7.302374109547998,25.272151110814026,6.152368018444406,-0.1290054991522222,-0.065505388589316,-0.3228120195211185,5.0,-0.3505322597554148,-0.0542528055029249,0.9826663704517704,0.0907906688949086,-0.0370827996359448,-0.1573172743087024,0.8070849180221558,-0.0963003188371658,-0.0590727031230926
1760945217.512488,-7.25605670119089,25.253012813850848,6.153390730741145,-0.1290212359211376,-0.0645026373400842,-0.3209242070008153,5.0,-0.351142277997196,-0.054092108204825,0.9824590246477002,0.0901653711111142,-0.0371524952803815,-0.1589470441220151,0.8070849180221558,-0.0963003188371658,-0.0590727031230926
1760945217.524534,-7.209804504442804,25.2337167333259,6.154418874793545,-0.1290672246979101,-0.0633863207806458,-0.3194078790432945,5.0,-0.3517212318149061,-0.0539205252417801,0.9822500849206678,0.089540175094351,-0.0372172400167568,-0.1605683803335791,0.8067586421966553,-0.0957497730851173,-0.0585246346890926
1760945217.5365324,-7.163617635258789,25.2142642144696,6.155452415348806,-0.1288781493136727,-0.0623484517762912,-0.3185106211417708,5.0,-0.3522325304073471,-0.0537420964409003,0.9820389704270208,0.0889162998073608,-0.0372773271162888,-0.162184318213166,0.8067586421966553,-0.0957497730851173,-0.0585246346890926
1760945217.5485897,-7.117496110689964,25.194657601283367,6.156491442123537,-0.1234677025874483,-0.0611733899898202,-0.3244253738316844,5.0,-0.3522400311039629,-0.0535353332737753,0.9818178531933242,0.0883207652046513,-0.0373332881078472,-0.1638272601967496,0.8062542676925659,-0.0951279401779174,-0.0675223916769027
1760945217.5605211,-7.071440268390979,25.17489815596843,6.157535798123251,-0.1208251623199713,-0.0600783189342556,-0.3296758822440221,5.0,-0.3518909326675547,-0.0533157886794168,0.9815883900198148,0.0877398066478963,-0.0373836021184713,-0.1654944869182832,0.8062542676925659,-0.0951279401779174,-0.0675223916769027
1760945217.5726993,-7.025450524981439,25.15498598063276,6.158585133679788,-0.1257182488542535,-0.0588769901025407,-0.3265360172260092,5.0,-0.3517147800676002,-0.0531040774988956,0.9813607916887702,0.0871349733160728,-0.0374252314017454,-0.1671461785854625,0.8059163689613342,-0.0945861339569091,-0.0573767907917499
1760945217.584944,-6.979526871564533,25.134922370870846,6.159639345945145,-0.1284484316494251,-0.0577587704572276,-0.3231611202077412,5.0,-0.3515955478997494,-0.0528964790912739,0.981134343995528,0.0865167712786009,-0.037460444613221,-0.1687808117333578,0.8059163689613342,-0.0945861339569091,-0.0573767907917499
1760945217.5973935,-6.933669314918351,25.11470846832131,6.160698298221816,-0.130600168438214,-0.0564638424282801,-0.3190695071700039,5.0,-0.3515848783060352,-0.0526830872565159,0.9809095015722044,0.0858880728150225,-0.0374891441278298,-0.1703946969422869,0.8053928017616272,-0.0938271656632423,-0.055807989090681
1760945217.609821,-6.887877810479136,25.09434560906252,6.161761883003242,-0.1313546821605952,-0.0552589031832047,-0.315780288989046,5.0,-0.3516231633171299,-0.0524642336842847,0.9806850435198868,0.0852558221056579,-0.0375125897727903,-0.1719915574149629,0.8053928017616272,-0.0938271656632423,-0.055807989090681
1760945217.6220407,-6.842152337764119,25.07383508749229,6.162829971291576,-0.1315510349154923,-0.0540246701474104,-0.3130889548801783,5.0,-0.3516858375521789,-0.0522375224827207,0.9804602943896298,0.0846229104973222,-0.0375308500668165,-0.1735742188161153,0.805038571357727,-0.0934927612543106,-0.055391389876604
1760945217.6340954,-6.796492877574644,25.053178244183968,6.16390243202922,-0.1312358958594024,-0.0528744547019804,-0.3112345422040344,5.0,-0.3517271118583984,-0.0520059320671531,0.9802343556467558,0.0839919446301039,-0.0375444193111121,-0.175146732272214,0.805038571357727,-0.0934927612543106,-0.055391389876604
1760945217.6461687,-6.750899434225808,25.03237634548548,6.164979100271296,-0.1310769175909917,-0.0515465005740049,-0.3096135613610691,5.0,-0.3517434793395855,-0.0517627118869325,0.9800071691531994,0.0833623725440004,-0.0375521911300472,-0.1767102039880551,0.8045013546943665,-0.0927295982837677,-0.0547620840370655
1760945217.6581647,-6.705371995194419,25.01143072437318,6.166059809523909,-0.1306979488303384,-0.0503088545521776,-0.30854769259955,5.0,-0.3517005967454549,-0.0515125274722411,0.9797781751741678,0.0827353103128544,-0.0375545692197013,-0.1782673559868326,0.8045013546943665,-0.0927295982837677,-0.0547620840370655
1760945217.670224,-6.659910552134778,24.990342713095963,6.167144375707775,-0.1302290190746743,-0.0490174021989723,-0.3079282684517045,5.0,-0.351576708680871,-0.0512535795166756,0.979546977357002,0.0821113431425194,-0.0375511874354432,-0.1798203403407988,0.8041508793830872,-0.0923208966851234,-0.0548157691955566
1760945217.6822183,-6.614515099023226,24.969113628680105,6.168232601961638,-0.1297992232606922,-0.0478122708362983,-0.3075691729973213,5.0,-0.3513604870992708,-0.0509908367824744,0.9793133616104884,0.0814902632363698,-0.0375423300362128,-0.181370477818977,0.8041508793830872,-0.0923208966851234,-0.0548157691955566
1760945217.6944003,-6.56918563109084,24.94774474446621,6.169324269521137,-0.1296156981489298,-0.0465003686955208,-0.3071238553909055,5.0,-0.3510605676083139,-0.0507208702209509,0.9790775420763485,0.080870957133543,-0.0375272903497917,-0.1829173512082531,0.803791880607605,-0.0917636528611183,-0.0544965118169784
1760945217.7063684,-6.523922123233847,24.926237362361604,6.170419157590878,-0.129393831125216,-0.045275703520687,-0.3067638091478289,5.0,-0.350669401304231,-0.0504482888399451,0.9788394237902016,0.080253560978582,-0.0375064977384138,-0.1844614079197086,0.803791880607605,-0.0917636528611183,-0.0544965118169784
1760945217.7184255,-6.478724362846573,24.904593957658435,6.171517185893784,-0.1230560738633524,-0.0439240860344193,-0.3139590990709444,5.0,-0.3496954639193387,-0.0501489425880926,0.9785895857570834,0.0796695411324431,-0.0374819413823066,-0.1860384125220896,0.8032354116439819,-0.0911478623747825,-0.0651274919509887
1760945217.730517,-6.433592564894135,24.88281574115737,6.172618015080775,-0.1199434136406378,-0.0426600957315864,-0.3200317313706511,5.0,-0.3483291112532251,-0.0498399379607528,0.9783302297333988,0.0791028362707551,-0.037451567045487,-0.1876434997796486,0.8032354116439819,-0.0911478623747825,-0.0651274919509887
1760945217.742597,-6.388527098389472,24.86090256067969,6.173721110583707,-0.1256250573626323,-0.0412976016044006,-0.3160156545623177,5.0,-0.347204246049642,-0.0495453769402365,0.9780742546896036,0.0785086437139384,-0.0374106766580128,-0.1892289260328966,0.8028638362884521,-0.0906067043542862,-0.0531821362674236
1760945217.7546148,-6.343527766966301,24.83885564914583,6.174826211607799,-0.1286766360494894,-0.0400254548960035,-0.3116114032020922,5.0,-0.3461895498484177,-0.0492595633423317,0.9778210387861788,0.0778996760133547,-0.0373622967342313,-0.1907923357131409,0.8028638362884521,-0.0906067043542862,-0.0531821362674236
1760945217.7667477,-6.298594402894013,24.8166760685114,6.175933029761162,-0.1309231216241454,-0.038581322693238,-0.3063861057791233,5.0,-0.3453435993478575,-0.0489714297402899,0.977571168350824,0.0772799036819766,-0.0373066420472346,-0.19232951347952,0.8022864460945129,-0.0898410156369209,-0.0514266043901443
1760945217.7787433,-6.253726775909491,24.794365095698065,6.177041311350789,-0.1315008747649051,-0.0372339004203916,-0.3020973515556489,5.0,-0.3445977429299258,-0.0486803049657797,0.9773231789889814,0.0766575860747331,-0.0372453985917006,-0.1938447796351806,0.8022864460945129,-0.0898410156369209,-0.0514266043901443
1760945217.7908125,-6.208924687843226,24.771923977334477,6.178150787028327,-0.1313076580594074,-0.0358680831794614,-0.2986466986356557,5.0,-0.34391455077566,-0.0483832475886936,0.9770760556071864,0.0760366842106764,-0.0371788892876415,-0.1953420958336567,0.8018999099731445,-0.0895202979445457,-0.0511093102395534
1760945217.8027952,-6.164187951963244,24.74935399272887,6.179261185298118,-0.1305599913187874,-0.0345918474503629,-0.296185517336311,5.0,-0.3432421788383988,-0.0480830534320111,0.9768286795383032,0.075420020126081,-0.0371077115245076,-0.1968262409869444,0.8018999099731445,-0.0895202979445457,-0.0511093102395534
1760945217.8148806,-6.119516405707694,24.72665639806253,6.180372216613135,-0.1296869096420107,-0.0332296982101038,-0.2944236950104239,5.0,-0.3425489240666784,-0.0477758171931578,0.9765803897918351,0.0748084352019363,-0.0370313068919999,-0.1983005865007353,0.8015084266662598,-0.0890165418386459,-0.0509682148694992
1760945217.8268967,-6.074909894371499,24.703832454654005,6.181483584559875,-0.1287630690992918,-0.031956099001212,-0.2932530633097765,5.0,-0.3418050967136378,-0.0474660044898187,0.9763306095155404,0.0742022125555267,-0.036949940792793,-0.1997680516255963,0.8015084266662598,-0.0890165418386459,-0.0509682148694992
1760945217.8389611,-6.030368011828029,24.680884773214167,6.182595144334894,-0.1208280413266019,-0.0305674745616758,-0.3011879078713999,5.0,-0.3404239757217294,-0.0471276996414534,0.9760676582375348,0.0736373743596406,-0.0368666812927794,-0.2012717353494273,0.8009099364280701,-0.0884331315755844,-0.063299261033535
1760945217.8509417,-5.985890907676045,24.657814509168144,6.183706471243588,-0.1167458555225013,-0.0292666222067638,-0.3080405763972521,5.0,-0.3386159676560188,-0.0467798171468305,0.9757939161050704,0.0730948376692015,-0.0367785590288232,-0.202807089605387,0.8009099364280701,-0.0884331315755844,-0.063299261033535
1760945217.8629735,-5.941478957367578,24.634621350353573,6.184816947833031,-0.1224158994334653,-0.0278884471640217,-0.3040083942087649,5.0,-0.3370656504810865,-0.046449399396127,0.9755239308784744,0.0725251075343765,-0.0366793384688126,-0.204322772078951,0.8005041480064392,-0.087954431772232,-0.0504171587526798
1760945217.874914,-5.8971318808419655,24.61130645803632,6.185926235610338,-0.1254298182552556,-0.0265994304919577,-0.299484942010784,5.0,-0.3356351641262155,-0.0461304045719674,0.975257282938332,0.071940966316629,-0.0365722923894139,-0.2058159295840704,0.8005041480064392,-0.087954431772232,-0.0504171587526798
1760945217.8869507,-5.852849286939263,24.58787152279832,6.187034105247767,-0.1239234921637174,-0.025876269174343,-0.2986165778780711,5.0,-0.334089796313123,-0.0458326925975628,0.974988544220853,0.0713645598607391,-0.0364634838920371,-0.2073037688428261,0.7996876239776611,-0.0894049853086471,-0.0550820156931877
1760945217.8990235,-5.808631017677755,24.56431769640035,6.188140261697431,-0.12267045329046,-0.0251914884692252,-0.2979739983640946,5.0,-0.3324770243032555,-0.0455558725927016,0.9747175939993942,0.070794667824928,-0.0363527696797724,-0.2087874591353602,0.7996876239776611,-0.0894049853086471,-0.0550820156931877
1760945217.911368,-5.764477074849403,24.54064538263874,6.189244339009774,-0.1254356432072144,-0.0244194466798227,-0.2926997228842801,5.0,-0.3311014606569907,-0.0453051601731517,0.974450751534412,0.0702109693680241,-0.0362371804555951,-0.2102451411259021,0.7992727756500244,-0.0890306383371353,-0.0484250970184803
1760945217.9234295,-5.720387143015857,24.516855742269826,6.190346129372164,-0.1263176496023905,-0.0236933036430989,-0.2881120514683517,5.0,-0.3298459988749641,-0.0450736638070502,0.9741867185481368,0.069622726352859,-0.0361186446334607,-0.2116798452603598,0.7992727756500244,-0.0890306383371353,-0.0484250970184803
1760945217.9355175,-5.676360953306297,24.492949840019367,6.191445419579005,-0.1266035052470188,-0.0227722848447842,-0.2838134070387068,5.0,-0.3287069548016716,-0.0448485280966081,0.973925106850992,0.0690331174956787,-0.0359967277626139,-0.2130928213818944,0.7986305356025696,-0.0883164480328559,-0.0474836342036724
1760945217.9475465,-5.632398217339021,24.468928846504493,6.192542019946181,-0.1260068736728558,-0.0219103594535699,-0.280550143252594,5.0,-0.3276221390369416,-0.04462876601328,0.9736645821986332,0.0684465780302649,-0.0358722889227884,-0.2144889885643263,0.7986305356025696,-0.0883164480328559,-0.0474836342036724
1760945217.9596188,-5.588498481826045,24.44479475226401,6.193635834572879,-0.1206671043990056,-0.0210121754245801,-0.2835420449206368,5.0,-0.3261989696647309,-0.0443982201782165,0.9733968666607512,0.0678873646112495,-0.0357480942475723,-0.2158979375974632,0.7982040643692017,-0.0880468338727951,-0.0550348497927188
1760945217.9715524,-5.544661682259844,24.420548663603387,6.194726612455141,-0.1174999655541173,-0.0201702977802324,-0.2864506987366956,5.0,-0.3245383891679566,-0.0441667873740965,0.9731227544114224,0.06734483455272,-0.035622148441459,-0.2173196738590586,0.7982040643692017,-0.0880468338727951,-0.0550348497927188
1760945217.983666,-5.500887929291418,24.39619085022642,6.195813999773754,-0.119962861298394,-0.0192263750272259,-0.2835190597249798,5.0,-0.3230136573504431,-0.0439461663586932,0.9728504945709666,0.066790670991217,-0.0354898368942374,-0.2187267540992392,0.7977702617645264,-0.0875819995999336,-0.0476907156407833
1760945217.995687,-5.4571769423151615,24.371722404416,6.196897791086611,-0.1210195198803259,-0.0183439936683727,-0.2805285810382725,5.0,-0.3215360033886686,-0.0437336651141679,0.9725797185749678,0.0662316424822671,-0.0353529919608466,-0.2201186646110545,0.7977702617645264,-0.0875819995999336,-0.0476907156407833
1760945218.007815,-5.413509527849357,24.347170734189135,6.197976892640079,-0.3225598917565234,-0.0256850405544271,-0.0651612068014232,5.0,-0.3295512568439013,-0.0441429002486075,0.9724864932372927,0.0650251464450011,-0.0351380989955211,-0.2209232101881101,0.7975064516067505,-0.1113136410713195,0.2354769110679626
1760945218.0199907,-5.369912497580419,24.322473904997327,6.199049561063698,-0.4030458314615707,-0.0324567641149172,0.1333641128703565,5.0,-0.3477175898610412,-0.0452678307720396,0.9726689365021302,0.0631455050362872,-0.0348857890308933,-0.2207051582569364,0.7975064516067505,-0.1113136410713195,0.2354769110679626
1760945218.0321467,-5.326373805197113,24.297643260207188,6.200120241763767,-0.3505237440530662,-0.0387293038278435,0.2121400782166975,5.0,-0.3705080723513688,-0.0465788822910366,0.9729839907190744,0.0612741752878308,-0.0347141162634033,-0.2198694143786971,0.7973302602767944,-0.1112493649125099,0.1449248045682907
1760945218.0442452,-5.282886249685934,24.27268633140119,6.201193157391948,-0.3023026565306409,-0.0445741774926003,0.2395416644595673,5.0,-0.3950076846052899,-0.0478687413746615,0.9733268410027118,0.0596373103704651,-0.034641803896714,-0.2188108708868004,0.7973302602767944,-0.1112493649125099,0.1449248045682907
1760945218.0567815,-5.239445058031799,24.247611262144613,6.202271868978531,-0.2414356131302842,-0.0499451479015689,0.2073432020420664,5.0,-0.4180676993825352,-0.0490591916154435,0.9736350935988054,0.0582748894829544,-0.034655318509698,-0.2178020905950774,0.7970606088638306,-0.1110036075115203,0.1077488511800766
1760945218.0687935,-5.196050770618548,24.222418059107493,6.203359834163898,-0.2112958741130294,-0.0549461574257149,0.1607073132573939,5.0,-0.4386239287308016,-0.050177933467308,0.9738797325429212,0.0571185786711641,-0.0347275823537863,-0.2170016809533402,0.7970606088638306,-0.1110036075115203,0.1077488511800766
1760945218.080898,-5.152700549123183,24.19711830507929,6.204459428058812,-0.1815883882128889,-0.0597873577335705,0.0926336087286474,5.0,-0.4555550352134392,-0.0512485885549921,0.9740475104321724,0.0561123674417122,-0.0348381419623039,-0.2164928486245859,0.7968810200691223,-0.1114831045269966,0.077352374792099
1760945218.0928988,-5.1093984481784105,24.171709308897395,6.205573979915593,-0.1778221467012377,-0.0642981572904524,0.0353376568253654,5.0,-0.4691083391973428,-0.0523384596159665,0.9741411251040292,0.0551681187229027,-0.0349667039066998,-0.2162934966094291,0.7968810200691223,-0.1114831045269966,0.077352374792099
1760945218.1050355,-5.066143525144643,24.14619984757169,6.206705280878049,-0.1748731133067809,-0.0685090695274699,-0.0209398013508445,5.0,-0.4794307307353198,-0.053463935413881,0.9741710020959624,0.0542444119384461,-0.035103937504782,-0.2163703214871692,0.7964231967926025,-0.1114451885223388,0.0583856925368309
1760945218.1170816,-5.022939749075404,24.12058779260881,6.207856667387974,-0.1848545136908287,-0.0724497146374293,-0.0605596943964252,5.0,-0.4872600471095718,-0.0546591809861611,0.9741511701789516,0.0532881457342881,-0.0352411376677696,-0.216674717904655,0.7964231967926025,-0.1114451885223388,0.0583856925368309
1760945218.1291676,-4.979783426667636,24.094882631102735,6.209027729207924,-0.2261435214145721,-0.0759874759550148,-0.0566452083903509,5.0,-0.49503952354025,-0.0560141046676753,0.9741312918509292,0.0521697433315967,-0.0353577842078889,-0.2170169836981971,0.7962619066238403,-0.1108884289860725,0.0983795598149299
1760945218.141178,-4.9366810012029045,24.069071333437908,6.21022436202294,-0.2516865725918141,-0.0793319689607707,-0.0441595103989284,5.0,-0.5030893756758777,-0.0574959375867176,0.9741301962162482,0.0508900938630808,-0.0354608095782504,-0.2173087438423862,0.7962619066238403,-0.1108884289860725,0.0983795598149299
1760945218.153264,-4.893624654991504,24.04317135322165,6.211447332148477,-0.2326470193712631,-0.0822899813533915,-0.0697202636052282,5.0,-0.509382442926765,-0.0588862124092714,0.9741054881693948,0.0496612430946298,-0.035585280023145,-0.2176831337017994,0.796101987361908,-0.1102313324809074,0.0457523465156555
1760945218.165285,-4.850621086543664,24.017174059769605,6.212703681475463,-0.2262402561325787,-0.0850899764013179,-0.0929200526859795,5.0,-0.514087845513953,-0.0601872230260463,0.9740471198456894,0.048480445281453,-0.0357290281000957,-0.2181863682649576,0.796101987361908,-0.1102313324809074,0.0457523465156555
1760945218.1774044,-4.80766025556402,23.99109815170914,6.213988111851835,-0.2517099884726936,-0.08765301256989,-0.0823676894534248,5.0,-0.5193461703498095,-0.0615455415628422,0.9739981083327904,0.047198253273997,-0.0358635397858044,-0.2186637061015425,0.7956553101539612,-0.1098649352788925,0.0857987999916076
1760945218.1894236,-4.764752711110617,23.964923571596454,6.215311631741166,-0.2657861685022157,-0.0900994639485897,-0.0700803343695096,5.0,-0.5249535551985204,-0.0629283005134291,0.9739660799776372,0.0458221260165011,-0.0359951703826457,-0.2190770538633537,0.7956553101539612,-0.1098649352788925,0.0857987999916076
1760945218.2014594,-4.721880533875235,23.938685880481515,6.21666473733644,-0.2403620984438993,-0.0921840435822556,-0.0971113355028079,5.0,-0.528775636906519,-0.0641635671179374,0.973906393724501,0.0445389312754407,-0.0361511627014053,-0.2195807671421049,0.7955083847045898,-0.1090533137321472,0.0345209315419197
1760945218.2135856,-4.679057341094542,23.91236468139589,6.2180606491389545,-0.2301072642337293,-0.0941759141644862,-0.1225388987575973,5.0,-0.5309291375306261,-0.0652680373607197,0.9738096891643102,0.0433300268280026,-0.0363276617863171,-0.2202214772767022,0.7955083847045898,-0.1090533137321472,0.0345209315419197
1760945218.2257664,-4.636275205870232,23.885977472046125,6.21949410536956,-0.215918367626517,-0.095874657162726,-0.1565745338227717,5.0,-0.5311745496265641,-0.066264423715425,0.9736746737071816,0.0421872264962364,-0.0365195300536973,-0.221007220756304,0.7950673699378967,-0.1084299087524414,0.0161992590874433
1760945218.2377253,-4.593542461789887,23.859515090796467,6.220973735543454,-0.2135918093579971,-0.0974984853862531,-0.182024717201987,5.0,-0.5297434000334236,-0.0671958752086593,0.9735034134031456,0.041071456707766,-0.0367191467781579,-0.2219368013561748,0.7950673699378967,-0.1084299087524414,0.0161992590874433
1760945218.2498055,-4.550861266575967,23.832977284996986,6.222502889645948,-0.2197440923511623,-0.0987389596720449,-0.1942931238179432,5.0,-0.5273895431552768,-0.0681057229056159,0.9733136452536814,0.0399279096425086,-0.0369159712804764,-0.2229428650102747,0.7949254512786865,-0.1075034290552139,0.0214614290744066
1760945218.2617807,-4.50822526542419,23.806374974504795,6.2240772878007045,-0.2256999056349423,-0.0999446140117372,-0.2002718948729299,5.0,-0.5245387977449715,-0.0689997230240543,0.9731157824140912,0.0387550395921844,-0.0371107402884121,-0.2239788246197958,0.7949254512786865,-0.1075034290552139,0.0214614290744066
1760945218.2738152,-4.465633768144728,23.779710515872654,6.225698226121093,-0.2284051747790672,-0.1007515610419238,-0.2044954853696098,5.0,-0.5212340011933554,-0.0698477645588327,0.9729110679993132,0.0375687831663275,-0.0373054912055253,-0.2250354208158166,0.7947936058044434,-0.1064194291830062,0.0179122257977724
1760945218.2858331,-4.42308609392495,23.75298584480249,6.227366896774747,-0.2306724772209761,-0.1015521259510732,-0.2057048133846534,5.0,-0.5176659739381209,-0.0706532267010554,0.9727027149772808,0.0363707230997306,-0.0375012598631075,-0.2260978865131417,0.7947936058044434,-0.1064194291830062,0.0179122257977724
1760945218.2978785,-4.380568567930753,23.726215046220496,6.229065908963346,-0.3121976009382522,-0.1019467196658241,-0.1192363282644909,5.0,-0.5180085704741438,-0.0716783705329288,0.9725636569500048,0.0348919875324515,-0.0376451815962294,-0.2269037740731852,0.7945602536201477,-0.1052211746573448,0.1325189173221588
1760945218.3099184,-4.338095001268759,23.69937167192122,6.230815310084865,-0.3464545628397443,-0.1023997167958629,-0.0389717321438606,5.0,-0.5221720119309473,-0.0728365269517319,0.9725268442637682,0.0331547567960021,-0.0377496467848083,-0.2273043410403252,0.7945602536201477,-0.1052211746573448,0.1325189173221588
1760945218.3219936,-4.29565625505012,23.67247004075239,6.232616060599167,-0.262517368371972,-0.102490216197427,-0.0740107382183019,5.0,-0.5247161630230293,-0.0736461832477201,0.9724861128735452,0.0316379470559562,-0.0379079436259334,-0.2276681540844914,0.7944233417510986,-0.1040584444999694,0.0035880340728908
1760945218.3342052,-4.253251908855777,23.64551598912412,6.234472282643751,-0.2168214616959217,-0.1026179385311539,-0.1233331419963554,5.0,-0.5247256129853813,-0.0740769391522884,0.9723803787672592,0.0304226148907358,-0.0381278667134879,-0.2282479556787533,0.7944233417510986,-0.1040584444999694,0.0035880340728908
1760945218.346347,-4.210882088647441,23.618515737152013,6.236383060314859,-0.1813857790295512,-0.1023001125001123,-0.1865622266681617,5.0,-0.5213703771617326,-0.0742711714461859,0.9721992921084432,0.0294075409351933,-0.0383821849006311,-0.2291081422434407,0.7941696643829346,-0.1027367934584617,-0.0198504962027072
1760945218.358421,-4.168550212746188,23.59147089372139,6.238350657048101,-0.1716505973089072,-0.1020166031590232,-0.2363936531539462,5.0,-0.5151060418876906,-0.074361834992165,0.9719488607762046,0.0284894433973578,-0.0386468191770423,-0.2302394123911973,0.7941696643829346,-0.1027367934584617,-0.0198504962027072
1760945218.3705654,-4.126257594836714,23.564384393547837,6.240374461885907,-0.1704662855343238,-0.1013441220604292,-0.2741865819112722,5.0,-0.5065617718854677,-0.0744229988789025,0.9716468136727832,0.0275960295809793,-0.0389062232896524,-0.2315755479756636,0.7940279245376587,-0.1015224605798721,-0.0266471114009618
1760945218.3826115,-4.084006199516415,23.537257042710085,6.242455698148133,-0.1765181582339945,-0.1007320320325669,-0.29581650336111,5.0,-0.4965892077726549,-0.0744961741119114,0.971311704835242,0.0266844887861486,-0.0391528546705532,-0.233041979221393,0.7940279245376587,-0.1015224605798721,-0.0266471114009618
1760945218.3947043,-4.041797292441349,23.510089525519813,6.244595919155261,-0.1810962691465614,-0.099724320460193,-0.3077323447522874,5.0,-0.4857253249591635,-0.0745663365930136,0.9709572458319514,0.025750772002472,-0.0393861216104756,-0.234579747489405,0.7938898205757141,-0.1001815795898437,-0.0309575740247964
1760945218.4067872,-3.999630037486896,23.482883563614354,6.246794509588353,-0.1853627722305348,-0.0988071673361552,-0.3108737134467265,5.0,-0.4745343888120377,-0.0746307475572717,0.9705953228172056,0.0247961649759772,-0.0396083047051446,-0.2361377812342467,0.7938898205757141,-0.1001815795898437,-0.0309575740247964
1760945218.4187715,-3.957490037686679,23.45564568579724,6.249026288467501,-0.2866206299832278,-0.0974582859271626,-0.2035069196190895,5.0,-0.4682104699112942,-0.0749671893360728,0.97031767182263,0.0234907068654371,-0.0397517952169388,-0.2373849136249047,0.7936295866966248,-0.0987465381622314,0.1101437881588935
1760945218.4307845,-3.915389016163343,23.42835715496043,6.251312250951912,-0.3289278986730102,-0.0962613999733896,-0.1020180141170197,5.0,-0.4668371806409262,-0.075474358010326,0.9701713096556585,0.0218695222604605,-0.0398293420706207,-0.2381238699235032,0.7936295866966248,-0.0987465381622314,0.1101437881588935
1760945218.4428067,-3.873316997995385,23.40103170890309,6.2536527447313,-0.2290435571265842,-0.0947156294132938,-0.1372096457798722,5.0,-0.4640565811587768,-0.0756280649145693,0.970034224130653,0.0205084072008801,-0.0399659229632052,-0.2387796772152607,0.7934821844100952,-0.0973716378211975,-0.0423329956829547
1760945218.4549077,-3.831272144582501,23.37367718555984,6.256049910336148,-0.1725086573516114,-0.093292162734734,-0.1894286696897358,5.0,-0.4587021584696475,-0.0754053005510202,0.969829262081226,0.019506326023812,-0.0401756135064718,-0.23965939525797,0.7934821844100952,-0.0973716378211975,-0.0423329956829547
1760945218.4669712,-3.789254709417275,23.346298332339224,6.258501853096446,-0.1282372575940401,-0.0914461121285003,-0.258735133486673,5.0,-0.4497973148746798,-0.0749491765810123,0.969541366780648,0.0187540465673759,-0.0404287875799538,-0.240838819489875,0.7931884527206421,-0.0958860218524932,-0.0689537450671196
1760945218.4790545,-3.747267364190104,23.31889700831048,6.261009201998452,-0.1143044103617757,-0.0897146743442714,-0.3138366907399871,5.0,-0.4377915985247815,-0.0743962686012204,0.9691740613680756,0.0181360427237254,-0.0406967930805169,-0.2423148649146273,0.7931884527206421,-0.0958860218524932,-0.0689537450671196
1760945218.4911406,-3.705311556327725,23.29147492956168,6.263570237303703,-0.1108820435468813,-0.0876398746955117,-0.3549721764530412,5.0,-0.4233956605245436,-0.0738317076794345,0.968747227646916,0.0175601235034412,-0.0409581497869764,-0.2440140999102012,0.7930194139480591,-0.0945870205760002,-0.0763492733240127
1760945218.5032635,-3.663388849192809,23.264032381272816,6.266184669888803,-0.1159530164050151,-0.0856986154514725,-0.3776305807544,5.0,-0.4075819760534664,-0.0732970470610422,0.9682825467057594,0.0169759250379745,-0.0412025695335329,-0.2458517357635455,0.7930194139480591,-0.0945870205760002,-0.0763492733240127
1760945218.5153425,-3.621495136503163,23.23657452513144,6.268846369912577,-0.0978409492458085,-0.0836890556679185,-0.4146117006827369,5.0,-0.3897385784497523,-0.0727284124872409,0.9677735671030044,0.016462147693888,-0.0414505051131243,-0.2478410299686032,0.7924904227256775,-0.0940645039081573,-0.1141304746270179
1760945218.5274503,-3.579633819416469,23.209100615308547,6.2715592379235146,-0.0925904265026652,-0.0818056748658348,-0.4378217184975772,5.0,-0.3705399981162433,-0.0721550442721244,0.9672246503002012,0.0159979745849021,-0.0416966278800587,-0.2499638611564996,0.7924904227256775,-0.0940645039081573,-0.1141304746270179
1760945218.5394385,-3.5378015153677467,23.18160530835789,6.274311206359157,-0.1762729499332548,-0.0795824257289886,-0.3595108549582084,5.0,-0.3549808977997796,-0.0717746026817007,0.9667315173537354,0.0152558246715117,-0.041867163734263,-0.25188206321488,0.7923086285591125,-0.0927765667438507,0.0073291212320327
1760945218.551466,-3.496002955255588,23.15408049216333,6.277110047785931,-0.2125135351700159,-0.0775259377151289,-0.2790557149769051,5.0,-0.343364342483703,-0.0715306740986577,0.9663432380278484,0.0142480845694296,-0.0419681738940938,-0.2534095712161457,0.7923086285591125,-0.0927765667438507,0.0073291212320327
1760945218.5636003,-3.454231357275083,23.126534053515726,6.279955141850067,-0.1521220045597009,-0.075171751303435,-0.2847840076835684,5.0,-0.3316462214075917,-0.0711309804524509,0.9659810845101984,0.0133861464595617,-0.0420987066239998,-0.2548118018303909,0.7921122312545776,-0.091474525630474,-0.0898385494947433
1760945218.5755997,-3.41248508800558,23.0989697719694,6.282847590427303,-0.1146378145500137,-0.0729806543846933,-0.3032873164136609,5.0,-0.3190853762031433,-0.0705558657777563,0.9655929790457398,0.0127554977199169,-0.0422759403979195,-0.2562815657806123,0.7921122312545776,-0.091474525630474,-0.0898385494947433
1760945218.587669,-3.370765917344814,23.07137868704573,6.285779434045224,-0.2120314282168483,-0.0704842332568217,-0.1929718323826039,5.0,-0.3116723152027938,-0.0701287695857941,0.9652879536157822,0.0118354375200579,-0.0423723155302767,-0.2574561630638639,0.7917417287826538,-0.0901971161365509,0.0835244134068489
1760945218.5996869,-3.329076211787612,23.043752378168637,6.288754738231671,-0.2511047094944617,-0.0681748186177627,-0.0905061519356216,5.0,-0.3093751680179959,-0.0698171569415162,0.9651245899634732,0.010617917277208,-0.0423895193159786,-0.258118024036859,0.7917417287826538,-0.0901971161365509,0.0835244134068489
1760945218.6117787,-3.2874048135570777,23.01610745076201,6.29177237559826,-0.1098552269667389,-0.0655853306006902,-0.1667968356252479,5.0,-0.3038453786780504,-0.0692065962211791,0.9649420905324364,0.0097971371562146,-0.0424991867028483,-0.2588138272040924,0.7915263175964355,-0.088927261531353,-0.1252115666866302
1760945218.6237557,-3.245748968540418,22.98845310576956,6.2948327436272695,-0.0358156103825234,-0.0631525423072043,-0.2584504389016461,5.0,-0.2939360962634745,-0.0682984869197029,0.96463875675932,0.0094762943543449,-0.042720401028069,-0.2599177487959306,0.7915263175964355,-0.088927261531353,-0.1252115666866302
1760945218.6359632,-3.2041097931748697,22.96079244210845,6.297933685496759,0.0175599192222718,-0.0603771673043113,-0.3637462949134724,5.0,-0.2786981361750059,-0.0672487365238274,0.9641992176821832,0.0094724450203432,-0.0430025308491003,-0.2614974641310594,0.7911311388015747,-0.087557353079319,-0.1607167422771453
1760945218.648062,-3.1624896388339248,22.93312621216739,6.301073738486826,0.0306961506250173,-0.057754204076719,-0.4428312128449627,5.0,-0.2591992809432669,-0.0661843485825053,0.963638081045644,0.0096159626732588,-0.0433008318631607,-0.2635037380768893,0.7911311388015747,-0.087557353079319,-0.1607167422771453
1760945218.6602407,-3.1208902597596717,22.90545345802827,6.304250945010141,0.0271579394805233,-0.0549009833097876,-0.4954168945045418,5.0,-0.2366984601046869,-0.0651689609840554,0.9629891338626628,0.0097862761246436,-0.0435847284824992,-0.2658129573688194,0.7908856868743896,-0.0864634066820144,-0.1662279069423675
1760945218.6722956,-3.079312960853492,22.877772353818013,6.307463676983166,0.0155368867078728,-0.0522172450100863,-0.5208829124255475,5.0,-0.2126776239531001,-0.0642244453800972,0.962289361429136,0.0099193427454161,-0.0438396518992357,-0.2682887929846462,0.7908856868743896,-0.0864634066820144,-0.1662279069423675
1760945218.684364,-3.0377584697130864,22.850080609108527,6.310710900243569,0.0058694054279133,-0.0493215859148774,-0.5275784738274996,5.0,-0.1882195942285827,-0.0633311756309588,0.961568291763118,0.0100059625502332,-0.0440643955222548,-0.2708221372717916,0.7906273007392883,-0.0853522047400474,-0.1681604534387588
1760945218.696456,-2.99622728425046,22.822375494825454,6.313991954055421,0.0001887200971794,-0.0466173553727489,-0.5216010127551152,5.0,-0.164130124887171,-0.062471563526824,0.9608472443528048,0.0100613805143093,-0.0442648428963049,-0.2733348959154926,0.7906273007392883,-0.0853522047400474,-0.1681604534387588
1760945218.7085075,-2.954718767952253,22.79464638888164,6.317293590168021,-0.1650784991650887,-0.0436350214662482,-0.3373834832909682,5.0,-0.1482806090963065,-0.0617616409550234,0.9602768614863608,0.009581661967006,-0.0443139711516842,-0.2753412664469716,0.7901939749717712,-0.0841810926795005,0.0633156225085258
1760945218.720577,-2.9132422572847627,22.76687871295092,6.320624081182311,-0.2284397090187691,-0.0408623851596195,-0.1630334341475784,5.0,-0.1414459438440972,-0.0611537845924208,0.9599654470005404,0.0085697174807999,-0.0442159970575738,-0.2764739519585098,0.7901939749717712,-0.0841810926795005,0.0633156225085258
1760945218.7327793,-2.8717839509935392,22.739090849897675,6.323982292045356,-0.0631481366609537,-0.0379257651010381,-0.209609715313837,5.0,-0.1333424848162258,-0.0603808382902085,0.9597004309876722,0.0079732591390221,-0.044227112971923,-0.2774084937036846,0.7899153828620911,-0.0831760615110397,-0.1797880232334137
1760945218.7446818,-2.830338251957119,22.711292595753253,6.327368098013307,0.0319980092673152,-0.0351720927215562,-0.2896061064232336,5.0,-0.121800890212452,-0.0594343371721121,0.9593313582893088,0.0079872479230497,-0.044392328574801,-0.278655468342382,0.7899153828620911,-0.0831760615110397,-0.1797880232334137
1760945218.756732,-2.7889046296819338,22.683486010459625,6.330779593276875,0.1049260792118878,-0.0321956589040889,-0.3974989386926197,5.0,-0.1050430586963958,-0.0584052784097961,0.9588188160061764,0.0084155860759,-0.0446523126445975,-0.2803601736320656,0.7894396185874939,-0.0820674896240234,-0.2206973731517791
1760945218.7687595,-2.747484185701596,22.65567033936645,6.334215410117681,0.1301129411275357,-0.0293933158452739,-0.4837917878170366,5.0,-0.0838213141547488,-0.0573691293863495,0.9581664041167506,0.009062660465607,-0.0449505471512977,-0.2825145279769873,0.7894396185874939,-0.0820674896240234,-0.2206973731517791
1760945218.7809396,-2.706077955100271,22.62784332704787,6.33767387870286,0.1357811495341636,-0.0264619172041556,-0.5476186598390639,5.0,-0.0591679484898178,-0.0563609546207865,0.957404440952732,0.0097896653222222,-0.0452485719749621,-0.2850148515974076,0.7891417741775513,-0.0812149569392204,-0.2305290400981903
1760945218.7929275,-2.6646870479525013,22.600001593077973,6.341153568767741,0.1277673454392449,-0.0237072884040763,-0.5825232775840382,5.0,-0.0325978260503471,-0.0553933169841115,0.9565713454541308,0.0105091659270256,-0.0455236959871688,-0.2877297544420104,0.7891417741775513,-0.0812149569392204,-0.2305290400981903
1760945218.8050394,-2.6233087610704184,22.572146310089387,6.344652267109786,0.1553113678133872,-0.0212622924213701,-0.6372799989025699,5.0,-0.0033099233248771,-0.0544647684049853,0.9556607187114056,0.0113259747385934,-0.0458090196330824,-0.2906644916884003,0.7884217500686646,-0.0816639885306358,-0.2874394357204437
1760945218.8171933,-2.581943262392888,22.54427427231402,6.348169809377239,0.163372868524643,-0.0189596760530844,-0.6716409351674419,5.0,0.0276940019571776,-0.0535855991878916,0.954678186579465,0.0122217331294425,-0.0460998388024622,-0.2937941356988658,0.7884217500686646,-0.0816639885306358,-0.2874394357204437
1760945218.8292656,-2.5405973129979147,22.51637244640236,6.351702018871207,0.0256514602558746,-0.0165322315289671,-0.5412101046598651,5.0,0.052592997424478,-0.0526971515255541,0.953794780302492,0.0126821777322977,-0.0462540152852409,-0.2966062128575195,0.788101077079773,-0.0809635743498802,-0.0891545638442039
1760945218.841243,-2.499277932509284,22.48842935411546,6.355249369524144,-0.0320182351215785,-0.0142425550074398,-0.4066261855353067,5.0,0.0705952463395046,-0.0517706327105097,0.9531154006902404,0.0126915372040234,-0.0462739400305305,-0.2987786477051737,0.788101077079773,-0.0809635743498802,-0.0891545638442039
1760945218.8532763,-2.457977954579406,22.46045509363181,6.358811026136775,0.0648793936471881,-0.0118718256467908,-0.4106502790098473,5.0,0.0880294402603406,-0.0508845804728619,0.9525001262047544,0.0129199277875183,-0.046356789838713,-0.3007118771876857,0.7877512574195862,-0.0803612619638443,-0.2418676763772964
1760945218.8653438,-2.4166939303653345,22.43245323592644,6.36238647734432,0.1263425343945771,-0.0096401953919091,-0.4383645081551676,5.0,0.1063166271298904,-0.0500662700214083,0.9518441033627696,0.0135161792127769,-0.0465402816108319,-0.3027277951899985,0.7877512574195862,-0.0803612619638443,-0.2418676763772964
1760945218.8773422,-2.3754314857969163,22.40441486501785,6.365973738295803,0.0820915050484835,-0.0076411567350057,-0.3830543891368853,5.0,0.1216633905261614,-0.0492423032765076,0.9512254402044517,0.0140493557735945,-0.0466963532019392,-0.3046181677245039,0.7869941592216492,-0.0806765481829643,-0.1250051707029342
1760945218.8893783,-2.3341954975103354,22.37633303006156,6.369571888120058,0.0665837723974642,-0.0057508165343735,-0.3299231003025142,5.0,0.1340541929259744,-0.0484045564181099,0.9506923172144188,0.0144533846456951,-0.0468086475363088,-0.3062420091652745,0.7869941592216492,-0.0806765481829643,-0.1250051707029342
1760945218.9014928,-2.292975961656345,22.348221936169207,6.373179417690591,0.1781827139348797,-0.0037750772815887,-0.4069824683615257,5.0,0.1498264505839561,-0.0476737136093219,0.9501015755460852,0.0152108140749866,-0.0470206157139335,-0.3080011184685946,0.786637544631958,-0.080156460404396,-0.2863001525402069
1760945218.9133892,-2.25177139386067,22.32008018539464,6.376796826462611,0.2344173470168407,-0.0019175820288235,-0.4856611086191784,5.0,0.1692847815722859,-0.0470528159816003,0.9493752570418984,0.0163433865346619,-0.0473313100751888,-0.3101278157788728,0.786637544631958,-0.080156460404396,-0.2863001525402069
1760945218.925434,-2.2105819328368583,22.29190404655656,6.380423539046209,0.2624891052057636,-0.0002344549804287,-0.5561644347480978,5.0,0.1921932961043207,-0.0464992700087273,0.948522488342868,0.0176779948027662,-0.0476863730844642,-0.3125997239756559,0.7858486175537109,-0.0803335160017013,-0.2975787818431854
1760945218.937554,-2.1694085279345505,22.26368802541653,6.384059160482471,0.2672898018669754,0.0013453616495051,-0.6028372557217169,5.0,0.2174344919309909,-0.0459735123780181,0.947572302283976,0.0190841895077183,-0.0480465169022115,-0.3153316632827164,0.7858486175537109,-0.0803335160017013,-0.2975787818431854
1760945218.9496963,-2.128257967002137,22.235422900897696,6.387701695145902,0.1578361495109839,0.0029722036718654,-0.5138947564153046,5.0,0.2384867064241831,-0.0452849648401662,0.946684483745442,0.0201312989769168,-0.0482856751573839,-0.317886320265159,0.7854745388031006,-0.0799613520503044,-0.1453983932733535
1760945218.9617574,-2.08713844850774,22.207098392197707,6.391350317850742,0.1075875077583441,0.0045230329625999,-0.4175801929916136,5.0,0.2544926289887774,-0.0444533446708711,0.94595298736483,0.0208292379873125,-0.0484168995710894,-0.3199920192385191,0.7854745388031006,-0.0799613520503044,-0.1453983932733535
1760945218.9738915,-2.046044081227242,22.178723674220265,6.395004785946495,0.1971159069212731,0.0061230439479902,-0.4439852343244752,5.0,0.271175294575737,-0.0437488612919471,0.9452410030529664,0.0217342562662783,-0.0486131585252462,-0.3219997345809041,0.7850843667984009,-0.0796094983816146,-0.2917842864990234
1760945218.9858928,-2.004972513851168,22.150299257668287,6.398665043919436,0.2492281448443114,0.0076316199661209,-0.4839218135083848,5.0,0.2893738328195565,-0.0432154497306112,0.9444561082960232,0.0229656647804394,-0.0489047091381686,-0.3241659562132242,0.7850843667984009,-0.0796094983816146,-0.2917842864990234
1760945218.998027,-1.9639364723739252,22.121811596207632,6.402328198659321,0.0649277553196383,0.009210357410096,-0.2965735937615134,5.0,0.2989125822189895,-0.0423859222277776,0.9438348214767766,0.0236934343311586,-0.0490346383935134,-0.3258988419358278,0.7844825983047485,-0.0792076289653778,0.0079125855118036
1760945219.0101233,-1.9229527479173505,22.09324506216382,6.405992016989134,-0.0098238257045024,0.0107341164306484,-0.1161493759276424,5.0,0.2989245324352719,-0.0412687079540098,0.943539540902972,0.0238180890290639,-0.048987036018827,-0.3267508281392753,0.7844825983047485,-0.0792076289653778,0.0079125855118036
1760945219.02224,-1.8820069470289904,22.06462357051551,6.409656552129711,0.1860241303454492,0.0123015277550643,-0.194922080105584,5.0,0.301417951610391,-0.0405038281336218,0.9432671163559764,0.0244147581794415,-0.0490993926935821,-0.3274756730226557,0.784082293510437,-0.0789214372634887,-0.2853040695190429
1760945219.0342774,-1.841091836183904,22.03595263236404,6.413322089001274,0.2919655655946498,0.013772256191102,-0.3078064308336834,5.0,0.3088503108483548,-0.0401560156270911,0.9428025332420092,0.0257239529442899,-0.0494288899140818,-0.3286615986074913,0.784082293510437,-0.0789214372634887,-0.2853040695190429
1760945219.046438,-1.8002068768588333,22.0072269819414,6.416988281255039,0.3351467484345855,0.01528238833308,-0.4080791000181455,5.0,0.3211818361999842,-0.0399442093344046,0.9421480050450248,0.0273584965720751,-0.0498402997046575,-0.3303401183331286,0.7834568619728088,-0.0784957632422447,-0.282664805650711
1760945219.058338,-1.7593529316164482,21.978440283460472,6.420655021264492,0.3423609086127012,0.0166796143127601,-0.4818943069071557,5.0,0.3372639047956417,-0.0397353862615889,0.941343612624522,0.0291073468807574,-0.0502646053145418,-0.332413048451998,0.7834568619728088,-0.0784957632422447,-0.282664805650711
1760945219.0704327,-1.7185317605027577,21.949585797914967,6.424322147100975,0.3307806668463232,0.0180182879713312,-0.524008190777512,5.0,0.3554838659722764,-0.0394557422611152,0.9404431014710988,0.0308406483167684,-0.0506631316388692,-0.3347370227497475,0.7830392718315125,-0.0783765241503715,-0.2794764637947082
1760945219.0825562,-1.6777459134650998,21.920656992574884,6.4279893870378935,0.3162653018666579,0.0192692968217839,-0.5419181079454739,5.0,0.3745029158425885,-0.0390879283863015,0.939493452854156,0.0325133353578485,-0.0510264336617871,-0.3371813134440329,0.7830392718315125,-0.0783765241503715,-0.2794764637947082
1760945219.094582,-1.636998628183821,21.891647893285207,6.4316562637356105,0.3023269242185044,0.0205134342022282,-0.5405238798701175,5.0,0.3931832243565582,-0.0386367277260872,0.9385322230389193,0.0341180927171474,-0.0513572148418959,-0.3396404842633629,0.7826215624809265,-0.0781808793544769,-0.2753523588180542
1760945219.106616,-1.5962960947775182,21.862548071543696,6.4353220300344764,0.2954916543181726,0.0216866301100164,-0.5302445312898937,5.0,0.4109131594885643,-0.0381296572573105,0.937581289136458,0.0356796695596712,-0.0516675499655438,-0.3420508028376605,0.7826215624809265,-0.0781808793544769,-0.2753523588180542
1760945219.118944,-1.5556333817601553,21.833382313786647,6.438984822094043,0.120568191627262,0.0229086082429434,-0.3350617049174698,5.0,0.4197924440246584,-0.0371780490026074,0.9368421200111242,0.0366853804330661,-0.0518019969032634,-0.3439441497574538,0.7819824814796448,-0.0779788121581077,-0.0331115163862705
1760945219.1308963,-1.51503994168736,21.80411541160012,6.4426409207439175,0.0530925375497785,0.0241217044322149,-0.1528578075465402,5.0,0.4189010404081524,-0.0358686125135242,0.9364581288733332,0.0371283143751912,-0.0517778767672515,-0.3449445065748807,0.7819824814796448,-0.0779788121581077,-0.0331115163862705
1760945219.1430075,-1.474505342897182,21.77476802814243,6.446290372336123,0.2106893102598877,0.025316785867845,-0.1888509052568771,5.0,0.4184957475795741,-0.0349874922025929,0.9361382567852026,0.0379426485558578,-0.0518972825170491,-0.3457053538362896,0.7815430760383606,-0.0779789015650749,-0.2659358382225036
1760945219.1549823,-1.4340236997827138,21.745345048113663,6.449933054775588,0.3031811019737583,0.026453624213728,-0.2621412250337498,5.0,0.4209191518336828,-0.0345990832818038,0.9356863324145952,0.039327591379739,-0.052203205670758,-0.3467264818361708,0.7815430760383606,-0.0779789015650749,-0.2659358382225036
1760945219.1670928,-1.3935959308962391,21.7158403321599,6.453568267995897,0.3444945143575262,0.0271422618334717,-0.3337311454222429,5.0,0.4266414419436053,-0.0344144736463541,0.9350886181766992,0.0410063338870959,-0.0525910838156901,-0.348083229473387,0.780678927898407,-0.0790568590164184,-0.2620651721954345
1760945219.1790352,-1.353223467177986,21.68624771385741,6.457195586777753,0.3559572119820322,0.027784072688191,-0.390529964189049,5.0,0.4351121091745872,-0.0342746942624109,0.9343691359853312,0.0428054259098918,-0.0530004233266666,-0.3497327098769753,0.780678927898407,-0.0790568590164184,-0.2620651721954345
1760945219.1911519,-1.3129091110325533,21.656560010950177,6.460814480429185,0.3497113130607584,0.0283910944180873,-0.4245023504335457,5.0,0.4451799705238581,-0.0340812243373663,0.933569496780138,0.0446076117577586,-0.0533939474969466,-0.3515782160851868,0.7802428603172302,-0.079039566218853,-0.2579863369464874
1760945219.2031856,-1.272656306853739,21.62677085843756,6.464424296905456,0.3398744265088688,0.0289667990013263,-0.4412937546463207,5.0,0.4558869503323534,-0.0338097516766818,0.932726645761797,0.0463705316247974,-0.0537620298742653,-0.3535257023563908,0.7802428603172302,-0.079039566218853,-0.2579863369464874
1760945219.215373,-1.2324687858471204,21.59687525309741,6.468024238869596,0.3283737436858862,0.0292358253006522,-0.4427888062469229,5.0,0.466323204161019,-0.0334718977974371,0.9318719626156274,0.0480785541399314,-0.0541057626235895,-0.3554935503966735,0.7793551087379456,-0.0798824504017829,-0.2532550692558288
1760945219.2275083,-1.192353028804209,21.56686488204977,6.471612984685423,0.3217017659350291,0.0295137722131709,-0.4377034748390226,5.0,0.4760902649347977,-0.0330933182622184,0.9310211580029676,0.049748179946199,-0.0544346455456101,-0.3574375348325598,0.7793551087379456,-0.0798824504017829,-0.2532550692558288
1760945219.2396312,-1.152305082383433,21.53674879120432,6.475190808293461,0.3158100590879342,0.0295070389604777,-0.4265980901959261,5.0,0.4848828909341625,-0.0326994206610561,0.9301849285602612,0.0513869842604078,-0.0547553983606233,-0.3593288506066994,0.7788950204849243,-0.0807599052786827,-0.2481164932250976
1760945219.2516987,-1.1123278258514973,21.50652481798731,6.478756929280861,0.3143227898693512,0.0295319541262523,-0.4155667129211179,5.0,0.4927749814422364,-0.0323080823236951,0.9293624551511308,0.0530155342137844,-0.0550758148143644,-0.3611667685571629,0.7788950204849243,-0.0807599052786827,-0.2481164932250976
1760945219.2639005,-1.072424638074039,21.476190531555428,6.482310433403007,0.3126382212320696,0.0295496262538365,-0.4021346003950993,5.0,0.4995910765745687,-0.0319178349419121,0.928558499672093,0.0546322365210029,-0.0553963013034677,-0.3629403273560548,0.778441846370697,-0.0808677971363067,-0.2428177446126938
1760945219.2759297,-1.03259840303959,21.445743970385887,6.4858504790499465,0.3141977032076406,0.0295956267273947,-0.3910923922239775,5.0,0.5055171732454813,-0.0315406215870362,0.9277682176957488,0.0562528498599218,-0.0557220633000507,-0.3646598453050129,0.778441846370697,-0.0808677971363067,-0.2428177446126938
1760945219.2881427,-0.992830813676032,21.41521908573355,6.489379698742532,0.2095368602916794,0.0294485505930479,-0.2662629171491276,5.0,0.5055263697487254,-0.0308509101770269,0.9271360065065712,0.0575256485621494,-0.055942142273796,-0.3660329246316098,0.7777578234672546,-0.081516109406948,-0.0889695063233375
1760945219.3001995,-0.9531613704187434,21.38457117252671,6.492890128406016,0.168952867884193,0.0293808799623998,-0.153577701638702,5.0,0.4994566629430352,-0.0299500849543791,0.9267389351058084,0.0584717050731497,-0.0560814668196413,-0.3668662902804621,0.7777578234672546,-0.081516109406948,-0.0889695063233375
1760945219.3121996,-0.9135840924851872,21.353812347020177,6.496382016131619,0.2655100141976144,0.0292909152247937,-0.1777630012151021,5.0,0.4937086152673135,-0.0293978599419139,0.9263724683910896,0.0596529131625308,-0.0563247589348427,-0.367563737723344,0.7772848606109619,-0.0817566514015197,-0.2322117090225219
1760945219.3241513,-0.8740980549712231,21.322941822028472,6.499854662160949,0.3216277260341126,0.0292317536170322,-0.2246349025374981,5.0,0.4897570386074112,-0.0292042402275827,0.9259054396936564,0.0611717484337889,-0.0566850529877634,-0.3684344428891311,0.7772848606109619,-0.0817566514015197,-0.2322117090225219
1760945219.3363173,-0.8347074744677238,21.29195162872036,6.503306578457994,0.3435218361721562,0.0292012676651874,-0.2696589389536177,5.0,0.4878015023110368,-0.0291475616528782,0.925334435423678,0.0628644200403768,-0.0570942129983787,-0.3695192798139572,0.7765945196151733,-0.0817104130983352,-0.2275408804416656
1760945219.3483307,-0.7954153524311366,21.26083549541541,6.506736738740727,0.3481819897752976,0.0291779470771958,-0.3052054003813173,5.0,0.4874705258171353,-0.0290899638480861,0.9246807313485064,0.0646111277569685,-0.0575075017169116,-0.3707881261435476,0.7765945196151733,-0.0817104130983352,-0.2275408804416656
1760945219.3604035,-0.7562283608196531,21.229583902556183,6.5101433649668685,0.341317366980129,0.0288808409738293,-0.3254675799397795,5.0,0.4879413265530945,-0.0289763956988546,0.9239763556400322,0.0663390366879924,-0.0579033479093777,-0.3721747287637348,0.7761189341545105,-0.0825551301240921,-0.2227715253829956
1760945219.372367,-0.7171491656723931,21.19819378011566,6.513525535742956,0.3333281572140474,0.0286250575252895,-0.3363878450910975,5.0,0.4886658209032188,-0.028802277795571,0.9232455096741362,0.0680294536455576,-0.0582796486737417,-0.3736217403386702,0.7761189341545105,-0.0825551301240921,-0.2227715253829956
1760945219.384415,-0.6781708686009291,21.1666753625617,6.516884473528668,0.3232733766100717,0.0283353461277071,-0.3379649327083311,5.0,0.4890717651584989,-0.0285735857765938,0.9225099170563964,0.0696729986293722,-0.0586376444543153,-0.375076995892099,0.7756385207176208,-0.0827720686793327,-0.2176567912101745
1760945219.396419,-0.639296114573922,21.13502676812464,6.520219195544029,0.3163036759493211,0.0280897482811923,-0.3365143633600853,5.0,0.4890835939210086,-0.0283086639283234,0.9217743994493862,0.0712831285590243,-0.0589838872406866,-0.3765256606773818,0.7756385207176208,-0.0827720686793327,-0.2176567912101745
1760945219.4084811,-0.6004950706520342,21.10328899515133,6.523536342229069,0.2564265836142095,0.0276316918249186,-0.2750371630098824,5.0,0.4859728589395248,-0.0278714646538116,0.9211244158252012,0.0726931748522517,-0.0592690016734082,-0.3777998125214191,0.7749292254447937,-0.0834928154945373,-0.1386013031005859
1760945219.4205413,-0.5618135623316404,21.071410917772187,6.526824504235112,0.2312792268338169,0.0272557075735646,-0.2181841679108853,5.0,0.4796239109649805,-0.0273119382408135,0.920600302098072,0.0739095888003468,-0.0595065090310542,-0.3788026291398192,0.7749292254447937,-0.0834928154945373,-0.1386013031005859
1760945219.4327104,-0.5232469484479284,21.03940080053591,6.530084099646174,0.2722893014095275,0.0267045449968987,-0.2268859830033417,5.0,0.4733122599363122,-0.0269170752212343,0.9200876092940328,0.0752265248840793,-0.0597938660058334,-0.3797426164727008,0.7744402289390564,-0.0842002779245376,-0.2071163058280944
1760945219.4446146,-0.4848027740636256,21.007249829839555,6.533312480822734,0.2957377063476505,0.0262248288886008,-0.2467386188799865,5.0,0.4676388817375166,-0.0266848208009329,0.9195251670987452,0.0766861973345855,-0.0601336267484615,-0.3807579823778648,0.7744402289390564,-0.0842002779245376,-0.2071163058280944
1760945219.4566998,-0.4465017546124565,20.974933804723197,6.5365036055381065,0.3023692945561202,0.0255956017307787,-0.2638259389394501,5.0,0.4626300141754124,-0.0265125400924687,0.9189130957283648,0.0782039876752097,-0.0604902400168355,-0.3818688121244186,0.7737196683883667,-0.0848408713936805,-0.2022097557783126
1760945219.4686868,-0.4083209464301993,20.942479307152976,6.539662938221499,0.3035660696264415,0.0250310526315909,-0.2782060048802099,5.0,0.45804371824511,-0.0263448852444641,0.9182688279565075,0.0797305090470331,-0.0608459343957334,-0.3830446159365682,0.7737196683883667,-0.0848408713936805,-0.2022097557783126
1760945219.4808009,-0.3702620062233627,20.909885212876738,6.542789612044741,0.2988465894074465,0.0242764771786986,-0.2858985725046718,5.0,0.4534911776206806,-0.0261655129340422,0.9176075515430916,0.0812359247621932,-0.061192728772638,-0.3842558468318762,0.7732255458831787,-0.0855889990925788,-0.1973424702882766
1760945219.4928114,-0.3323271799918412,20.877149873147125,6.545882604389825,0.2940840798957048,0.0235983553833072,-0.2911146103725582,5.0,0.4489158115523121,-0.0259726189597819,0.9169340401769152,0.0827194345373857,-0.0615311025449943,-0.3854910952723182,0.7732255458831787,-0.0855889990925788,-0.1973424702882766
1760945219.5049958,-0.294519104307283,20.84427156640343,6.548940770517791,0.2875321853863473,0.0229559800419531,-0.2920060585111433,5.0,0.4440670220720361,-0.0257600799919577,0.91625742034014,0.0841715929371459,-0.0618591629480165,-0.3867310778479361,0.7787143588066101,-0.0856965854763984,-0.1935818344354629
1760945219.516924,-0.2568400692143354,20.81124898523699,6.551963040334383,0.2826447185129149,0.0223833226958624,-0.2923083799054318,5.0,0.4389687124589878,-0.025534295216802,0.915578266753327,0.0855999928656313,-0.0621800094199207,-0.3879725829216752,0.7787143588066101,-0.0856965854763984,-0.1935818344354629
1760945219.529009,-0.2192710848479729,20.7781053244636,6.554954330676223,0.2629585227054419,0.0214983968275707,-0.2742852753811661,5.0,0.4326295182102151,-0.0252644438167033,0.9149311789248944,0.0869465476703693,-0.0624783455246741,-0.389149960837473,0.7717825770378113,-0.0867858231067657,-0.168414905667305
1760945219.5412295,-0.1818579599651651,20.744792705039966,6.557901201048229,0.2536797362087289,0.0207214109827358,-0.2595614026220045,5.0,0.425171417276897,-0.0249807322940923,0.9143199466311328,0.0882295895817502,-0.0627644168854118,-0.3902501796126592,0.7717825770378113,-0.0867858231067657,-0.168414905667305
1760945219.5533555,-0.1445853816161642,20.711329107958584,6.560807475700209,0.2576836459879535,0.0198294903177713,-0.2596559183628181,5.0,0.4176417874327757,-0.0247445701003783,0.913704305767699,0.0895276412597171,-0.0630619150303235,-0.3913469534118627,0.7712811827659607,-0.0873818397521972,-0.1826469153165817
1760945219.565415,-0.107451697010914,20.67771734597422,6.563673149091854,0.2597933490245561,0.0190263954610467,-0.2627184024574375,5.0,0.4100339576081063,-0.0245375628342472,0.9130783799974732,0.090834424165661,-0.0633656270062335,-0.3924560824879509,0.7712811827659607,-0.0873818397521972,-0.1826469153165817
1760945219.5775056,-0.0704593259398031,20.643956030585407,6.566497061694466,0.2574669580688972,0.0181011511381156,-0.2640127340135672,5.0,0.4022062069897428,-0.0243449941117223,0.9124475582332976,0.0921288764547913,-0.0636681954754384,-0.393570939580366,0.7703307271003723,-0.0879896879196167,-0.1779884546995163
1760945219.5895183,-0.0336102581816041,20.61004415842968,6.56927818947857,0.2551354739808002,0.0172657978014993,-0.2663879693700332,5.0,0.3942714696887276,-0.0241608597251852,0.9118097609679932,0.0934114900837302,-0.0639686761393601,-0.3946964172586394,0.7703307271003723,-0.0879896879196167,-0.1779884546995163
1760945219.601564,0.0030930953783335,20.575980492299998,6.572015393765027,0.2500066205357106,0.0162756228944973,-0.2662941671970514,5.0,0.3860585939792538,-0.0239817909419397,0.9111711481136456,0.0946684254456132,-0.064263378238658,-0.3958222407675755,0.7698222398757935,-0.088701032102108,-0.1734465062618255
1760945219.6135612,0.0396487632314092,20.541764188388687,6.574707672641111,0.2460098269475217,0.0153800303740305,-0.2671490103880743,5.0,0.3776748256038942,-0.0238072753506221,0.9105294207178326,0.0959053381010814,-0.0645536318627978,-0.396952350722713,0.7698222398757935,-0.088701032102108,-0.1734465062618255
1760945219.625668,0.0760543831419506,20.507394174804308,6.577353910108516,0.2400527975779871,0.014405762599802,-0.2658176200085986,5.0,0.3689653788319021,-0.0236346768016718,0.9098899101721908,0.0971124573168916,-0.0648369265915493,-0.3980774986744154,0.7690917253494263,-0.0891976729035377,-0.169006735086441
1760945219.6375551,0.112308037960456,20.47286975393266,6.579953128164385,0.2356769121675934,0.0135244275181556,-0.2657682717100189,5.0,0.3600531991432529,-0.0234654470987864,0.9092494392181564,0.0982975869840542,-0.0651153379480374,-0.3992029990349441,0.7690917253494263,-0.0891976729035377,-0.169006735086441
1760945219.6496391,0.1484074416149543,20.43818999312053,6.582504245497772,0.2296533301039098,0.0124493538685091,-0.2639593270518954,5.0,0.3508060070373769,-0.0233035113659036,0.908612358995453,0.0994522935721675,-0.0653873006511914,-0.4003215248990545,0.7685779333114624,-0.0900346338748931,-0.1646853387355804
1760945219.6615903,0.1843507471165952,20.40335431129269,6.585006325811512,0.2252794163215536,0.0114744690354633,-0.2637109839529307,5.0,0.341358900515358,-0.0231493335156675,0.9079748733204522,0.1005847923617953,-0.0656548616704952,-0.4014396194987128,0.7685779333114624,-0.0900346338748931,-0.1646853387355804
1760945219.6736965,0.2201357554464572,20.3683618908827,6.587458336281932,0.2193379789310252,0.010352036947606,-0.2620029670444322,5.0,0.3315958040172158,-0.0230047873639284,0.9073407414105048,0.1016872079328336,-0.0659162575497113,-0.4025512858134975,0.7680636644363403,-0.0907526388764381,-0.1605004668235778
1760945219.685611,0.2557606941534353,20.33321224818162,6.589859391104036,0.2149720242188849,0.0093323545989196,-0.2619721910835116,5.0,0.3216556951687137,-0.02286945860833,0.9067059274038533,0.1027674571680562,-0.0661733158929605,-0.4036636015566189,0.7680636644363403,-0.0907526388764381,-0.1605004668235778
1760945219.6976843,0.2912234531144614,20.297904667814244,6.592208514662705,0.2090585409007391,0.008161078799918,-0.2606420917095228,5.0,0.31143200101049,-0.0227455558263264,0.90607387938136,0.1038178043401419,-0.0664242454788567,-0.4047713035991675,0.7673251032829285,-0.0914898663759231,-0.1564647257328033
1760945219.7096603,0.3265223327470526,20.262438754675664,6.594504879168646,0.2046228932546047,0.0070950314995903,-0.2609857376073475,5.0,0.3010615801340419,-0.0226318307911974,0.9054405740232736,0.104845723201986,-0.0666706645288436,-0.4058814651224414,0.7673251032829285,-0.0914898663759231,-0.1564647257328033
1760945219.7218676,0.361655309603093,20.226813890885776,6.596747573745043,0.1986685556230632,0.0058739482715852,-0.2601079538216881,5.0,0.290443476883826,-0.0225309168291111,0.9048093053035906,0.1058436323134489,-0.0669108075579999,-0.4069891772107282,0.7668114304542542,-0.0922443717718124,-0.1525858342647552
1760945219.7337818,0.3966207535117527,20.19102976734253,6.598935835330149,0.1941097720730717,0.0047604948191177,-0.2608414583795546,5.0,0.2797095066264138,-0.0224408742557955,0.904176177203464,0.1068186132458991,-0.0671461443170549,-0.4081012371278804,0.7668114304542542,-0.0922443717718124,-0.1525858342647552
1760945219.745815,0.4314167252577793,20.155085863460737,6.601068821219794,0.1880838137854034,0.0035446668190945,-0.260399201231237,5.0,0.2687628694979833,-0.0223624147906271,0.9035443994394192,0.107763445164786,-0.0673747430741686,-0.4092129056170699,0.7660838961601257,-0.0928475558757782,-0.1488688439130783
1760945219.7577963,0.466041661954267,20.11898195690093,6.603145833204617,0.1833887099165353,0.0024345071024625,-0.2614867588767977,5.0,0.2577293821758745,-0.0222935004627226,0.9029102356455646,0.1086848825470601,-0.0675979914977176,-0.4103306157450077,0.7660838961601257,-0.0928475558757782,-0.1488688439130783
1760945219.7699523,0.5004937054725899,20.08271762418426,6.605166104425392,0.1772947715575782,0.0011129743683847,-0.2614390793732922,5.0,0.2465161896384209,-0.0222402723470288,0.9022767561806736,0.1095758088953406,-0.0678145591702169,-0.4114498546913856,0.7655676603317261,-0.093773104250431,-0.145317792892456
1760945219.7819483,0.53477135555852,20.04629272842543,6.607129014612358,0.1724767246651083,-9.622342645302832e-05,-0.262838369898615,5.0,0.2352429800837881,-0.02219958884475,0.9016403886354064,0.1104427121988287,-0.0680257346822163,-0.4125766793270125,0.7655676603317261,-0.093773104250431,-0.145317792892456
1760945219.7940142,0.5688728315525137,20.00970694280764,6.609033882332637,0.1663365868118944,-0.0014802496953893,-0.2631473808936642,5.0,0.2238211102630067,-0.0221761085251472,0.9010040965405554,0.1112789161441726,-0.0682301465648227,-0.4137067414711279,0.7650481462478638,-0.0946069732308387,-0.1419362723827362
1760945219.8060172,0.6027966927644494,19.97296021545927,6.6108801713429655,0.1614201957975518,-0.0027490398285169,-0.2648237254078408,5.0,0.2123642516736279,-0.0221660899250262,0.9003644654993557,0.1120906486688899,-0.0684290068853328,-0.4148457385146123,0.7650481462478638,-0.0946069732308387,-0.1419362723827362
1760945219.818062,0.6365412335554261,19.93605231591978,6.612667290326466,0.1552612979395234,-0.0041749438976094,-0.2654601493851634,5.0,0.2007882648493154,-0.0221737653531902,0.8997243302480168,0.1128716494393484,-0.0686209918914101,-0.4159895188396429,0.7643260955810547,-0.0953956544399261,-0.1387274861335754
1760945219.8300006,0.670105070491261,19.898983276779468,6.614394790041274,0.1502732068377342,-0.0054844727043958,-0.2673869182321129,5.0,0.1892008821152994,-0.0221950071081121,0.899080431869218,0.1136278801282993,-0.0688072434250178,-0.4171434347315794,0.7643260955810547,-0.0953956544399261,-0.1387274861335754
1760945219.8421545,0.703486570684389,19.86175296319577,6.616062173017869,0.1441225101364105,-0.0069629703702907,-0.2683278705011566,5.0,0.1775226657213785,-0.0222349788939562,0.8984354551890023,0.1143534370883648,-0.0689866177259197,-0.4183035630497853,0.7638165354728699,-0.0962232872843742,-0.135694220662117
1760945219.8542094,0.7366844054427408,19.82436149102886,6.617669080812809,0.1390877351502535,-0.0083232034496618,-0.2704833157512573,5.0,0.1658554132100964,-0.0222890735053264,0.8977862986840024,0.1150540089010301,-0.0691601795241667,-0.4194749176044571,0.7638165354728699,-0.0962232872843742,-0.135694220662117
1760945219.8662305,0.7696970128330749,19.786808820437496,6.619215110767137,0.1329697751072527,-0.0098092021551719,-0.2717090709868133,5.0,0.1541245043342724,-0.0223608823782636,0.8971355093009526,0.1157241614084971,-0.0693267161735251,-0.4206537802542796,0.7631019949913025,-0.0969262421131134,-0.1328387260437011
1760945219.87826,0.8025231176127627,19.74909514999532,6.620699993441037,0.1279109728586149,-0.0111786335426785,-0.2740735915161048,5.0,0.1424257702115792,-0.0224457424959611,0.8964801454562716,0.1163692945903712,-0.0694872284244276,-0.4218448306725266,0.7631019949913025,-0.0969262421131134,-0.1328387260437011
1760945219.890275,0.8351612261534432,19.71122053296404,6.622123425891928,0.1218477588621082,-0.0127759448085127,-0.2755654085470437,5.0,0.1306894415160256,-0.0225521908217242,0.8958225616263035,0.1169841351655133,-0.069641085375296,-0.4230446423589538,0.762590765953064,-0.0979320481419563,-0.1301625519990921
1760945219.9022412,0.8676101127554172,19.67318524762807,6.623485237552774,0.1167855373004862,-0.0142503340287689,-0.2781200518806951,5.0,0.1190053323161305,-0.0226745591728301,0.8951599829880027,0.1175738045961731,-0.0697891854867041,-0.4242575572913252,0.762590765953064,-0.0979320481419563,-0.1301625519990921
1760945219.9143171,0.8998683491030812,19.634989438368383,6.624785230439792,0.110797081248789,-0.0159006010128907,-0.2798593173776146,5.0,0.107308549776515,-0.0228190570276193,0.8944946218512099,0.11813351090398,-0.0699307875420091,-0.4254803521133669,0.7620863318443298,-0.0987985208630561,-0.1276666522026062
1760945219.9264812,0.9319347570462876,19.596633461576488,6.626023333982536,0.1057505022952847,-0.0174264886167391,-0.2825853252582187,5.0,0.0956828685073889,-0.0229796566274416,0.8938238723338031,0.1186680831299272,-0.0700667083411673,-0.42671703466666,0.7620863318443298,-0.0987985208630561,-0.1276666522026062
1760945219.9386582,0.9638079718471132,19.55811755119308,6.627199455220584,0.0998551987760001,-0.0191144121256721,-0.2845533156776446,5.0,0.0840682669112375,-0.0231622047204596,0.8931497892548995,0.1191731269582082,-0.0701962670495112,-0.4279646058463773,0.7613918781280518,-0.0996274054050445,-0.1253513097763061
1760945219.950704,0.9954868615401192,19.5194421401134,6.628313622512079,0.0948420812270308,-0.0206777405327276,-0.2874320583418534,5.0,0.0725424718733473,-0.0233604766182182,0.8924699383513802,0.1196531742161138,-0.0703202035853328,-0.4292267419520937,0.7613918781280518,-0.0996274054050445,-0.1253513097763061
1760945219.9627423,1.0269701231757542,19.4806075497987,6.629365848466482,0.0890569306643836,-0.0224296136060645,-0.2896099748818708,5.0,0.0610503069562445,-0.0235817507957749,0.8917862013515654,0.1201041375300513,-0.0704380769692322,-0.430500690522076,0.7608911991119385,-0.1005368083715438,-0.1232161372900009
1760945219.9747555,1.058256669089303,19.441614287260467,6.63035626199552,0.0840940011038438,-0.0240546508762244,-0.2926230326363911,5.0,0.0496634637439071,-0.023819381554756,0.8910963185888164,0.1205302549535813,-0.0705505405786067,-0.4317897982379267,0.7608911991119385,-0.1005368083715438,-0.1232161372900009
1760945219.9868176,1.089345257124895,19.40246275992126,6.631284978123341,0.0784347724359959,-0.0257974034736347,-0.2949921772795505,5.0,0.0383315804910616,-0.0240776559554913,0.8904020320154508,0.1209279500814942,-0.0706569583754209,-0.4330914989987425,0.7602158784866333,-0.1012390628457069,-0.1212601959705352
1760945219.9989154,1.1202348441156047,19.36315354785527,6.632152219165636,0.073537751044347,-0.0274167973389084,-0.2981214910192541,5.0,0.0271203502007407,-0.0243502022837819,0.8897012562846209,0.1213011558332493,-0.070757922361366,-0.4344088173393672,0.7602158784866333,-0.1012390628457069,-0.1212601959705352
1760945220.0109985,1.1509242473419996,19.32368714180706,6.632958202037631,0.0680189975205891,-0.0292506367518658,-0.3006633529526111,5.0,0.0159841691159127,-0.0246459457964529,0.8889955342083936,0.1216464389583422,-0.0708533467037061,-0.4357394718259655,0.7597309947013855,-0.1022233292460441,-0.1194819509983062
1760945220.0231454,1.181412465770242,19.284064191352225,6.633703247179859,0.0632026037058893,-0.0309566721848681,-0.3038912882100726,5.0,0.0049827813532567,-0.0249578492471265,0.8882829583239632,0.1219674451674106,-0.0709437263141912,-0.4370861653807176,0.7597309947013855,-0.1022233292460441,-0.1194819509983062
1760945220.0353048,1.211698374812031,19.244285268170945,6.634387671764483,0.0578377081364368,-0.0327914342553407,-0.3065876422271191,5.0,-0.0059247164267853,-0.0252909620179279,0.8875649370560479,0.1222612727724701,-0.0710287124305162,-0.4384467877624518,0.7588688135147095,-0.1029614061117172,-0.1178793534636497
1760945220.0473194,1.2417810158263871,19.204351089744296,6.635011887559269,0.053115678099391,-0.0345011247300543,-0.3098970537370778,5.0,-0.0166844557746597,-0.0256384804328348,0.8868397388130449,0.1225312678701085,-0.0711087346780871,-0.4398237304973839,0.7588688135147095,-0.1029614061117172,-0.1178793534636497
1760945220.0594552,1.271659321302831,19.16426230564816,6.635576310449586,0.0479168473598091,-0.0364174690819411,-0.312729983032012,5.0,-0.0273327197602197,-0.0260091553933537,0.8861085806306003,0.1227746954661426,-0.0711839067879543,-0.4412151503523228,0.7583943009376526,-0.1039268374443054,-0.1164498180150985
1760945220.0714805,1.301332373243992,19.124019697569764,6.636081446242908,0.0433019353722922,-0.0382050850250085,-0.3161042275603226,5.0,-0.0378214298247368,-0.0263956663520937,0.8853699086686343,0.1229946188662712,-0.0712545645966349,-0.4426231304147794,0.7583943009376526,-0.1039268374443054,-0.1164498180150985
1760945220.0835009,1.330799159869713,19.083623989830134,6.63652780858911,0.0382802498504162,-0.0401558189145258,-0.319056184642028,5.0,-0.0481823354670961,-0.0268047210585687,0.8846247931698006,0.1231887271827382,-0.0713207436569664,-0.4440460160035238,0.757926881313324,-0.1047709584236145,-0.1151903048157692
1760945220.0954866,1.3600588035525214,19.043076025702025,6.636915993496339,0.0337842540122078,-0.0419779813334143,-0.3224791640361814,5.0,-0.0583730452935452,-0.0272289860464949,0.8838718560163356,0.123359797305202,-0.0713827030019639,-0.4454855915326453,0.757926881313324,-0.1047709584236145,-0.1151903048157692
1760945220.1075854,1.3891103480457994,19.002376601535,6.637246606853336,0.0289496717791742,-0.0439362052050848,-0.3255329859455603,5.0,-0.0684208774893183,-0.0276740722912508,0.8831120170390475,0.1235058978511332,-0.0714404717283032,-0.4469403959774146,0.7570918202400208,-0.1055332273244857,-0.1140973046422004
1760945220.1196468,1.4179529565871167,18.96152661977832,6.637520328130817,0.0245834389774714,-0.0457679985688756,-0.3289891537265193,5.0,-0.078289012396698,-0.0281328769957164,0.8823440718953426,0.1236295202389488,-0.0714942411197805,-0.4484119244660433,0.7570918202400208,-0.1055332273244857,-0.1140973046422004
1760945220.1317086,1.4465857280372647,18.92052694547181,6.63773785135394,0.0199448475479441,-0.0477735692726144,-0.3321281203745066,5.0,-0.0880004480335821,-0.0286128267531244,0.8815687694785479,0.1237289583758833,-0.0715443179686597,-0.4498989443260531,0.7566381692886353,-0.1064032912254333,-0.1131669208407402
1760945220.14376,1.475007865920082,18.879378536709705,6.637899937656452,0.0157183031315882,-0.0496516052802471,-0.3356025299839951,5.0,-0.0975238067617549,-0.0291066693726779,0.8807850784796124,0.1238064310442189,-0.0715908116720104,-0.451402668184293,0.7566381692886353,-0.1064032912254333,-0.1131669208407402
1760945220.1559298,1.5032185241548612,18.83808232427208,6.638007362754693,0.0112835193838098,-0.0516339770677913,-0.3388103799395591,5.0,-0.106877890555642,-0.0296187251633048,0.8799936183277878,0.1238606871579267,-0.0716338319758383,-0.4529220197733726,0.7560241222381592,-0.10706727206707,-0.1123948469758033
1760945220.1679902,1.5312169477878974,18.796639319708515,6.638060959494108,0.0072056651749175,-0.0534931245158871,-0.3422886885109958,5.0,-0.1160366239719988,-0.0301422509110353,0.8791935266870073,0.123893667918144,-0.0716734307749051,-0.4544579419510744,0.7560241222381592,-0.10706727206707,-0.1123948469758033
1760945220.1800563,1.5590023454327089,18.755050515654748,6.638061581106784,0.0029814643487235,-0.0555390054890215,-0.3455496529156958,5.0,-0.1250147418505301,-0.0306854031729525,0.8783852427820943,0.1239042236726559,-0.0717101870287427,-0.4560096026346599,0.7555845379829407,-0.1079676374793052,-0.1117764189839363
1760945220.1920135,1.586574002531704,18.713316972741712,6.638010132891039,-0.0009396017090533,-0.0574590106474387,-0.3490181492731453,5.0,-0.1337913140606248,-0.0312411164332498,0.8775680727315295,0.1238940403457191,-0.0717440648357872,-0.4575776804542819,0.7555845379829407,-0.1079676374793052,-0.1117764189839363
1760945220.2041287,1.613931181480578,18.67143974154489,6.637907542539365,-0.0049474555826737,-0.059518253934997,-0.3523169926164259,5.0,-0.1423771494327257,-0.0318152414720309,0.8767423260250614,0.1238623519329844,-0.0717755383528339,-0.4591615005898855,0.7551536560058594,-0.108732096850872,-0.1113066524267196
1760945220.216138,1.6410732083298007,18.62941992860651,6.637754781976332,-0.0087045263614886,-0.0614529322605754,-0.3557626229644575,5.0,-0.1507563005278543,-0.0324009038668786,0.8759074727023537,0.1238105884845733,-0.0718045019640766,-0.4607614902972795,0.7551536560058594,-0.108732096850872,-0.1113066524267196
1760945220.2282348,1.667999399240436,18.587258638878627,6.637552846535028,-0.0124912684582076,-0.0635087824650446,-0.3590846667379387,5.0,-0.1589357988337028,-0.0330031820460056,0.8750636864962651,0.1237382895129687,-0.0718314521041195,-0.4623771434365941,0.7545700669288635,-0.1094386726617813,-0.1109802573919296
1760945220.240204,1.694709121420581,18.54495702167687,6.637302767494344,-0.0160780209915414,-0.0654425045753044,-0.3624950503139411,5.0,-0.1669045061498535,-0.0336155268042808,0.8742105973272534,0.1236466351606815,-0.0718562192029799,-0.4640086474366848,0.7545700669288635,-0.1094386726617813,-0.1109802573919296
1760945220.2522888,1.7212017446712622,18.502516232513624,6.6370056013029455,-0.0196398619611355,-0.067504351981199,-0.3658262054205612,5.0,-0.1746658302476506,-0.0342433791484995,0.8733482389928403,0.1235354005257481,-0.0718794287596448,-0.4656556732031028,0.7541553378105164,-0.1101595982909202,-0.1107916757464408
1760945220.2642455,1.7474766774583674,18.45993745991805,6.636662433045094,-0.0230508443520666,-0.0694455715699558,-0.369189656607946,5.0,-0.1822132579332934,-0.0348803988195366,0.8724763975004677,0.1234055268340879,-0.071900843978987,-0.4673181789600275,0.7541553378105164,-0.1101595982909202,-0.1107916757464408
1760945220.276312,1.7735333434156928,18.417221906541904,6.636274371501684,-0.0263849570003296,-0.0714602434611653,-0.3725164433405275,5.0,-0.1895467381104844,-0.0355296098557946,0.8715949940661444,0.1232571554353614,-0.0719209474020938,-0.4689959672295767,0.7535943984985352,-0.1107120737433433,-0.1107350960373878
1760945220.2882783,1.7993711934632133,18.37437079746559,6.635842544590042,-0.0296155826999144,-0.0733597032389051,-0.375821982008633,5.0,-0.1966641940956416,-0.0361853364283769,0.8707039650439301,0.123090989348443,-0.0719394532132932,-0.4706887811169632,0.7535943984985352,-0.1107120737433433,-0.1107350960373878
1760945220.3003628,1.8249897046422008,18.331385378122967,6.635368107799288,-0.0327200817028359,-0.0754054934934444,-0.3791315533896769,5.0,-0.2035622751275012,-0.0368539740052227,0.8698030786471492,0.1229072249860235,-0.0719572540326527,-0.472396625743936,0.7531961798667908,-0.1114690750837326,-0.110804483294487
1760945220.3123126,1.850388369232464,18.288266905589023,6.634852230980425,-0.035766613877949,-0.0773351215236336,-0.3823689185901255,5.0,-0.2102431348402175,-0.0375297370571354,0.8688924187115776,0.1227063510934367,-0.071973988187915,-0.4741190368791415,0.7531961798667908,-0.1114690750837326,-0.110804483294487
1760945220.3244426,1.8755667165815075,18.2450166638548,6.634296111945942,-0.0386405119218579,-0.0793642414248766,-0.3856491011932644,5.0,-0.2167002966918075,-0.0382167408760163,0.8679716491102561,0.1224888862680923,-0.0719904333313479,-0.475856140645878,0.7528064846992493,-0.1120877191424369,-0.1109936386346817
1760945220.3364007,1.900524280286492,18.201635938635,6.633700955715059,-0.0415000415152195,-0.0812799440577892,-0.3888087760242791,5.0,-0.2229399423831822,-0.0389095549368776,0.8670409947398298,0.1222551068941038,-0.0720061693337134,-0.4776072799453147,0.7528064846992493,-0.1120877191424369,-0.1109936386346817
1760945220.3484666,1.9252606416207143,18.158126048649414,6.633067994650157,-0.0441432559479747,-0.0832734431752841,-0.3920480613697956,5.0,-0.2289526463263727,-0.0396113500879221,0.8661000121941774,0.1220057819115904,-0.0720219652598796,-0.4793727094625767,0.7522770762443542,-0.1126337796449661,-0.1112961694598198
1760945220.360558,1.9497753756932552,18.114488305021467,6.632398460819617,-0.0468137017724988,-0.0851575063324255,-0.3951212587603473,5.0,-0.2347484073563449,-0.0403171832967092,0.8651490614581279,0.1217409829421443,-0.0720373493849149,-0.4811515923531759,0.7522770762443542,-0.1126337796449661,-0.1112961694598198
1760945220.3725796,1.974068115076906,18.070724057173024,6.631693614049512,-0.0492270030603604,-0.087127257369565,-0.398308841947999,5.0,-0.2403150259212562,-0.0410306298100519,0.864187587355376,0.1214616451446134,-0.0720532068292111,-0.4829443218480627,0.7519028782844543,-0.1131928339600563,-0.1117055714130401
1760945220.3844726,1.998138475948435,18.02683463800818,6.630954707675891,-0.0517070797302774,-0.0889903731894855,-0.4012875315346073,5.0,-0.2456660993698526,-0.0417470742661644,0.8632160794316042,0.1211676486911321,-0.0720690106521503,-0.4847498930634367,0.7519028782844543,-0.1131928339600563,-0.1117055714130401
1760945220.3965387,2.0219861417032625,17.982821424133654,6.6301830200013,-0.0538920766289221,-0.0908824274156238,-0.4044133171968621,5.0,-0.2507868398499821,-0.0424675772927695,0.8622339004530141,0.1208602371958224,-0.072085478927816,-0.4865687903085221,0.7513934373855591,-0.1135738864541053,-0.1122152209281921
1760945220.4085865,2.045610770117702,17.938685767595917,6.629379814558016,-0.0561812845484686,-0.0926745891011392,-0.4072902198374203,5.0,-0.2556942268494354,-0.0431882979841197,0.8612416621216472,0.1205391011877663,-0.0721020483719464,-0.4883998557855616,0.7513934373855591,-0.1135738864541053,-0.1122152209281921
1760945220.4206853,2.0690120943248766,17.894429067838775,6.62854638227916,-0.0581403913826419,-0.0945634996477108,-0.4103448358390124,5.0,-0.2603710551981701,-0.0439134498449266,0.8602386067257357,0.1202054770896664,-0.0721198034617438,-0.4902437319587576,0.7510364055633545,-0.114140436053276,-0.1128184124827385
1760945220.432649,2.092189812005099,17.850052691710303,6.627683995734235,-0.0602389886840889,-0.0963531572411745,-0.4131134257930546,5.0,-0.2648374533621679,-0.0446392102014194,0.8592254635536263,0.1198588908089117,-0.0721381198559144,-0.4920991167831609,0.7510364055633545,-0.114140436053276,-0.1128184124827385
1760945220.44483,2.1151437041760226,17.805558057464495,6.626793954085197,-0.0619753849451732,-0.0981931601429635,-0.4160882299425329,5.0,-0.2690739869926097,-0.0453675568747908,0.8582014021198588,0.1195008353612153,-0.0721579518903738,-0.4939667334208514,0.7506870031356812,-0.1145658046007156,-0.1135083884000778
1760945220.4568613,2.1378735076052946,17.760946543660324,6.625877532402439,-0.0638843607991243,-0.0999380537085288,-0.4187427275092116,5.0,-0.2731037119588482,-0.0460951136902594,0.8571672615202769,0.1191306750929705,-0.072178631353088,-0.4958451504307744,0.7506870031356812,-0.1145658046007156,-0.1135083884000778
1760945220.468886,2.1603790499512776,17.71621958375346,6.624936030752643,-0.0654019569112771,-0.1017124260384296,-0.421629809436384,5.0,-0.2769051487094769,-0.0468229687479714,0.8561221361139005,0.1187500844753365,-0.0722010885893002,-0.4977351788847082,0.750204861164093,-0.114917367696762,-0.1142783612012863
1760945220.481002,2.1826601063929254,17.671378565076278,6.623970719241985,-0.067123004027117,-0.1033968845742185,-0.4241651760698425,5.0,-0.2805040536707144,-0.047548292248982,0.8550669675815614,0.1183582749548997,-0.0722246182826577,-0.499635271187391,0.750204861164093,-0.114917367696762,-0.1142783612012863
1760945220.4930272,2.204716549698482,17.62642493257881,6.622982892446935,-0.0684263951789023,-0.105117258457264,-0.4269573697088112,5.0,-0.2838770808799901,-0.0482725263649595,0.8540007720122399,0.1179570213877741,-0.0722502394505881,-0.501546334257519,0.7498685717582703,-0.1152742430567741,-0.1151215508580207
1760945220.5050116,2.2265481921495245,17.58136007915616,6.621973810461042,-0.069961874780266,-0.1067517560593391,-0.4293693072014322,5.0,-0.2870524567501536,-0.0489932218941795,0.8529245869476284,0.1175453961875689,-0.0722772069714725,-0.5034667160475733,0.7498685717582703,-0.1152742430567741,-0.1151215508580207
1760945220.517163,2.2481549499385123,17.53618545790493,6.620944755664539,-0.0710563118675148,-0.1083890764407006,-0.4320601761867667,5.0,-0.2900051534172491,-0.0497103622283644,0.8518373713081147,0.1171253600476061,-0.0723064551253224,-0.505397387630575,0.7492069602012634,-0.1155208870768547,-0.1160311847925186
1760945220.5290475,2.269536671522059,17.490902464705197,6.619896970582572,-0.0724092279975482,-0.1099466055523801,-0.4343451014208889,5.0,-0.2927656419102178,-0.0504220990135665,0.850740250652114,0.1166958526289869,-0.0723372102869871,-0.5073366061181357,0.7492069602012634,-0.1155208870768547,-0.1160311847925186
1760945220.5411105,2.290693314527327,17.445512557197695,6.618831720168973,-0.0733005645925965,-0.1115319581101426,-0.4369289398196555,5.0,-0.295307385539342,-0.0511296139237896,0.8496321125045823,0.1162588612370397,-0.0723705651315909,-0.509285432628307,0.7488840222358704,-0.1158261150121688,-0.1170005425810813
1760945220.5531979,2.311624761606427,17.400017131039665,6.617750226487165,-0.0744745205742204,-0.1130409475101431,-0.4390839752991881,5.0,-0.2976628683552593,-0.0518313145106612,0.8485141638914694,0.1158132101760036,-0.0724057087106801,-0.5112420438211177,0.7488840222358704,-0.1158261150121688,-0.1170005425810813
1760945220.5651684,2.332331009806964,17.35441764555359,6.6166537305754,-0.0751691547924763,-0.1145165695232843,-0.4415558113525917,5.0,-0.2998042288441472,-0.0525256388423741,0.8473852588810471,0.115361119277993,-0.0724435209729953,-0.5132075325431853,0.7482377886772156,-0.1159384325146675,-0.1180229932069778
1760945220.5771484,2.352811975110675,17.30871549424988,6.6155434251184335,-0.0761683126833419,-0.1159235792869909,-0.4435787756725556,5.0,-0.3017657463679259,-0.0532117446072926,0.8462466772524843,0.114901298013708,-0.0724831749639122,-0.5151800096093071,0.7482377886772156,-0.1159384325146675,-0.1180229932069778
1760945220.5893152,2.3730676917427647,17.26291213471708,6.614420522731134,-0.0766731602552808,-0.117350980226632,-0.4459343444601252,5.0,-0.3035183969606121,-0.0538906135350202,0.8450972046932056,0.1144358927949642,-0.0725258209017187,-0.5171606581735326,0.7479276657104492,-0.1161910891532898,-0.1190919801592826
1760945220.6013048,2.393098106413007,17.217008955112867,6.613286186198437,-0.0775022070585422,-0.1187124725135179,-0.4478237169143758,5.0,-0.3050980245980681,-0.0545615166561656,0.8439381877606862,0.1139635212478298,-0.0725705970925027,-0.5191475315376565,0.7479276657104492,-0.1161910891532898,-0.1190919801592826
1760945220.6133995,2.4129032876573917,17.1710074084136,6.612141596546264,-0.0778246391445671,-0.1200534413127263,-0.4500594448590594,5.0,-0.3064746191346603,-0.0552235171392112,0.842768384598641,0.1134864868966324,-0.0726185181122578,-0.521141840615429,0.747623085975647,-0.1163135468959808,-0.1202010661363601
1760945220.6255295,2.432483211040334,17.124908875385884,6.610987881787322,-0.0784887400923443,-0.1213341268062801,-0.4518143382805125,5.0,-0.307685376492893,-0.0558763459839351,0.8415892001722776,0.1130033190575386,-0.0726687030274249,-0.5231415942511914,0.747623085975647,-0.1163135468959808,-0.1202010661363601
1760945220.6375916,2.451837977164497,17.0787148019864,6.609826185595851,-0.0786365172708322,-0.1225698007650651,-0.453927344050119,5.0,-0.3086994669411332,-0.0565180598094051,0.8403993657289097,0.1125164254249121,-0.0727220960847465,-0.5251480332564213,0.7469924092292786,-0.1163473054766655,-0.1213439777493476
1760945220.6496463,2.470967588870136,17.032426559829048,6.608657595151924,-0.0791412654132837,-0.1237520725059834,-0.455547498501311,5.0,-0.3095552269614169,-0.0571489671384047,0.8392003367948078,0.1120242542005849,-0.0727778056265468,-0.5271591336612392,0.7469924092292786,-0.1163473054766655,-0.1213439777493476
1760945220.6618087,2.4898721765705063,16.98604558555498,6.60748321125067,-0.0791225209812771,-0.1248841315848942,-0.4575355447613898,5.0,-0.3102211673409835,-0.0577670265814668,0.8379908171743771,0.111529255931466,-0.0728367821524084,-0.5291761696906578,0.7466999888420105,-0.1163468211889267,-0.1225145608186721
1760945220.6737251,2.5085517685352947,16.939573239837944,6.606304075545918,-0.0794739107792144,-0.1259693019810802,-0.4590212724241294,5.0,-0.3107365554639621,-0.0583730423204612,0.8367723056286813,0.1110298086792462,-0.0728981249549717,-0.5311970947732676,0.7466999888420105,-0.1163468211889267,-0.1225145608186721
1760945220.6857874,2.5270065234642587,16.893010948831243,6.605121236319947,-0.0792970633914658,-0.1269113950212656,-0.4608827759505016,5.0,-0.3110694096251901,-0.0589610024219822,0.8355435168461096,0.110528627782748,-0.0729624193088946,-0.5332231608487114,0.7462744116783142,-0.1160501688718795,-0.1237068772315979
1760945220.6978765,2.545236494974518,16.84636006198793,6.60393567650791,-0.0795014325311261,-0.1278195265930124,-0.462234962481968,5.0,-0.3112597356770853,-0.0595329148873674,0.8343059835959389,0.1100240147669355,-0.0730287859794582,-0.5352523127730928,0.7462744116783142,-0.1160501688718795,-0.1237068772315979
1760945220.7099247,2.5632418675985744,16.799621992050675,6.602748389241359,-0.0791751589205195,-0.1287228042582893,-0.4639689633835553,5.0,-0.3112751810849765,-0.0600892614668227,0.8330583530653797,0.1095183254210205,-0.0730984065820434,-0.5372859013040812,0.7459863424301147,-0.1161331012845039,-0.1249151676893234
1760945220.7218835,2.58102271638844,16.75279807402956,6.601560304936407,-0.0792391461453466,-0.1295929505341002,-0.4651890272628333,5.0,-0.3111562726235198,-0.0606317590372426,0.8318021883343925,0.1090098245799854,-0.0731703754631267,-0.5393218647354674,0.7459863424301147,-0.1161331012845039,-0.1249151676893234
1760945220.733974,2.5985792482224768,16.705889705729625,6.600372360800514,-0.0787723159284368,-0.1303591883565595,-0.4667951531937441,5.0,-0.3108704491624207,-0.0611562402372836,0.8305361613539767,0.1085011310755197,-0.0732454748241241,-0.5413615147537943,0.7457016706466675,-0.115916296839714,-0.1261338889598846
1760945220.7459986,2.615911557939006,16.658898207219845,6.599185428672486,-0.0787028163184975,-0.1311009008928288,-0.4678849946079587,5.0,-0.3104585850885461,-0.0616650801957374,0.8292618561354217,0.1079904625294863,-0.0733228088133035,-0.5434027968912476,0.7457016706466675,-0.115916296839714,-0.1261338889598846
1760945220.7581604,2.6330198718953755,16.611824959245553,6.598000388738376,-0.0781044371587796,-0.1318026455901018,-0.4693634333872186,5.0,-0.3098880347321636,-0.0621571009454476,0.8279779154693082,0.1074802535876844,-0.0734034341837474,-0.5454470665737037,0.7452816367149353,-0.1158678159117698,-0.1273577362298965
1760945220.7702026,2.6499043014499946,16.564671264923827,6.596818057447999,-0.0779085471929453,-0.1324826754664385,-0.4703254116136219,5.0,-0.3091998299714748,-0.062634622759695,0.8266859390591101,0.1069686981403495,-0.0734864439999861,-0.5474922815239982,0.7452816367149353,-0.1158678159117698,-0.1273577362298965
1760945220.782302,2.6665650895465203,16.517438487060804,6.595639255643025,-0.0771877171477588,-0.1330386857732515,-0.4716768767794771,5.0,-0.3083613859084316,-0.0630926272471537,0.8253846001902813,0.1064584394909913,-0.0735725512878124,-0.5495397548193168,0.7450048923492432,-0.1155593022704124,-0.1285816431045532
1760945220.7943337,2.6830023627280397,16.470127911753583,6.594464737920806,-0.0768726991598252,-0.1335821384507546,-0.4725137653880312,5.0,-0.3074137316483049,-0.0635341377352209,0.824075505673562,0.1059476397674393,-0.0736608681673849,-0.5515874682019154,0.7450048923492432,-0.1155593022704124,-0.1285816431045532
1760945220.806398,2.69921637926213,16.422740883586265,6.5932952573458,-0.0760385568385125,-0.1339490920169046,-0.4737394767376202,5.0,-0.3063244705595339,-0.0639520781800701,0.8227573532672021,0.1054390598629143,-0.0737518921706875,-0.553636704618847,0.7445888519287109,-0.1150685101747512,-0.1298008114099502
1760945220.818401,2.715207280501084,16.375278671827967,6.592131496954055,-0.075611796614934,-0.1343156852492241,-0.4744544470589452,5.0,-0.3051344691404009,-0.0643504732214334,0.821431749497511,0.1049308298748655,-0.0738447707094429,-0.5556854791139499,0.7445888519287109,-0.1150685101747512,-0.1298008114099502
1760945220.8304543,2.7309753367631697,16.327742600201073,6.590974145930845,-0.0746735023716756,-0.134699785842645,-0.4755560805737361,5.0,-0.303811601446166,-0.064731110928366,0.820097330197041,0.1044251383837527,-0.0739407950997475,-0.5577351686035559,0.7443109750747681,-0.1151264235377311,-0.1310106664896011
1760945220.8425727,2.746520698923036,16.28013391803167,6.589823830801262,-0.0741424675598972,-0.1350795463177244,-0.4761526452762608,5.0,-0.3023963900112554,-0.0650970748583511,0.818755700069036,0.1039201333378086,-0.0740390838889328,-0.5597838185839266,0.7443109750747681,-0.1151264235377311,-0.1310106664896011
1760945220.854681,2.7618436453466715,16.232453927990424,6.588681180511109,-0.0731091016143495,-0.135325906180231,-0.4771323300013421,5.0,-0.3008571181113406,-0.0654429485869859,0.8174055646750262,0.1034183792636852,-0.0741402999163224,-0.5618327131781238,0.7440339922904968,-0.1147417426109314,-0.1322069615125656
1760945220.8666823,2.7769443350571708,16.184703860337308,6.587546759732273,-0.0724812868685517,-0.1355764187209578,-0.4776143206810386,5.0,-0.2992338443774988,-0.0657724307827169,0.8160485172515602,0.102918016226484,-0.0742435882112853,-0.5638799420417862,0.7440339922904968,-0.1147417426109314,-0.1322069615125656
1760945220.878729,2.79182305318379,16.13688499677316,6.586421131152516,-0.0713618635792351,-0.1356642142450297,-0.4784745630972132,5.0,-0.2974953652204148,-0.0660790503323976,0.8146832931762262,0.1024216431617558,-0.0743494801152403,-0.5659267564254041,0.7436173558235168,-0.1142459735274314,-0.1333856880664825
1760945220.8907046,2.806479966235339,16.088998548863476,6.585304791257567,-0.070644778410091,-0.1357660177142846,-0.4788460759166436,5.0,-0.2956811409398164,-0.0663672340046377,0.8133114681045206,0.1019273949173059,-0.07445715629066,-0.5679712967150271,0.7436173558235168,-0.1142459735274314,-0.1333856880664825
1760945220.9027896,2.82091536451515,16.04104577696817,6.584198233343502,-0.0694481945366583,-0.1357360343039992,-0.479589745011362,5.0,-0.2937605672875911,-0.0666321388625797,0.8119317889071103,0.1014377293119006,-0.074567258576255,-0.5700148078625389,0.7433385252952576,-0.1138161122798919,-0.1345431208610534
1760945220.9147136,2.8351294203160085,15.993027873639146,6.583101885349175,-0.0686493180083317,-0.1357265214060877,-0.4798551217461004,5.0,-0.2917723739388349,-0.0668784750051217,0.8105458092375368,0.1009507910298858,-0.0746789924774821,-0.5720554841975165,0.7433385252952576,-0.1138161122798919,-0.1345431208610534
1760945220.9269652,2.849122427660657,15.944946078359644,6.582016167261713,-0.0673843070167597,-0.1355204492011567,-0.4804854305632392,5.0,-0.2896866508917698,-0.0670986089204884,0.8091523269275651,0.1004691635592161,-0.0747927178265294,-0.5740945116978033,0.7429161071777344,-0.1131740510463714,-0.1356758326292038
1760945220.939078,2.862894564294784,15.89680156551412,6.580941431883648,-0.0665110555318526,-0.1353457469723371,-0.480649231238456,5.0,-0.287541287838677,-0.0672980384621223,0.8077528672100261,0.0999909949074774,-0.0749076864342466,-0.5761301458563535,0.7429161071777344,-0.1131740510463714,-0.1356758326292038
1760945220.9511476,2.876446126161162,15.848595553027998,6.579878026147449,-0.0651861560757588,-0.1350631906709332,-0.4811697118327432,5.0,-0.285307130435627,-0.0674733084952286,0.8063462249123127,0.099518550792869,-0.0750245945728909,-0.5781635874274014,0.7426401972770691,-0.1127683594822883,-0.1367806941270828
1760945220.9631112,2.8897772938367123,15.800329196268269,6.57882623361468,-0.0642458448712687,-0.1348149984983168,-0.4812366915469799,5.0,-0.2830211099105959,-0.0676297385018423,0.8049338944172221,0.0990500090461952,-0.0751427108895435,-0.5801931526021689,0.7426401972770691,-0.1127683594822883,-0.1367806941270828
1760945220.9751177,2.902888360742777,15.752003690022676,6.577786341225,-0.0628693775985222,-0.1345865004217643,-0.4816511414301889,5.0,-0.2806548844548246,-0.0677692553691721,0.8035146553261339,0.0985871962923931,-0.0752632179776796,-0.5822200712986231,0.7420156002044678,-0.1127366721630096,-0.1378548443317413
1760945220.9870987,2.91577950494556,15.703620168955196,6.57675858216256,-0.0618691890722682,-0.1343856103503918,-0.4816261891833546,5.0,-0.2782443205237007,-0.0678959226634618,0.8020899696670178,0.0981283518702223,-0.0753853642998281,-0.5842427183698385,0.7420156002044678,-0.1127366721630096,-0.1378548443317413
1760945220.999152,2.928451013572104,15.655179805488062,6.57574319151723,-0.0604492112852232,-0.134074058053799,-0.4819386255165049,5.0,-0.2757619810735647,-0.0680052565480402,0.8006587016334923,0.0976756066727673,-0.0755097772945187,-0.5862622219558492,0.7417298555374146,-0.1123312339186668,-0.1388957202434539
1760945221.011305,2.9409030607876563,15.60668371502778,6.574740351669658,-0.0593961707253236,-0.1337946285129572,-0.4818267192711662,5.0,-0.2732426039397809,-0.0681015122111277,0.7992222734625574,0.097227234825776,-0.0756357342963384,-0.5882770249694681,0.7417298555374146,-0.1123312339186668,-0.1388957202434539
1760945221.02362,2.9531359265716888,15.558133048701103,6.573750243039802,-0.0579404660473005,-0.1333597096270675,-0.4820413444033469,5.0,-0.2706597195593818,-0.0681783169307582,0.7977796051104801,0.0967854236648282,-0.0757636512261991,-0.5902881945191357,0.7414464950561523,-0.1117787584662437,-0.1399010419845581
1760945221.0356076,2.9651497811524066,15.509528903890663,6.572772992562802,-0.0568414231887673,-0.1329644831369516,-0.4818475393831085,5.0,-0.2680468650376765,-0.0682404643262,0.7963320743647379,0.0963484771315625,-0.075892849607657,-0.5922942458532008,0.7414464950561523,-0.1117787584662437,-0.1399010419845581
1760945221.0478847,2.976944897346056,15.460872411599784,6.571808720638183,-0.0553574998170673,-0.1323848968346866,-0.4819687142261299,5.0,-0.2653785897530678,-0.0682805623783671,0.7948786535887894,0.095918591501384,-0.0760235964300242,-0.5942961910185096,0.7410091757774353,-0.1111189350485801,-0.1408687829971313
1760945221.0600345,2.9885214419092243,15.4121646523977,6.570857492950407,-0.0542191201138269,-0.1318539954342581,-0.4816981175251485,5.0,-0.262687162960796,-0.0683040661795705,0.7934206722796843,0.0954940996322566,-0.0761552657375338,-0.5962926204768295,0.7410091757774353,-0.1111189350485801,-0.1408687829971313
1760945221.072258,2.9998796801513,15.363406737750564,6.569919367609201,-0.0527141789976544,-0.1311756779327168,-0.48173035900106,5.0,-0.2599481872161251,-0.0683054902148848,0.791957132238879,0.0950770100129243,-0.0762882353546405,-0.5982845209509001,0.740718424320221,-0.1105454489588737,-0.141797199845314
1760945221.0843043,3.011019774683418,15.314599731863112,6.568994349703388,-0.0515429151979554,-0.1305512663458952,-0.4813881249093407,5.0,-0.2571925992217612,-0.0682904668979,0.7904893127513146,0.0946656977633886,-0.0764219189143092,-0.6002705576674402,0.740718424320221,-0.1105454489588737,-0.141797199845314
1760945221.096572,3.0219419831278667,15.265744728031574,6.568082432028748,-0.0500238545248507,-0.1297147758212678,-0.4813360603300439,5.0,-0.2543970992056316,-0.0682507140435316,0.7890162856537996,0.0942622850780426,-0.0765564001771308,-0.6022516419046664,0.7402651906013489,-0.1097632721066474,-0.1426847875118255
1760945221.10864,3.0326464647476747,15.216842775572488,6.56718355317125,-0.0488259463016127,-0.1289419765832779,-0.4809273415664227,5.0,-0.2515912471510163,-0.0681925684321906,0.7875392758873255,0.0938651786421443,-0.0766911529433525,-0.6042265173207516,0.7402651906013489,-0.1097632721066474,-0.1426847875118255
1760945221.1207972,3.0431334686544487,15.167894949521184,6.566297643022851,-0.0472993150371708,-0.1280713025330094,-0.4807957146689726,5.0,-0.2487528517312997,-0.0681130379629682,0.7860573582573959,0.0934760763100675,-0.0768266716380339,-0.6061961029337783,0.7399653792381287,-0.1092972382903099,-0.1435303390026092
1760945221.132853,3.053403148670589,15.118902283909032,6.56542458278664,-0.0460807456654242,-0.1272643549407013,-0.4803256761889517,5.0,-0.2459100428278229,-0.0680179920766639,0.7845717039919733,0.0930934461502757,-0.0769624530382672,-0.6081592163252395,0.7399653792381287,-0.1092972382903099,-0.1435303390026092
1760945221.1449492,3.0634557437016654,15.069865836421007,6.564564245089017,-0.04455275657361,-0.1263205476681418,-0.4801192944624264,5.0,-0.2430417693422636,-0.0679024258225199,0.7830814505406628,0.0927190211865989,-0.0770987957057466,-0.6101167106628483,0.7396605610847473,-0.1087133809924125,-0.1443328708410263
1760945221.1569467,3.0732914013144166,15.020786626814472,6.563716456581399,-0.0433192607744786,-0.1254438531331993,-0.479593052256389,5.0,-0.2401747056901715,-0.0677721977207079,0.7815877123673219,0.0923513228901461,-0.0772352346475205,-0.6120674795852159,0.7396605610847473,-0.1087133809924125,-0.1443328708410263
1760945221.1690042,3.0829101027946586,14.971665594440632,6.562880974201734,-0.0431955479655018,-0.1244078399775067,-0.4775910426545752,5.0,-0.2374013941326228,-0.0676243118391661,0.7800956254435183,0.0919859374959103,-0.0773684528982804,-0.6140061277894636,0.7391853928565979,-0.1080516576766967,-0.1426433622837066
1760945221.1809723,3.092312032679206,14.92250372437524,6.562057588172229,-0.0426086060534482,-0.1234442586572164,-0.4755481071281874,5.0,-0.2347034706932952,-0.0674629048189113,0.7786051484181433,0.0916244471094002,-0.0775001812115357,-0.6159323870854957,0.7391853928565979,-0.1080516576766967,-0.1426433622837066
1760945221.1931279,3.101497699618853,14.873302129425106,6.561246141091522,-0.0399013827686189,-0.1223494345781753,-0.4758432949151041,5.0,-0.2319309761844428,-0.0672791239066475,0.7771082166908365,0.0912764225899967,-0.0776353770770367,-0.617854499422693,0.7388717532157898,-0.1074609905481338,-0.1458083391189575
1760945221.2051475,3.110467234609067,14.8240618210192,6.560446356376068,-0.0379702849323643,-0.1213290559421331,-0.4759696572659911,5.0,-0.2291328375385924,-0.0670802745531568,0.7756056911297762,0.0909385494818329,-0.0777720454341123,-0.6197721363971092,0.7388717532157898,-0.1074609905481338,-0.1458083391189575
1760945221.2172067,3.119220832026651,14.774783822449017,6.559657964030502,-0.0361386515880608,-0.1204816208799551,-0.4762650845797526,5.0,-0.2262943608601452,-0.0668757080731358,0.7740970413317222,0.090609968976264,-0.0779104971354062,-0.6216860610949133,0.7381875514984131,-0.1077776774764061,-0.1464885473251342
1760945221.2292943,3.127758602570845,14.72546912336965,6.558880668824837,-0.0347875914240011,-0.1196876510079203,-0.4761591532378748,5.0,-0.2234447959461439,-0.0666691812504997,0.772583725479771,0.0902884958498404,-0.0780496515083741,-0.6235949218365977,0.7381875514984131,-0.1077776774764061,-0.1464885473251342
1760945221.2414055,3.136080722105884,14.676118725126054,6.558114180236499,-0.0333282008625601,-0.1187691124755515,-0.476111241444042,5.0,-0.2205750453851857,-0.0664550115009255,0.771065582990263,0.089974958851454,-0.0781893573026454,-0.6254988392572477,0.7378638386726379,-0.107256032526493,-0.1471220254898071
1760945221.2534044,3.1441872915177504,14.626733599399818,6.557358182698628,-0.0321669824225532,-0.1179090683284287,-0.4756775987102031,5.0,-0.2177127843680905,-0.0662370405750088,0.7695439538472664,0.089667876053255,-0.0783291021094548,-0.6273964670477041,0.7378638386726379,-0.107256032526493,-0.1471220254898071
1760945221.265408,3.152078474613203,14.57731473015108,6.556612356586477,-0.0308072891116821,-0.1168305049044294,-0.4753280639569355,5.0,-0.2148480779126616,-0.0660055332020066,0.7680186000435132,0.0893687311397985,-0.0784686473418151,-0.6292879557611208,0.7373602390289307,-0.1064385250210762,-0.1477069705724716
1760945221.277409,3.1597543669468884,14.527863076195832,6.55587635236021,-0.0296632702647676,-0.1158219974044312,-0.4746713289085179,5.0,-0.2120041015725395,-0.0657653895866662,0.7664905873209303,0.0890763588596698,-0.0786077419799927,-0.6311722464918158,0.7373602390289307,-0.1064385250210762,-0.1477069705724716
1760945221.2894657,3.16721420543542,14.478379298770966,6.555149601357264,-0.0333788386099521,-0.1147306232860154,-0.4678873262898906,5.0,-0.2095769501012518,-0.0655232188871731,0.7649815317397454,0.0887700036043445,-0.078733489164372,-0.6330277878902324,0.7370244264602661,-0.1059950292110443,-0.1393673419952392
1760945221.3014705,3.174458229411856,14.42886427466826,6.554431785567833,-0.0345858566837092,-0.1137101257047703,-0.4618073878333066,5.0,-0.2074279148640796,-0.0652775300490271,0.7634882541183337,0.088459354593363,-0.0788537555250477,-0.6348564512138632,0.7370244264602661,-0.1059950292110443,-0.1393673419952392
1760945221.313529,3.1814871789771297,14.379319065898596,6.553722693092367,-0.0315094495594269,-0.1125596614501503,-0.4602724471712928,5.0,-0.2052791496529617,-0.0650146755418152,0.7619946238839422,0.0881629905209217,-0.0789796246278564,-0.6366739347327015,0.7366846203804016,-0.1054109781980514,-0.1441699564456939
1760945221.3255165,3.1883012044503536,14.329744632455215,6.553021950456358,-0.0290697016740657,-0.1114828298055361,-0.4594396313566279,5.0,-0.203157240661219,-0.0647407098932012,0.7604987101203415,0.087878525803867,-0.0791090811630169,-0.6384832260015755,0.7366846203804016,-0.1054109781980514,-0.1441699564456939
1760945221.3375936,3.1948988802972305,14.28014145121913,6.552328791123962,-0.0357485756798633,-0.1102524159521145,-0.4483492262325669,5.0,-0.2017376665282997,-0.0644669917089671,0.7590374411150587,0.0875677334862096,-0.0792169847250397,-0.6402489549922474,0.736156702041626,-0.1047436296939849,-0.1291571110486984
1760945221.3498647,3.201280583560925,14.230510357072294,6.5516428978929655,-0.0382845445761489,-0.1091022168703722,-0.4389344395904846,5.0,-0.2007506375561475,-0.0641895536318833,0.7576038895264223,0.0872468055238905,-0.0793161063889682,-0.6419760873799014,0.736156702041626,-0.1047436296939849,-0.1291571110486984
1760945221.3621511,3.207447821549997,14.180852565703976,6.550964206371078,-0.032178880705248,-0.1078340246142027,-0.4393949904498314,5.0,-0.1995877682654032,-0.0638875061081969,0.7561628094371018,0.0869528002419416,-0.0794294066841032,-0.6436986760185899,0.7358033657073975,-0.1041716188192367,-0.1399787217378616
1760945221.3742607,3.2134007731562675,14.131169080576695,6.550292301915364,-0.0281093249340388,-0.1066461052775046,-0.4408984592107999,5.0,-0.1983346163396881,-0.0635703779007703,0.7547116967037772,0.0866781557050507,-0.0795502521856307,-0.6454214975961672,0.7358033657073975,-0.1041716188192367,-0.1399787217378616
1760945221.3864017,3.2191394284551835,14.081460854008736,6.549626693250223,-0.026443089968973,-0.1052542097548946,-0.4414861395582014,5.0,-0.1970563003030562,-0.0632350465948913,0.7532546193615987,0.0864140791525114,-0.0796705589193269,-0.6471419375810215,0.7352585196495056,-0.1033385619521141,-0.1384396106004715
1760945221.3984103,3.224663953399447,14.031728859501976,6.548966913379196,-0.0253478506995001,-0.1039505587387559,-0.441948035144363,5.0,-0.1957412591603986,-0.0628884750876548,0.7517922004302161,0.0861580838979817,-0.0797888886910537,-0.6488597731349731,0.7352585196495056,-0.1033385619521141,-0.1384396106004715
1760945221.4104614,3.2299743161315466,13.981974007228157,6.548312430718678,-0.0256953908437726,-0.1025923309350481,-0.4408378220637373,5.0,-0.1944889605853838,-0.0625321499676042,0.750330198889441,0.0859043034374285,-0.0799010536597276,-0.6505696464710964,0.734890878200531,-0.1029319837689399,-0.1365401148796081
1760945221.4224997,3.23507071845738,13.932197237705868,6.547662762338264,-0.0256648458195547,-0.1013184374918401,-0.4396786984731281,5.0,-0.1932783958954764,-0.0621702721603411,0.7488686203679707,0.0856538779628526,-0.0800086269554833,-0.6522712796304885,0.734890878200531,-0.1029319837689399,-0.1365401148796081
1760945221.4345477,3.2399531134932604,13.882399422880052,6.547017353483474,-0.0267629245934702,-0.0999395460343934,-0.4368821553580092,5.0,-0.1922176264782231,-0.0618008883459465,0.7474133838722281,0.0854022859429448,-0.0801082488031355,-0.6539589831465576,0.7345165014266968,-0.1023835837841034,-0.1341132074594497
1760945221.4465923,3.2446217516814344,13.832581480331685,6.546375716586388,-0.0269668775001059,-0.0986458410295944,-0.434464927018735,5.0,-0.1912577742145808,-0.0614270707984935,0.7459629124971524,0.0851527649699967,-0.0802029990723954,-0.6556339060302812,0.7345165014266968,-0.1023835837841034,-0.1341132074594497
1760945221.4587083,3.249075661008653,13.782744022820436,6.545737068646861,-0.033288516533182,-0.0972215634171091,-0.4243535800220062,5.0,-0.1909087487926586,-0.0610544862858338,0.744545207462315,0.084879870917884,-0.0802756336795034,-0.6572698564480315,0.7339417934417725,-0.1017534509301185,-0.1224787980318069
1760945221.4707026,3.253315284109305,13.732887879936948,6.545100975729991,-0.0358145244338199,-0.0958863810387692,-0.4159605117346913,5.0,-0.1909401466784465,-0.0606805915929164,0.7431532129222799,0.0845981918069326,-0.0803381791182312,-0.6588719337187289,0.7339417934417725,-0.1017534509301185,-0.1224787980318069
1760945221.4828093,3.257341827246044,13.683014104071692,6.544467171174198,-0.0320098249996019,-0.0944510929726613,-0.4148125027037307,5.0,-0.1909136068175579,-0.0602899001240344,0.7417605794376189,0.0843345236215505,-0.0804080387376112,-0.6604645927105138,0.7335571646690369,-0.1012088656425476,-0.1296686679124832
1760945221.4948192,3.2611556043225547,13.633123654884756,6.543835158143797,-0.0292806195736085,-0.0931037929537662,-0.4149745326978404,5.0,-0.1908556885768196,-0.0598896631963406,0.7403634301674084,0.0840851095204212,-0.0804814812379713,-0.6620531827621025,0.7335571646690369,-0.1012088656425476,-0.1296686679124832
1760945221.506879,3.2647567380166658,13.583217456939323,6.543204371579516,-0.0283900928031531,-0.0915739721427258,-0.4146161798150519,5.0,-0.190811954200576,-0.059475976268828,0.7389643498440812,0.0838435323741837,-0.0805519959028799,-0.6636364424099961,0.7329638600349426,-0.1004179716110229,-0.128079742193222
1760945221.518886,3.2681455336280605,13.53329645676464,6.54257427791442,-0.0277332664580588,-0.090138358259946,-0.4145798753548667,5.0,-0.1907478398101344,-0.0590549310185518,0.7375623505140858,0.0836087521255339,-0.0806190366996775,-0.6652156992989297,0.7329638600349426,-0.1004179716110229,-0.128079742193222
1760945221.5310335,3.271322120507566,13.483361559191394,6.54194429103522,-0.0282234800332382,-0.0886705300775398,-0.4135366386361443,5.0,-0.1907320021860633,-0.0586280073130329,0.736161293503357,0.0833762502030666,-0.0806791078021334,-0.666787696657483,0.7325654625892639,-0.1000614464282989,-0.1264350116252899
1760945221.5430543,3.274286829149148,13.433413689361316,6.541313869770386,-0.0283762407042773,-0.0872912199851378,-0.4127104101760595,5.0,-0.1907334293710359,-0.0581992705948732,0.7347603131708766,0.0831470773992661,-0.080733575222708,-0.6683531518147835,0.7325654625892639,-0.1000614464282989,-0.1264350116252899
1760945221.5551405,3.277075888392751,13.383456096582965,6.540683287060347,-0.0117875663619279,-0.0863076364388776,-0.4313777799304642,5.0,-0.189635184003249,-0.0577584497537075,0.7332979385437185,0.0829785955573302,-0.0808253773475601,-0.6699671218675513,0.7317584753036499,-0.1010357290506362,-0.1531607806682586
1760945221.567128,3.2796230908609565,13.333486488040894,6.540051679696159,-0.0050222939880328,-0.0853791897525254,-0.4471752858979582,5.0,-0.1876260123778766,-0.0573222178483787,0.7317656700965022,0.0828546660667749,-0.080935852573135,-0.6716423870985512,0.7317584753036499,-0.1010357290506362,-0.1531607806682586
1760945221.5792687,3.281993629025161,13.283508590055302,6.539418071307124,-0.0243297839266699,-0.0843827882132871,-0.4343043960928032,5.0,-0.186553001118864,-0.0569265344034597,0.7302723252342819,0.0826694433280159,-0.0809927783961562,-0.6732817122010832,0.731345534324646,-0.1007174178957939,-0.1182590350508689
1760945221.5913239,3.284116282285801,13.233519823589829,6.538781107492321,-0.0336166666466663,-0.0834499867557513,-0.4206266232409132,5.0,-0.186229374254198,-0.0565677786752732,0.7288346243692699,0.0824359980090892,-0.0810103292638273,-0.6748642256819641,0.731345534324646,-0.1007174178957939,-0.1182590350508689
1760945221.6034255,3.286026688647413,13.183522478074844,6.538140776318265,-0.0383036211669868,-0.0824081274087538,-0.4081749668736981,5.0,-0.1864988616243486,-0.0562227070319342,0.7274381137974044,0.08218349739731,-0.0810129766463553,-0.6763997050304782,0.7309288382530212,-0.1002350226044654,-0.1168927252292633
1760945221.6154363,3.287725815413531,13.133517333390998,6.53749673014649,-0.0393924867084255,-0.0814267440834812,-0.3987887351757336,5.0,-0.1871906069659351,-0.0558861099851294,0.7260710851887625,0.0819261985889483,-0.0810118788463027,-0.6778981875793509,0.7309288382530212,-0.1002350226044654,-0.1168927252292633
1760945221.6275828,3.2892137271877013,13.08350510986227,6.536848533989949,-0.0411044518656153,-0.0807059473053831,-0.3893715283036564,5.0,-0.1883557411557462,-0.0555692681606069,0.7247340011629527,0.0816609793012791,-0.0810058883396714,-0.6793601092735678,0.7300944924354553,-0.1008489280939102,-0.1125315278768539
1760945221.6395767,3.290490988712272,13.03348661134942,6.536195899895861,-0.0407656879027734,-0.080021895653629,-0.3829745187799606,5.0,-0.1897921085297244,-0.055267612939923,0.7234159387923097,0.0813963970082686,-0.0810008612459538,-0.6807957597787513,0.7300944924354553,-0.1008489280939102,-0.1125315278768539
1760945221.651792,3.2915582770761413,12.983462706731515,6.5355385789506935,-0.038815055336444,-0.0792516366092165,-0.3801021402920475,5.0,-0.1913123472449485,-0.0549722971754417,0.722104399428884,0.0811400145934432,-0.081000544944758,-0.682217301214121,0.7296637892723083,-0.1004857495427131,-0.1138605251908302
1760945221.6638603,3.2924160747182545,12.93343428015544,6.534876287101486,-0.0371346937676323,-0.0785232606045421,-0.37906111489082,5.0,-0.1928445493329565,-0.0546844136273849,0.7207932866197205,0.0808914544210936,-0.0810034460936059,-0.6836315179148352,0.7296637892723083,-0.1004857495427131,-0.1138605251908302
1760945221.6759713,3.2930647349787225,12.8834022131611,6.534208706596184,-0.0364955061306565,-0.0775829680583177,-0.3784874330013262,5.0,-0.1943783386933325,-0.0543953504962532,0.7194815378448014,0.0806478752054905,-0.081005070932681,-0.6850404480091016,0.7290098667144775,-0.0997309982776641,-0.1128828525543212
1760945221.6880226,3.2935047158386124,12.833367401717084,6.533535545075555,-0.0360692562597862,-0.0766986152722017,-0.3786566805446185,5.0,-0.1958659167265852,-0.0541080007971176,0.718166687794426,0.0804086235976227,-0.0810046014057473,-0.6864468780208817,0.7290098667144775,-0.0997309982776641,-0.1128828525543212
1760945221.7001057,3.293736364643103,12.783330725758642,6.532856505045704,-0.036436554610687,-0.0761045707277674,-0.3785998367254267,5.0,-0.197329423490187,-0.0538362955012539,0.7168497185469018,0.0801697675053112,-0.0810004565893001,-0.6878504310020436,0.7285656332969666,-0.100448153913021,-0.1119513809680938
1760945221.7120855,3.2937601372630603,12.73329307110711,6.532171334712601,-0.0367621314486653,-0.0755402235335496,-0.3788460212283874,5.0,-0.1987424443082803,-0.053579626774886,0.7155295644739943,0.0799314833743642,-0.0809927657478112,-0.6892521833304194,0.7285656332969666,-0.100448153913021,-0.1119513809680938
1760945221.7241483,3.293576307186101,12.683255292756096,6.531479752046737,-0.0380770941706579,-0.0748512755360876,-0.378094322506244,5.0,-0.2001732366813852,-0.0533326325721913,0.7142101158850203,0.0796902652979002,-0.080978075464685,-0.6906489146290552,0.7281156182289124,-0.099988006055355,-0.1102524921298027
1760945221.736142,3.293185358157119,12.633218254221717,6.530781537165216,-0.038917959857581,-0.0742013114064463,-0.3776347253717007,5.0,-0.2015859038271198,-0.0530951759493285,0.7128901778974894,0.0794478039067093,-0.080958039768734,-0.6920414991230591,0.7281156182289124,-0.099988006055355,-0.1102524921298027
1760945221.748208,3.292587410698256,12.583182760717952,6.530076409615013,-0.0414274274211753,-0.0736727563615046,-0.3750924800395849,5.0,-0.2031209459831018,-0.0528747070310004,0.7115775944545946,0.0791969040141813,-0.080928146967612,-0.6934232563832639,0.7274363040924072,-0.1002423167228698,-0.1068604588508606
1760945221.7602355,3.2917830033581126,12.533149636980289,6.529364207917197,-0.0427762325314062,-0.0731723543071958,-0.3731720720016708,5.0,-0.2047047997434382,-0.0526685173998955,0.7102697890696154,0.0789418706200019,-0.0808922589557705,-0.6947959774200277,0.7274363040924072,-0.1002423167228698,-0.1068604588508606
1760945221.77231,3.290772599752003,12.48311970395947,6.528644763287545,-0.0438783597548702,-0.0725465264171663,-0.3714448808780856,5.0,-0.2063357378539202,-0.0524690730922103,0.7089660833063144,0.0786841105929913,-0.0808507064284373,-0.6961602306448685,0.7269750833511353,-0.0997846573591232,-0.106122076511383
1760945221.7843175,3.289556753750497,12.433093792726629,6.527917937348794,-0.044428867504982,-0.0719578971260412,-0.3704395309311025,5.0,-0.2079687778074607,-0.0522762672447158,0.7076637663643689,0.0784257562389824,-0.080805253501678,-0.6975183908255531,0.7269750833511353,-0.0997846573591232,-0.106122076511383
1760945221.7964225,3.288135770710592,12.383072704749138,6.527183531276246,-0.0460526685709615,-0.0711491188967478,-0.3684213825614025,5.0,-0.2096799226859511,-0.0520818325869282,0.7063669089220401,0.0781633809592043,-0.080751778074362,-0.6988672450435615,0.726279616355896,-0.0990182980895042,-0.1038080900907516
1760945221.8084588,3.2865102411346547,12.333057253950948,6.526441411516573,-0.0469080612424737,-0.0703924836327038,-0.3671138907900161,5.0,-0.2114051045042383,-0.0518870019228435,0.7050727458026397,0.0778998215267855,-0.0806928640265805,-0.700209042092152,0.726279616355896,-0.0990182980895042,-0.1038080900907516
1760945221.8205032,3.284680573140897,12.283048234310533,6.525691416086962,-0.0483329170177712,-0.0698321979879681,-0.36528441232455,5.0,-0.2131888663291001,-0.0517016870656231,0.7037832778089917,0.0776321880582969,-0.0806274141604733,-0.7015422733802349,0.7258085012435913,-0.0994638502597808,-0.1021210625767707
1760945221.832605,3.282647380546408,12.23304644966324,6.52493344277934,-0.0490911719735966,-0.0693049503439666,-0.3641702203354527,5.0,-0.2149747130189903,-0.0515250512608396,0.7024957582783131,0.0773630137479341,-0.0805575983943543,-0.7028692247109334,0.7258085012435913,-0.0994638502597808,-0.1021210625767707
1760945221.8446612,3.2804110657747594,12.183052681991496,6.524167346115423,-0.0506438370350814,-0.0686535316202493,-0.3623152490221575,5.0,-0.2168211503467537,-0.0513523111381737,0.7012131753617689,0.0770896594024618,-0.0804804759819198,-0.7041875887134061,0.7253316640853882,-0.0989971905946731,-0.1001593470573425
1760945221.8566384,3.2779722723054703,12.133067721482004,6.523393041463348,-0.0514869551358381,-0.0680432749976746,-0.3611684010221351,5.0,-0.2186685984361279,-0.0511835980678377,0.6999327801582012,0.0768147692689418,-0.0803984088373883,-0.7054996033582066,0.7253316640853882,-0.0989971905946731,-0.1001593470573425
1760945221.868674,3.2753316198618863,12.083092361589244,6.522610446545041,-0.0521015927916246,-0.0674952065217951,-0.3605106239656317,5.0,-0.2204952907372442,-0.0510208216539008,0.6986527564740103,0.0765391327713177,-0.0803122315670857,-0.7068069273051848,0.7246151566505432,-0.0990694612264633,-0.0999353155493736
1760945221.880645,3.272489754240934,12.033127400212743,6.521819492862111,-0.052515043877589,-0.0669807025702227,-0.3603872298643197,5.0,-0.2222720658087093,-0.0508644363855321,0.6973711382090323,0.0762635579882696,-0.0802225674606924,-0.7081113648191386,0.7246151566505432,-0.0990694612264633,-0.0999353155493736
1760945221.8926995,3.269446922704083,11.983173587174774,6.521020027016919,-0.0549797118201719,-0.0663410868602523,-0.3580664555992727,5.0,-0.2241487165627026,-0.0507125303237379,0.6960965530641526,0.0759804650187266,-0.0801225602246845,-0.709406042468476,0.7241271734237671,-0.0985984206199646,-0.0962601229548454
1760945221.9047096,3.2662038269658757,11.93323167288663,6.5202120046634775,-0.0563559913381922,-0.0657432339864914,-0.3563910236512048,5.0,-0.2260471309876382,-0.0505644953437241,0.6948263232239311,0.0756937737065523,-0.0800159553139771,-0.7106928169556563,0.7241271734237671,-0.0985984206199646,-0.0962601229548454
1760945221.9167771,3.2627609194156766,11.883302385020848,6.519395318265129,-0.0584690087152319,-0.0649153792926165,-0.3537491843493797,5.0,-0.2280412150285079,-0.0504115572442962,0.6935642894645235,0.075401373963313,-0.0798996992073834,-0.7119685718138019,0.7233936786651611,-0.0977907329797744,-0.0938896387815475
1760945221.928784,3.2591189478741813,11.833386456107096,6.51856992207843,-0.0595651516956939,-0.0641441698672196,-0.3519768912542789,5.0,-0.2300581447467157,-0.0502549658359924,0.6923069955621853,0.0751069602299783,-0.0797772697488333,-0.7132359747321322,0.7233936786651611,-0.0977907329797744,-0.0938896387815475
1760945221.9410267,3.255278499539875,11.783484609482132,6.51773574160187,-0.0609783392510224,-0.0635426462724606,-0.3499920060564571,5.0,-0.2321249370862065,-0.0501034475775019,0.6910552849407184,0.0748087627998373,-0.0796482028685285,-0.7144945107862439,0.7228963375091553,-0.0981443375349044,-0.0924017056822776
1760945221.9531395,3.2512403430493024,11.733597574272345,6.516892749817878,-0.0617204525800459,-0.0629798668840091,-0.3488486021362856,5.0,-0.2341814146104607,-0.0499568415974254,0.6898059181875761,0.0745093127704487,-0.0795147087126255,-0.7157468607281605,0.7228963375091553,-0.0981443375349044,-0.0924017056822776
1760945221.9652662,3.2470507398016872,11.68372287317838,6.516043492808649,-0.0410311409619151,-0.0631564051460857,-0.3724313921537823,5.0,-0.2348941448659031,-0.049802155319409,0.688482042079196,0.0742737505888467,-0.0794340393576461,-0.7170537783871261,0.7279621958732605,-0.1002507805824279,-0.1254825741052627
1760945221.9773452,3.2426224631745857,11.63386847299174,6.515183480342713,-0.0526739568190928,-0.0624513519035391,-0.3689360602315303,5.0,-0.2358773698034245,-0.0496673594284029,0.6871528310000979,0.0740149278431081,-0.0793230323025463,-0.7183666430530162,0.7217011451721191,-0.0976852104067802,-0.0917161628603935
1760945221.989412,3.237998175831648,11.584031488113794,6.514314420784243,-0.0599215803621111,-0.0617953233754546,-0.3639764954544233,5.0,-0.2370425050636976,-0.0495452984772199,0.6858419472069046,0.0737313284049891,-0.0791852889239925,-0.7196625630676511,0.7217011451721191,-0.0976852104067802,-0.0917161628603935
1760945222.0014348,3.233178098903464,11.53421247946641,6.513436195692615,-0.066969224175598,-0.0610671727574871,-0.3555236198391895,5.0,-0.2386155069801042,-0.0494318011873672,0.684562009115271,0.0734225814077042,-0.079022533195355,-0.7209295523578442,0.7211878299713135,-0.0973301827907562,-0.0865367352962493
1760945222.0134022,3.228163121048653,11.48441200029364,6.512548845779349,-0.0703722712208394,-0.0603908842848216,-0.3485501794591948,5.0,-0.2404559280180029,-0.0493208839045665,0.6833064611920514,0.0731016228357598,-0.0788474904380352,-0.7221713827642284,0.7211878299713135,-0.0973301827907562,-0.0865367352962493
1760945222.026317,3.222953841382774,11.43463060874478,6.511652340008935,-0.0732070283436402,-0.0594749389505043,-0.3415570560162903,5.0,-0.2425950430600296,-0.049200806508178,0.6820753781231509,0.072771295269745,-0.0786613861364765,-0.7233877960499557,0.7204209566116333,-0.0964666008949279,-0.0837351605296135
1760945222.038304,3.217551202593279,11.384868884361593,6.5107467134949895,-0.0740763966989409,-0.0586249852175601,-0.3367437421336535,5.0,-0.2448902170728456,-0.0490714188889806,0.6808602441431387,0.0724389566141214,-0.0784707443215544,-0.7245855834859152,0.7204209566116333,-0.0964666008949279,-0.0837351605296135
1760945222.0503495,3.211956402650372,11.33512746833076,6.509832035419294,-0.0726391121078617,-0.0577377644985852,-0.3355906829456413,5.0,-0.2471345037004039,-0.0489270242820012,0.679647046262277,0.0721140497414573,-0.0782824660360896,-0.7257763511221327,0.7199043035507202,-0.0961753353476524,-0.0861216410994529
1760945222.062368,3.206170332863318,11.2854070430223,6.508908290860398,-0.0716278531557762,-0.0569122612668142,-0.3357495229869074,5.0,-0.2492942227931098,-0.0487729122617266,0.6784311730265068,0.0717954190894122,-0.0780947583104671,-0.7269647653002745,0.7199043035507202,-0.0961753353476524,-0.0861216410994529
1760945222.074398,3.2001933998588443,11.23570826026264,6.507975348247699,-0.0735753655866579,-0.0559767798893411,-0.333617440717437,5.0,-0.2515321942557973,-0.048612158274355,0.6772220679905299,0.0714725366724623,-0.0778973314760163,-0.7281441841264333,0.7193725109100342,-0.095674879848957,-0.0818136036396026
1760945222.0864203,3.194026536045821,11.186031747082785,6.507033182915783,-0.074659944887805,-0.0551061322094489,-0.3322860377508003,5.0,-0.2537553677289526,-0.0484467306037854,0.6760165156975312,0.0711484187477867,-0.0776932501932518,-0.7293170311245089,0.7193725109100342,-0.095674879848957,-0.0818136036396026
1760945222.0984204,3.187671362081483,11.136378197777042,6.506081902125394,-0.0717266145901582,-0.054354811114463,-0.3361016378629635,5.0,-0.2556392364508835,-0.048273274938388,0.6747942746880352,0.0708382197165433,-0.0774957319675114,-0.7304991752236678,0.7185788750648499,-0.0958571210503578,-0.0880607292056083
1760945222.1104417,3.181128726233431,11.086748354718685,6.505121437419534,-0.0705131126718954,-0.0536523680665908,-0.3398443424121394,5.0,-0.2572661769902323,-0.0480987264404277,0.6735561440573946,0.0705359162556917,-0.0772987152499574,-0.7316909962143928,0.7185788750648499,-0.0958571210503578,-0.0880607292056083
1760945222.1224768,3.174398475968509,11.037142861410404,6.504151516003642,-0.0755947325579408,-0.0528158162512139,-0.3366657618697499,5.0,-0.2590804618610694,-0.0479322241945827,0.6723296855158037,0.0702181212617872,-0.0770811804525283,-0.7328715447066628,0.7180395722389221,-0.0953161343932151,-0.0790118426084518
1760945222.1345136,3.167481579656608,10.987562268031612,6.503172115043457,-0.07857048818253,-0.052036206100558,-0.3337513694662387,5.0,-0.2609549809815131,-0.0477710126703084,0.6711132172592778,0.0698918420477654,-0.076850908261725,-0.7340409511290359,0.7180395722389221,-0.0953161343932151,-0.0790118426084518
1760945222.1465607,3.1603787567713786,10.93800711116788,6.502183151862083,-0.0815974504102829,-0.0509968537627364,-0.3298121846757003,5.0,-0.2629665753650724,-0.0476036040943951,0.6699106635717238,0.0695574983030437,-0.0766071867873471,-0.7351957536569721,0.717229962348938,-0.0943777710199356,-0.0765497237443924
1760945222.1586893,3.15309103908239,10.888477916531434,6.501184603623127,-0.0830897980232985,-0.0500302763950263,-0.326949470810381,5.0,-0.2650306012047487,-0.0474306303586387,0.6687175613494406,0.0692204073148986,-0.0763555114630229,-0.7363390484167173,0.717229962348938,-0.0943777710199356,-0.0765497237443924
1760945222.170761,3.145619340059966,10.838975218274363,6.500176428690298,-0.0843660510744422,-0.0492750319882731,-0.324423471177636,5.0,-0.2671424943190306,-0.0472616745560285,0.6675325577641857,0.0688806653033489,-0.0760972654128553,-0.7374719957183848,0.7166813611984253,-0.0948122292757034,-0.0754540041089057
1760945222.1828363,3.137964704449069,10.78949955555806,6.499158618356586,-0.0849296872805259,-0.0485697585840149,-0.322960111189093,5.0,-0.2692362201141294,-0.047096829088895,0.6663515056734276,0.0685408882797962,-0.0758348728286274,-0.7385979214590563,0.7166813611984253,-0.0948122292757034,-0.0754540041089057
1760945222.194931,3.130167250934142,10.740045995304916,6.498133680474646,-0.0656171614028766,-0.0486519058682014,-0.344716132480742,5.0,-0.2700447619230625,-0.0469227971460665,0.6650989642607458,0.0682598023060992,-0.0756247936841524,-0.7397735178476212,0.7216730713844299,-0.0970361828804016,-0.1063295826315879
1760945222.2069848,3.1221674243962365,10.690625102731584,6.497098446553397,-0.0579206691209108,-0.0487122273869827,-0.3639033515960541,5.0,-0.2696931592419307,-0.0467634993666092,0.6637578067349574,0.0680224895353628,-0.0754468894158409,-0.7410170590433692,0.7216730713844299,-0.0970361828804016,-0.1063295826315879
1760945222.2191014,3.1139887674463687,10.641233654005152,6.4960534775245575,-0.07305660080759,-0.047801723419047,-0.3581330827379102,5.0,-0.2698265792312174,-0.0466316002521759,0.6624345755649106,0.0677413785514751,-0.0752169532890873,-0.7422492496904188,0.7150930166244507,-0.0941749140620231,-0.0777447447180748
1760945222.231138,3.1056175764399194,10.591874460139506,6.494997919397118,-0.0817796644367684,-0.0469621830101959,-0.3504505212032465,5.0,-0.2702723832818712,-0.0465154338011491,0.6611429053503663,0.0674279164930629,-0.0749501819386337,-0.7434554492433604,0.7150930166244507,-0.0941749140620231,-0.0777447447180748
1760945222.2432196,3.0970709921053974,10.5425449403818,6.493932539013005,-0.0920072752519257,-0.0459872125308909,-0.3364135137970748,5.0,-0.2714173463388187,-0.0464096862614307,0.6599038042386581,0.0670796127144703,-0.0746475015671502,-0.7446173817600591,0.7145255208015442,-0.0935875326395034,-0.0680968314409256
1760945222.255325,3.088341851430629,10.493246717763512,6.492856957672301,-0.0964536063457745,-0.0450864010142068,-0.324874752066294,5.0,-0.2730417369153122,-0.046303414602896,0.658708812941479,0.0667146624928975,-0.0743280937320439,-0.7457393566413449,0.7145255208015442,-0.0935875326395034,-0.0680968314409256
1760945222.267496,3.079435889819301,10.443979363447784,6.49177155696155,-0.0958332209018552,-0.0441653909874604,-0.3186927227753522,5.0,-0.2748308458519965,-0.0461831248196959,0.6575351236724046,0.0663526962239681,-0.0740098091652961,-0.7468382883785766,0.7134767770767212,-0.0933300554752349,-0.0712121948599815
1760945222.279611,3.0703542627335514,10.394743272939268,6.490676388779415,-0.094508760676776,-0.0433104787980895,-0.3151757539120333,5.0,-0.2766932722145139,-0.0460513548120747,0.6563726156573328,0.0659967897479986,-0.0736946196704799,-0.7479228009559095,0.7134767770767212,-0.0933300554752349,-0.0712121948599815
1760945222.2917044,3.061097439315146,10.345538858361529,6.489571359648242,-0.0965899038577016,-0.0423633126109994,-0.3093974977128934,5.0,-0.2788103231835352,-0.0459137506792152,0.6552309687686703,0.0656352903037363,-0.073370249419619,-0.7489867774088652,0.7128984928131104,-0.0928709283471107,-0.0652164816856384
1760945222.3037643,3.051666607901774,10.29636648025795,6.488456515617879,-0.0971548188022212,-0.0414835278481079,-0.3055677298398344,5.0,-0.281012063590319,-0.0457702333280159,0.6541024431269118,0.0652736550700262,-0.0730419426633604,-0.750036144769815,0.7128984928131104,-0.0928709283471107,-0.0652164816856384
1760945222.3158243,3.0420628466948867,10.247226532115633,6.487331853868263,-0.0975868751385412,-0.0403127825015446,-0.3027516303848238,5.0,-0.2832600740663643,-0.0456084241262804,0.6529833527337845,0.0649137991694814,-0.0727089166504723,-0.7510741329385835,0.7120219469070435,-0.0918129682540893,-0.0642516836524009
1760945222.3278563,3.032287344396298,10.198119420360536,6.486197372392082,-0.097547911699132,-0.0392254006844399,-0.3013361132848031,5.0,-0.2854740801738321,-0.0454330151770921,0.6518682917832349,0.0645574728677443,-0.0723727596886247,-0.7521052097410245,0.7120219469070435,-0.0918129682540893,-0.0642516836524009
1760945222.3399632,3.0223413086157773,10.14904557198747,6.485053063631379,-0.0972802908873947,-0.0383295971899154,-0.3011369500581236,5.0,-0.2875920507708996,-0.0452534669622245,0.650752560908182,0.0642051511280245,-0.0720345692807582,-0.7531333373769921,0.7114243507385254,-0.0921604186296463,-0.0645013824105262
1760945222.351956,3.012225907946011,10.100005428622248,6.483898907328545,-0.0971973037947208,-0.0374941152722542,-0.3016029667574804,5.0,-0.2895850174712847,-0.0450734203140706,0.6496336953282652,0.0638562502961292,-0.0716936403255307,-0.7541607674290239,0.7114243507385254,-0.0921604186296463,-0.0645013824105262
1760945222.3639672,3.0019422409911662,10.050999432189384,6.482734856437098,-0.0976780965364014,-0.0364936213709712,-0.3020157021265863,5.0,-0.2914628482597235,-0.0448872651074105,0.6485121296527523,0.0635095459807993,-0.071347334848273,-0.7551874688265245,0.710822582244873,-0.0914985388517379,-0.0639092773199081
1760945222.3760154,2.991491476997609,10.002028010550127,6.481560870586218,-0.0981798544316375,-0.0355614131232185,-0.3026410765050293,5.0,-0.2932078724096912,-0.0446989560377104,0.6473870362965454,0.0631647953942226,-0.0709957309599629,-0.7562141495921919,0.710822582244873,-0.0914985388517379,-0.0639092773199081
1760945222.388075,2.9808763547620543,9.953091631876587,6.480377166719168,-0.0906413531515123,-0.0346479861204096,-0.3133265768564837,5.0,-0.2941644042442839,-0.0444885481033097,0.646217794866654,0.062851517743985,-0.0706661062861677,-0.7572704600981796,0.7099145650863647,-0.0913717448711395,-0.0780216827988624
1760945222.4000967,2.970097875277602,9.904190980825,6.479183597663033,-0.0874272223453413,-0.0337934375356471,-0.3225336813220448,5.0,-0.2945833946967737,-0.0442724510229275,0.6450112017822596,0.0625549456782389,-0.0703428060376368,-0.7583530299176955,0.7099145650863647,-0.0913717448711395,-0.0780216827988624
1760945222.4121068,2.95915514372928,9.855326629582546,6.477979681596802,-0.0964893739791557,-0.0327665216781026,-0.3176311610875289,5.0,-0.2953533097988373,-0.0440764700818466,0.6438245706968343,0.0622311541080462,-0.0699831809288671,-0.7594205422639652,0.709297776222229,-0.0906856432557106,-0.0611360520124435
1760945222.4241006,2.948049347419214,9.806498792941882,6.47676536310151,-0.1017700663398228,-0.0318102884736381,-0.3123052721210199,5.0,-0.2962816993331167,-0.0438921092605157,0.6426583682305274,0.0618919565659684,-0.0696018863070893,-0.7604703708088879,0.709297776222229,-0.0906856432557106,-0.0611360520124435
1760945222.4363449,2.936781355454203,9.75770768170231,6.475540524229992,-0.1063181234509851,-0.0305300671843282,-0.3053925484927487,5.0,-0.297480280291258,-0.0437022568290644,0.6415185793217812,0.0615404401754223,-0.0692011367524582,-0.761497136751115,0.708366870880127,-0.0895165354013443,-0.0579058863222599
1760945222.4484613,2.9253524503769515,9.708953468061592,6.474305119752824,-0.1082833573115768,-0.0293404351167556,-0.2999536302205622,5.0,-0.2988345063134804,-0.0435049308401858,0.6403988487158758,0.0611851055702253,-0.0687905794036418,-0.7625047892341742,0.708366870880127,-0.0895165354013443,-0.0579058863222599
1760945222.460544,2.913763817622377,9.660236358213762,6.473059086541675,-0.109305371484854,-0.0283354482868339,-0.2955250565452157,5.0,-0.3003045930271912,-0.0433066364609855,0.6392950394810339,0.0608286511444507,-0.0683740870366053,-0.7634963732178436,0.707736074924469,-0.0898222848773002,-0.0569852702319622
1760945222.4725666,2.902016749304619,9.611556575187343,6.471802380605125,-0.1093446292711261,-0.0273982491061254,-0.2926823264223853,5.0,-0.301801300677829,-0.0431077567131948,0.638200830542721,0.0604745253362737,-0.0679551430037676,-0.7644767035163799,0.707736074924469,-0.0898222848773002,-0.0569852702319622
1760945222.4845507,2.8901124356677927,9.562914371380629,6.470534925821433,-0.109476072274387,-0.0262866845615752,-0.2905478887608645,5.0,-0.3033001541623356,-0.042900888184676,0.6371136390886537,0.0601233557808347,-0.0675326291956395,-0.7654480628826414,0.7070941925048828,-0.0891122296452522,-0.0561385825276374
1760945222.4965453,2.8780521607512783,9.514310002899164,6.469256654380724,-0.1093008299370484,-0.0252507173935585,-0.2894604965492245,5.0,-0.3047398220805989,-0.042689444793457,0.636029366879375,0.0597761965169213,-0.0671076491795897,-0.7664137356666966,0.7070941925048828,-0.0891122296452522,-0.0561385825276374
1760945222.50873,2.865840950188216,9.46574330472767,6.467967925096136,-0.0988055865923054,-0.0242250031065957,-0.3017411352788537,5.0,-0.3052678853702618,-0.0424465500954551,0.6348942634052243,0.0594698286905298,-0.0667153963628688,-0.7674123205023504,0.7061257362365723,-0.0889440104365348,-0.0739807933568954
1760945222.5206635,2.853476342882745,9.417215808526176,6.466668279094987,-0.093917801309221,-0.0232653050580556,-0.3126096293791264,5.0,-0.3051638300251609,-0.0421932662959033,0.633714088680642,0.059186611210157,-0.0663358368171952,-0.7684419012618218,0.7061257362365723,-0.0889440104365348,-0.0739807933568954
1760945222.533158,2.84095892005871,9.368727633459969,6.465357254409735,-0.1038287152570455,-0.0221192153890733,-0.3069621328798507,5.0,-0.3054783436694595,-0.0419634359850737,0.6325572229818333,0.0588743778033185,-0.0659160759073869,-0.7694545069260137,0.7054682374000549,-0.088197723031044,-0.0540881380438804
1760945222.545168,2.828289931042991,9.32027884968687,6.464034741082939,-0.1095239584663565,-0.0210511214614514,-0.3008084297518308,5.0,-0.305985463958901,-0.0417468876546904,0.6314244126483877,0.058546056298064,-0.0654726603008382,-0.7704472085462531,0.7054682374000549,-0.088197723031044,-0.0540881380438804
1760945222.5572455,2.815471408776633,9.271869526233266,6.462700740754198,-0.1085420351961401,-0.0196807045565145,-0.3000830496111967,5.0,-0.3063390932387156,-0.0415108019496027,0.6302929450757411,0.0582257201980521,-0.0650287382266769,-0.7714349176047279,0.7044817805290222,-0.0870771557092666,-0.0607105866074562
1760945222.5693147,2.8025045900710444,9.223499896253427,6.461355088191747,-0.107783283444662,-0.0184043208460964,-0.2999076354476278,5.0,-0.306594610822878,-0.0412622220656966,0.6291607406197804,0.0579124931663162,-0.0645836056488599,-0.7724194867294735,0.7044817805290222,-0.0870771557092666,-0.0607105866074562
1760945222.5813832,2.789389507907821,9.175170208338828,6.459997413067926,-0.1133854085875948,-0.0170412802556933,-0.2924667317260478,5.0,-0.3072325490619577,-0.0410162978348136,0.6280577500679881,0.0575843646966924,-0.064114548860296,-0.773380131724662,0.7038013935089111,-0.0865561440587043,-0.0500134453177452
1760945222.5934167,2.776127499847429,9.126880469994768,6.458627582449172,-0.1159310647470622,-0.0157717439719056,-0.2862658659381034,5.0,-0.3080574096889034,-0.0407686574552593,0.6269783536081556,0.0572510212526845,-0.0636332876146962,-0.7743198753613887,0.7038013935089111,-0.0865561440587043,-0.0500134453177452
1760945222.6055036,2.7627196854335248,9.078630729591158,6.457245401590443,-0.1178543044566715,-0.0141468597741836,-0.2802150457682861,5.0,-0.3090848106991086,-0.040502265864367,0.6259219758667415,0.0569158787719547,-0.0631410684935088,-0.7752389749878347,0.7027791738510132,-0.0852330848574638,-0.0479176305234432
1760945222.617537,2.749167440420561,9.03042102464859,6.455850699637634,-0.1181992410842939,-0.0126344077563231,-0.2759501989106062,5.0,-0.3102007224713681,-0.0402199522404047,0.6248812762793776,0.0565840415004843,-0.0626438464877264,-0.7761426320594365,0.7027791738510132,-0.0852330848574638,-0.0479176305234432
1760945222.6295826,2.735473459975624,8.982251404750965,6.454443471374178,-0.1110146724611216,-0.0111082501619022,-0.2816379218035205,5.0,-0.3107810266468347,-0.0399020836296695,0.6238155389644522,0.0562822188794841,-0.0621679787658729,-0.7770596036345332,0.7020803689956665,-0.0848896130919456,-0.059745617210865
1760945222.641575,2.721638980176054,8.934122226768704,6.45302341753835,-0.1071881899583177,-0.0096823088832111,-0.2873248451519562,5.0,-0.3109763672106368,-0.0395663327771337,0.6227256228640651,0.0559995119215799,-0.0617007888415966,-0.7779909163669148,0.7020803689956665,-0.0848896130919456,-0.059745617210865
1760945222.653603,2.7076638325799807,8.88603385384447,6.451590002511216,-0.1126120599204214,-0.0080818558904157,-0.2834129246938618,5.0,-0.3114021438478452,-0.0392328612395787,0.6216514680010136,0.0557048135958283,-0.0612084775566887,-0.7789094609450006,0.7013749480247498,-0.0840873718261718,-0.0474669151008129
1760945222.66565,2.6935493388206417,8.837986307739104,6.450142951433942,-0.1156064670820631,-0.0065879315568097,-0.2795504981365371,5.0,-0.3119017776586821,-0.0388996869540522,0.6205922123282419,0.0554053136251665,-0.060700792542475,-0.7798147029931858,0.7013749480247498,-0.0840873718261718,-0.0474669151008129
1760945222.6778336,2.679303855091516,8.78997815041024,6.4486828205333815,-0.1040770199882782,-0.0052680795839978,-0.2920661581378146,5.0,-0.3114379215037604,-0.0385351485888711,0.6194816680773235,0.0551489031120846,-0.060229106955701,-0.7807518914975419,0.7003136873245239,-0.0843323469161987,-0.0696697607636451
1760945222.6897905,2.6649193987775743,8.742012657733888,6.447208271036733,-0.0986060337926443,-0.0040312888303972,-0.3030478721091519,5.0,-0.3103185690758705,-0.0381614363064032,0.6183238438325936,0.0549189260839656,-0.0597730157330079,-0.7817203606764069,0.7003136873245239,-0.0843323469161987,-0.0696697607636451
1760945222.701893,2.650403897845636,8.69408741497213,6.445719500060907,-0.1113674896705524,-0.0025947786815707,-0.2935754448294678,5.0,-0.3098529269344102,-0.0378209685044458,0.6172038411905729,0.0546535298472943,-0.0592670050990295,-0.7826620165827806,0.6995867490768433,-0.0835132449865341,-0.0444276146590709
1760945222.7140367,2.635748378747376,8.646205392757798,6.444215096855285,-0.1180648893219063,-0.0012557396307645,-0.2839602843934194,5.0,-0.309756493794718,-0.0375001087294267,0.6161237668585152,0.0543683520814398,-0.0587311972688565,-0.7835727360439421,0.6995867490768433,-0.0835132449865341,-0.0444276146590709
1760945222.7260664,2.6210202507940954,8.598347990987069,6.442703055520556,-0.0087314249740697,-0.0073274348828095,-0.3966105914866841,5.0,-0.3041702941582673,-0.0371867296691497,0.6147443619317703,0.0543135571174222,-0.0584742121670545,-0.7846783885757244,0.6987565159797668,-0.1049777790904045,-0.2074322551488876
1760945222.7381535,2.6061755063613874,8.550532843651116,6.4411782602480985,0.0374992612069693,-0.0128572820243703,-0.5011529987107458,5.0,-0.2932044471666301,-0.0370103854042796,0.6129089333786797,0.0544787410715268,-0.0584736027415629,-0.7861014845033004,0.6987565159797668,-0.1049777790904045,-0.2074322551488876
1760945222.7502143,2.591212951624067,8.502763460727705,6.439640022264873,0.0471566290059087,-0.0181125657846452,-0.5801451422909022,5.0,-0.2779277119039269,-0.0370771967784192,0.6107107844483958,0.0547132223554387,-0.0585480345663572,-0.7877886319986638,0.6982800364494324,-0.105579026043415,-0.2091536074876785
1760945222.7623267,2.5761307715822093,8.45504226602553,6.438087905554288,0.0374640949297868,-0.0229279735107196,-0.6286888106986971,5.0,-0.2597905869701316,-0.0374113618486521,0.6082681674623052,0.0549339385016737,-0.0586067116603184,-0.789656477337524,0.6982800364494324,-0.105579026043415,-0.2091536074876785
1760945222.774371,2.5609261337109306,8.407370866346135,6.436521714951576,0.016723831970268,-0.0272816600007021,-0.6446409538217646,5.0,-0.2405794920128819,-0.0379908024777311,0.6057198747407887,0.0550868496930886,-0.0585981519877515,-0.7916028858705069,0.6978018283843994,-0.1053417325019836,-0.2003887146711349
1760945222.7864523,2.545593011263085,8.359751242843446,6.434941398175329,0.0017099250857911,-0.0313020295416277,-0.6425893659461496,5.0,-0.2213419216996754,-0.0387604779241279,0.6031599660589892,0.0551688381439355,-0.0585315674562453,-0.7935543524250134,0.6978018283843994,-0.1053417325019836,-0.2003887146711349
1760945222.7986157,2.530147043973509,8.312174080545596,6.433348591526553,-0.1367464838012405,-0.0352072605508938,-0.4942427508836887,5.0,-0.2088333444686508,-0.0398074964180712,0.6009805441058701,0.054928492164905,-0.0581274614619717,-0.795252440787634,0.6970866918563843,-0.1056572496891021,-0.0155628621578216
1760945222.8107147,2.514556921334606,8.264647988592978,6.43174088382858,-0.1915839894192979,-0.0388683071367249,-0.3517239307581548,5.0,-0.2035636541688348,-0.041081630703609,0.5994172196061724,0.0543665028533388,-0.0574286414719129,-0.7965207036516968,0.6970866918563843,-0.1056572496891021,-0.0155628621578216
1760945222.8227792,2.4988382061147485,8.21716645401094,6.430122519633008,-0.0897261592901089,-0.0422552648462718,-0.357862772892022,5.0,-0.198658199189453,-0.0422729568790369,0.5980329384283486,0.0539320795149301,-0.056961287543035,-0.7976235622619169,0.6965983510017395,-0.1054846122860908,-0.1712261736392974
1760945222.834846,2.482996217271156,8.169728531028005,6.428496224791554,-0.0259843222980582,-0.0454358504036557,-0.3915928262285619,5.0,-0.1923757804538985,-0.0433325559836718,0.5965175001991317,0.0537237520868881,-0.0568055352606043,-0.7987826748131444,0.6965983510017395,-0.1054846122860908,-0.1712261736392974
1760945222.846909,2.4670313525320955,8.122335122312974,6.426863479613506,0.0133012949366675,-0.0482219477116881,-0.4374460270174419,5.0,-0.183871911436224,-0.0443140506306564,0.5948123461946202,0.0536617385536653,-0.0568424994234781,-0.8000547611814713,0.6958652138710022,-0.1049041152000427,-0.1796461939811706
1760945222.859059,2.450939776258912,8.074988706557903,6.425225497647336,0.0291944709302902,-0.0508375082462425,-0.4756871597860992,5.0,-0.1733129277005226,-0.0452638612225999,0.592924934831022,0.0536699155578687,-0.0569693788066262,-0.8014449773365772,0.6958652138710022,-0.1049041152000427,-0.1796461939811706
1760945222.871844,2.43472022122781,8.027690482550646,6.423583533798973,0.0338107031112223,-0.0534635679201275,-0.5030335970487658,5.0,-0.1612480356363073,-0.0462128521693595,0.5909042512901678,0.0536976236918674,-0.0571252960989015,-0.8029230545716479,0.6953691840171814,-0.1053985208272934,-0.181895762681961
1760945222.884744,2.41836825768689,7.980442465944125,6.421938797443415,0.0323061194335162,-0.0559300297244129,-0.5179920193849586,5.0,-0.1483562584028802,-0.0471679180805597,0.5888046459849813,0.0537175954955141,-0.0572814109149474,-0.804451582610336,0.6953691840171814,-0.1053985208272934,-0.181895762681961
1760945222.897706,2.4018800898952666,7.9332460821604895,6.420292555648855,0.027189733284529,-0.0579550874991352,-0.5204166729428814,5.0,-0.1353951513355443,-0.0481128507730392,0.5866855668233008,0.0537136463436954,-0.0574215890697184,-0.80598861715684,0.6946496963500977,-0.1045106872916221,-0.1778230220079422
1760945222.9105363,2.3852663569927914,7.886097189830213,6.418646125065379,0.024212956743098,-0.0598811409864645,-0.517325178798248,5.0,-0.1226512359350968,-0.0490395012805664,0.5845750836308985,0.053691706032487,-0.057555692810116,-0.8075125475968756,0.6946496963500977,-0.1045106872916221,-0.1778230220079422
1760945222.9233289,2.3685269248057543,7.838995642872904,6.417000458533013,0.0195438978588103,-0.0616151754078307,-0.5062834869205688,5.0,-0.110592867353118,-0.0499417726893828,0.582506037319654,0.053645583276287,-0.0576785967288596,-0.8090006473177203,0.694168210029602,-0.1042072251439094,-0.1708227097988128
1760945222.9363334,2.351661207435802,7.791941558532478,6.415356610699322,0.0190091536448387,-0.0632713546645049,-0.494638208770377,5.0,-0.0991609510801025,-0.0508133059588988,0.5804800515784568,0.0535875007155218,-0.0578069123036063,-0.8104502763133956,0.694168210029602,-0.1042072251439094,-0.1708227097988128
1760945222.9490016,2.3347066757568493,7.744920488032193,6.4137135402936805,-0.0280596459278681,-0.0648445778021509,-0.4307785012183066,5.0,-0.09067910996832,-0.0516914565333277,0.5786300548567812,0.0534192228755163,-0.0578186189313019,-0.8117823929777557,0.6932241320610046,-0.1041051894426345,-0.0995282679796218
1760945222.9617047,2.317612597878252,7.69795107850716,6.4120726427125945,-0.0437375170109731,-0.0663491592169075,-0.372930797374028,5.0,-0.0852546876026432,-0.0525543860308331,0.577038706442192,0.0531480994119951,-0.0577420170835924,-0.8129375561871481,0.6932241320610046,-0.1041051894426345,-0.0995282679796218
1760945222.97458,2.3003901429080265,7.651029302758683,6.410435955554433,0.0011970899340747,-0.067648608759487,-0.3770669365233837,5.0,-0.07975023288991,-0.0533517704670757,0.5754971161868221,0.0529495590259858,-0.0577894211715281,-0.814039185948849,0.6927155256271362,-0.1036887839436531,-0.1643697023391723
1760945222.9877036,2.28303152775872,7.604158484495448,6.408805406004416,0.0287697442992244,-0.0688922022654206,-0.3915922807117473,5.0,-0.0736368334302221,-0.0540791050209569,0.5738903899050214,0.0528483125868624,-0.0579773078403391,-0.8151659389394104,0.6927155256271362,-0.1036887839436531,-0.1643697023391723
1760945223.000359,2.2655532493453503,7.557332437696602,6.407179025585941,-0.0427913638190252,-0.0700465832135968,-0.3124586237619232,5.0,-0.0714034782547707,-0.0548029603638339,0.5724846737630648,0.0526062453786945,-0.0580057588647628,-0.8161673928748175,0.6919502019882202,-0.1035537049174308,-0.0361088328063488
1760945223.0132716,2.247930701833101,7.510560177652145,6.40555796761688,-0.0713587754082452,-0.0711582171450594,-0.2390587562778212,5.0,-0.0729458401236505,-0.0555203712650622,0.5714083331313972,0.0522112652143032,-0.0578793871177193,-0.816955615171104,0.6919502019882202,-0.1035537049174308,-0.0361088328063488
1760945223.0259244,2.230182068101725,7.463835179236597,6.403944695970421,0.0185884886386573,-0.0719623546532132,-0.2843449204694503,5.0,-0.0725868533989878,-0.0561573590413179,0.5703010343492326,0.0519639204893708,-0.0579694150599073,-0.8177383616445923,0.6914424300193787,-0.1027724370360374,-0.1725362986326217
1760945223.0381591,2.212305752232035,7.417158789414368,6.402341395434168,0.0660317237929128,-0.072742434007933,-0.3411555959032889,5.0,-0.0695451526025791,-0.0567035394042265,0.5689485406346122,0.0519093661358344,-0.0583053068297118,-0.8186595550121027,0.6914424300193787,-0.1027724370360374,-0.1725362986326217
1760945223.050982,2.194279948286936,7.370540053897591,6.40074923276833,0.0470715092965438,-0.0732049608328708,-0.3476934212448275,5.0,-0.0660707589879327,-0.057196277725629,0.567493867903017,0.0518546144938372,-0.0586297628003494,-0.819648924700169,0.6906492114067078,-0.1019186899065971,-0.1151864156126976
1760945223.0634892,2.1761034798756884,7.323979935014124,6.3991685185043945,0.0343620825203641,-0.073663491524208,-0.3452929979559251,5.0,-0.0627110434331164,-0.0576495752884135,0.5660467313162628,0.0517531501374732,-0.0588922942922931,-0.8206365864924696,0.6906492114067078,-0.1019186899065971,-0.1151864156126976
1760945223.0761755,2.157841576658036,7.277453518535686,6.397596295358133,0.0940952929725203,-0.0749555114677029,-0.4140341998490944,5.0,-0.0559960484799239,-0.0580775224144585,0.5644034976633908,0.0517743496860675,-0.0593097756133579,-0.8217362466488921,0.6956009268760681,-0.1043757423758506,-0.2155390530824661
1760945223.0882864,2.139452985446945,7.230977578446478,6.396036999628807,0.1177113577339982,-0.0761674176251016,-0.4744087056912177,5.0,-0.04618815686353,-0.0584863438997657,0.5624769091967191,0.0519130523094201,-0.0598640597615251,-0.8230073243715962,0.6956009268760681,-0.1043757423758506,-0.2155390530824661
1760945223.1003551,2.1209362829481613,7.184552971949432,6.3944889147277095,0.0533868853674809,-0.0760396915064667,-0.4444942036001585,5.0,-0.0377362713018825,-0.0588710317318023,0.5605585700166763,0.0519454899648742,-0.0602657185329134,-0.8242838096328714,0.6891376376152039,-0.1006505787372589,-0.1157778054475784
1760945223.1123753,2.102277865052141,7.138185291088871,6.392952565183303,0.0197262151974248,-0.0759520464711527,-0.4026764655506586,5.0,-0.031306969209613,-0.0592151401103578,0.5588141749326045,0.0518380645745869,-0.0604890686063606,-0.8254578157208813,0.6891376376152039,-0.1006505787372589,-0.1157778054475784
1760945223.124512,2.0834640387270342,7.0918803865731785,6.391430887310414,0.0407228812787891,-0.0755744191068153,-0.4031135551395099,5.0,-0.024912289185774,-0.0594897146810151,0.5571170557349556,0.0517540677665367,-0.0607528954616575,-0.826590096947608,0.6886024475097656,-0.0996806770563125,-0.1684557646512985
1760945223.1365447,2.0645016946603354,7.045635939391282,6.38992394674999,0.0541998665742185,-0.0752507753797375,-0.4073423712868723,5.0,-0.018386107316507,-0.0597036440030092,0.5553954364505864,0.0517176488546835,-0.0610809633153564,-0.8277259872006403,0.6886024475097656,-0.0996806770563125,-0.1684557646512985
1760945223.1486192,2.0454466916630483,6.999429441452873,6.388424062280613,-0.0146461771495995,-0.0745594878600168,-0.3270798968213308,5.0,-0.0157934933064828,-0.059886438932404,0.5538969057557224,0.0515370970430139,-0.0612268346374114,-0.8287300043698782,0.6877931356430054,-0.0985225737094879,-0.0536834448575973
1760945223.160603,2.026244513974507,6.953283514473953,6.3869356873018805,-0.0412205123852136,-0.0739406811320085,-0.2537026474110281,5.0,-0.0170231129150821,-0.0600256286137932,0.5527338053131272,0.0512200437248828,-0.0612190348537856,-0.8295264175157184,0.6877931356430054,-0.0985225737094879,-0.0536834448575973
1760945223.1729295,2.0069100738910657,6.907192397180286,6.385459995910897,0.0308731442504783,-0.0730080503045899,-0.278831139703148,5.0,-0.0172977368180175,-0.060105947616431,0.551592700204175,0.0510178382704904,-0.0613822482596493,-0.8302860307498038,0.6872529983520508,-0.0974276140332222,-0.1626120805740356
1760945223.185089,1.9874401978787009,6.861157894524844,6.383998493672694,0.0709623710657691,-0.0721604140072186,-0.317588384621676,5.0,-0.0158478122455867,-0.0601212663104218,0.5502870540157484,0.0509757823396106,-0.0617523653628621,-0.8311271101159108,0.6872529983520508,-0.0974276140332222,-0.1626120805740356
1760945223.1972115,1.9677932419415087,6.815198225923443,6.38255384941464,0.0609174732424386,-0.0709065369941417,-0.3208917241554745,5.0,-0.014248506238878,-0.0600595768205902,0.5489153598009827,0.0509477451405131,-0.0621187492408689,-0.8320081225759788,0.6864210963249207,-0.0959379225969314,-0.119162805378437
1760945223.209354,1.948009685098254,6.769296863865191,6.381121558751373,0.0537759505425789,-0.0697478750005699,-0.3202060009130403,5.0,-0.0127354752757767,-0.0599502220363848,0.5475471696000007,0.0509045706949696,-0.0624522428906433,-0.8328868705312367,0.6864210963249207,-0.0959379225969314,-0.119162805378437
1760945223.2214143,1.9281301854267596,6.723436753492454,6.379698786420452,0.080734944587432,-0.0683097130539161,-0.3537176535062161,5.0,-0.0094832951269938,-0.0597956910230135,0.546070565787074,0.0509293450089868,-0.0628617519238393,-0.8338234460261993,0.6858621835708618,-0.0949260219931602,-0.168145552277565
1760945223.2335615,1.9081070162720457,6.677638872058425,6.378289744450228,0.0911351291922915,-0.0669857740286867,-0.3817099459636422,5.0,-0.004771256593327,-0.0595875384450887,0.544455294730085,0.0510116176097993,-0.0633222769125066,-0.8348392277294016,0.6858621835708618,-0.0949260219931602,-0.168145552277565
1760945223.2457106,1.8879711073565932,6.631890172185354,6.376891873237324,0.1233067851326788,-0.0653648131002677,-0.435567085942419,5.0,0.0024470435725794,-0.0593328444950566,0.5426550591926741,0.0511812012238418,-0.0638730310645008,-0.8359582568983414,0.6852826476097107,-0.0938122496008873,-0.2127105444669723
1760945223.2578557,1.8677009999107168,6.586200436611428,6.37550498868284,0.0692730088442437,-0.0634950851107453,-0.4076366578191946,5.0,0.0083318362989103,-0.0590216420934416,0.5408647884706407,0.0512791349669936,-0.0642980838188184,-0.8370791404203513,0.6847050189971924,-0.0927499830722808,-0.1174515858292579
1760945223.2698472,1.84728313724226,6.540576167543946,6.374128584302815,0.0414560734101625,-0.0617630407630973,-0.3716269101610593,5.0,0.0123814441055488,-0.0586600200291885,0.5392332276460243,0.0512720527156111,-0.0645707819509452,-0.8381105636674805,0.6847050189971924,-0.0927499830722808,-0.1174515858292579
1760945223.281958,1.826688914321205,6.4950307755649845,6.3727646326379785,0.0541558686103274,-0.059845746100363,-0.3670892919977979,5.0,0.0160833733189445,-0.0582454224562142,0.5376607588626,0.0512856932096536,-0.064864843942655,-0.8390966798120425,0.6841153502464294,-0.0917567759752273,-0.1542975902557373
1760945223.2939372,1.8059576192289424,6.449547258955785,6.371409684012129,0.0636037856326384,-0.0580528824112278,-0.3662637552919101,5.0,0.0196736360369482,-0.0577987165936416,0.5360880155389808,0.0513318071656268,-0.0651937117365812,-0.8400740831132668,0.6841153502464294,-0.0917567759752273,-0.1542975902557373
1760945223.3059318,1.7850885038362625,6.404126474703934,6.370062866267921,0.0682140727372373,-0.0557887608568678,-0.3646065025565,5.0,0.0230643040769216,-0.0573020044168859,0.534519895256757,0.0513990712686511,-0.0655360765744951,-0.8410419964036561,0.6832035779953003,-0.0899999365210533,-0.1507010012865066
1760945223.3180275,1.7640811873566762,6.3587691172366405,6.368723319373499,0.0717742263407166,-0.053671027184039,-0.3637818221916351,5.0,0.0263374142646663,-0.0567672452082381,0.5329531448785229,0.051484305879935,-0.065887735556793,-0.8420030391366481,0.6832035779953003,-0.0899999365210533,-0.1507010012865066
1760945223.3301027,1.7429349788221706,6.313476046122882,6.367390066015057,0.0727480703172685,-0.051428100226089,-0.3611348006558516,5.0,0.0293666686464293,-0.0561928533351476,0.5313961675543154,0.0515805288782742,-0.0662379724285127,-0.8429531974895065,0.6825873851776123,-0.0892252027988433,-0.1476469039916992
1760945223.342082,1.7216495270012944,6.26824796951105,6.366062149655651,0.0740237778866524,-0.0493246132743293,-0.3588466673058433,5.0,0.0322066637021684,-0.0555896106268444,0.5298473753358611,0.051688071891589,-0.0665883591308215,-0.8438934129984034,0.6825873851776123,-0.0892252027988433,-0.1476469039916992
1760945223.3541832,1.7002241960961482,6.223085753751083,6.364738502428322,0.0737160103570674,-0.0469423247479812,-0.3548077845280287,5.0,0.0347366252858557,-0.0549482896588972,0.5283147059223336,0.0518033331647111,-0.0669319569106405,-0.8448195661342937,0.6819629669189453,-0.0880054011940956,-0.1446420401334762
1760945223.3661983,1.6786586910558456,6.1779901089309135,6.363418080817024,0.0743345479213105,-0.044706041772221,-0.3514055848102129,5.0,0.0370249651510148,-0.0542800097731146,0.5267952497456638,0.0519283642296307,-0.0672729188581595,-0.845733151899665,0.6819629669189453,-0.0880054011940956,-0.1446420401334762
1760945223.3783033,1.65699577571446,6.132941269788763,6.362098238989982,0.0182377681895138,-0.0421149262885291,-0.2868711419855865,5.0,0.0362048344511398,-0.0535742619800718,0.5254633341445502,0.0519457130594258,-0.0674586969942498,-0.8465454810961303,0.6809886693954468,-0.0867030844092369,-0.0611647963523864
1760945223.3903604,1.635179523428471,6.087966793768629,6.360778588617044,-0.0035799555972385,-0.0396923644858057,-0.2285568513854671,5.0,0.0322987886383445,-0.0528343876306509,0.5244073928200136,0.0518624735484896,-0.0675089841740065,-0.8472011020111706,0.6809886693954468,-0.0867030844092369,-0.0611647963523864
1760945223.4024327,1.6132239076439978,6.04306052455221,6.35945924436013,0.0474303738661428,-0.0370088558151121,-0.2441961066775688,5.0,0.0289811656659302,-0.0520788965741775,0.5233773136312355,0.0518665499654637,-0.0676825446355157,-0.8478237562857582,0.680332362651825,-0.0855099484324455,-0.1408134847879409
1760945223.4145007,1.5911215700704298,5.99822655482444,6.358139542296552,0.0759892092120361,-0.0345016844221887,-0.2706886032221473,5.0,0.0268596602110847,-0.0513040712058075,0.5222302792690856,0.0519874283769304,-0.06799916750292,-0.8484980588806295,0.680332362651825,-0.0855099484324455,-0.1408134847879409
1760945223.4266148,1.5688725550605804,5.953465402284826,6.356818100312779,0.0915458005859342,-0.031543535486507,-0.2998256608450433,5.0,0.0262041553110097,-0.0504902730782494,0.5209492966402426,0.052182345645937,-0.0683828816135075,-0.8492423768484222,0.6793128252029419,-0.0837052017450332,-0.1453449577093124
1760945223.4386675,1.546468409612995,5.908781880108876,6.355493107244944,0.095572618808375,-0.0287873378991992,-0.3226310572489676,5.0,0.0267593150952397,-0.0496399191513676,0.5195529886506672,0.0524165562821118,-0.0687792427182586,-0.850050946933645,0.6793128252029419,-0.0837052017450332,-0.1453449577093124
1760945223.45083,1.5239107882974463,5.864175822783886,6.354162783964601,0.0937318137547161,-0.0259699471046564,-0.3376206595731481,5.0,0.0280490766135608,-0.0487566420687338,0.5180837344185834,0.0526656926956064,-0.069156505365155,-0.85090125555758,0.6786223649978638,-0.0829883515834808,-0.1447563767433166
1760945223.462841,1.5012126168951698,5.819641303888988,6.352826051199977,0.0901126096717334,-0.0233167296215869,-0.3468307158760401,5.0,0.0297029605504096,-0.0478544079438665,0.5165755245881043,0.0529197616215654,-0.069508855466768,-0.8517732945086629,0.6786223649978638,-0.0829883515834808,-0.1447563767433166
1760945223.4750519,1.4783730365544334,5.775179371881742,6.351481362952058,0.0833956727026181,-0.0204254066985347,-0.3480963702311,5.0,0.0312768140369228,-0.0469250415507267,0.5150630342829491,0.0531690677994748,-0.06982457572071,-0.8526474356790146,0.6779156923294067,-0.0818203687667846,-0.1396913230419159
1760945223.48713,1.455391821948016,5.730790762177334,6.350127275535125,0.0788056785605134,-0.0177011271649948,-0.3468893246314396,5.0,0.0327167230527256,-0.0459801881160625,0.5135562140949363,0.0534175756419346,-0.0701138068928318,-0.8535166264695778,0.6779156923294067,-0.0818203687667846,-0.1396913230419159
1760945223.4992285,1.4323122065016094,5.686453614637432,6.348765388237673,0.0255626723383908,-0.015434090291468,-0.2908099102336767,5.0,0.0314266583134097,-0.0450325958311307,0.5122159827773701,0.0535662247296101,-0.0702539811707775,-0.8543007811568978,0.6768292784690857,-0.0828566178679466,-0.0665325224399566
1760945223.5112612,1.4090782125244108,5.642197891623628,6.347390240568633,0.0038013697362201,-0.0132907602716052,-0.2389502853244312,5.0,0.0273960432955758,-0.0440972025774526,0.5111233108305915,0.0536194071844184,-0.0702607468635929,-0.8549510791553726,0.6768292784690857,-0.0828566178679466,-0.0665325224399566
1760945223.5234604,1.3857008123232628,5.598018496154037,6.346001939290813,0.0421841390641639,-0.0108900574937657,-0.2471093260365986,5.0,0.0236561437915565,-0.0431793524545228,0.5100675591636511,0.0537363489567049,-0.0703601785714212,-0.8555658567059794,0.6760869026184082,-0.0817734375596046,-0.1302419751882553
1760945223.5355463,1.3621714407134988,5.553920602240412,6.344598371949107,0.0642199442875247,-0.0086313759035441,-0.2649224224966411,5.0,0.0207168069193973,-0.0422732981052,0.508931440667175,0.0539418161085376,-0.0705693613067054,-0.8562120265565708,0.6760869026184082,-0.0817734375596046,-0.1302419751882553
1760945223.5475523,1.3384685651232822,5.509916629158683,6.343174998770423,0.0580493302496444,-0.0065380743960516,-0.2636772901355234,5.0,0.017528913026787,-0.0413793061407489,0.5077841928369063,0.0541545321189226,-0.0707633396879467,-0.8568634954951462,0.6747584939002991,-0.0818390771746635,-0.1028891503810882
1760945223.5596564,1.3146224585942163,5.465990895356329,6.341733681683573,0.0539330203526522,-0.0045509029191791,-0.2621601604979922,5.0,0.0142338177384389,-0.0404998593316014,0.5066443445725058,0.0543646750244433,-0.0709349174579114,-0.857510482564162,0.6747584939002991,-0.0818390771746635,-0.1028891503810882
1760945223.5717518,1.2906579267580396,5.422130296526104,6.340276817307621,0.0690804777814567,-0.0023911204445205,-0.2818830599981065,5.0,0.0120703609339964,-0.0396253878864442,0.5054293053751846,0.0546212941760643,-0.071152813713375,-0.8581928737709024,0.6739785671234131,-0.081074520945549,-0.1320106536149978
1760945223.583744,1.2665311490295597,5.37835963260388,6.338797112211319,0.0745329762465017,-0.0003613124439174,-0.2989251283098798,5.0,0.0108254463703652,-0.0387603686602097,0.5041255657805332,0.0549143734256093,-0.0713918184733249,-0.858920854196009,0.6739785671234131,-0.081074520945549,-0.1320106536149978
1760945223.5958483,1.2422635003698488,5.334667737782099,6.337296065179944,0.0740529165960277,0.0021512459624513,-0.3104469834763168,5.0,0.0100576600450449,-0.0378813733836794,0.5027721255464128,0.0552210140182296,-0.0716190967174994,-0.8596752493643807,0.6727917790412903,-0.0793113261461258,-0.1298655569553375
1760945223.607869,1.2178548498783366,5.291055330033896,6.33577233033496,0.0717811659164621,0.0045234629253478,-0.3182123513651208,5.0,0.0096103094884962,-0.0369965503337289,0.5013854699153425,0.0555347797174581,-0.0718283177042076,-0.860447088190371,0.6727917790412903,-0.0793113261461258,-0.1298655569553375
1760945223.619964,1.1933046861435053,5.247523358915904,6.334224498409361,0.0663596168468961,0.0064768117589866,-0.3197497196879925,5.0,0.0091278059510708,-0.0361254672881798,0.4999930637574464,0.0558437655311957,-0.0720087017949315,-0.8612218976033689,0.6719787120819092,-0.0801845788955688,-0.1253138780593872
1760945223.631973,1.1686130350406276,5.204072476543485,6.332651297526679,0.0624574871350589,0.0083336664285518,-0.3195714332929676,5.0,0.0085862046678896,-0.0352713080968297,0.4986018515830295,0.0561507786587629,-0.0721674969627197,-0.8619948584742979,0.6719787120819092,-0.0801845788955688,-0.1253138780593872
1760945223.6440313,1.1437794737964742,5.160703606624857,6.331051365820931,0.0568614287878584,0.0104236204498761,-0.3149579995240441,5.0,0.0077107184412224,-0.0344223332519328,0.4972315425515508,0.0564510383313551,-0.0722980721188373,-0.8627555054191289,0.6711460947990417,-0.0792117863893508,-0.1200764998793602
1760945223.6560752,1.118804169640076,5.117417335222643,6.329423482322063,0.0538317067762118,0.0124046599341156,-0.3107417803076971,5.0,0.0065892765819497,-0.0335831787890059,0.4958797368402434,0.0567506431956798,-0.0724116566116333,-0.8635040260907221,0.6711460947990417,-0.0792117863893508,-0.1200764998793602
1760945223.668166,1.0937280395222269,5.07419025702334,6.327775100092528,0.0151652824299116,0.0143099257606467,-0.2663478559217387,5.0,0.0032915990486346,-0.0327536213502856,0.4946666144299301,0.0569754812223942,-0.0724097683398815,-0.8641849110907179,0.669891357421875,-0.0792251080274581,-0.0648707076907157
1760945223.6802235,1.0684971010793547,5.0310546904263,6.326094156535024,-0.0002979526467418,0.0161119825011439,-0.2276560133311171,5.0,-0.0021008959648656,-0.0319466616286948,0.4936460264804901,0.0571364024948549,-0.0723163965129172,-0.8647655004944148,0.669891357421875,-0.0792251080274581,-0.0648707076907157
1760945223.6923769,1.043124376352225,4.988003614120669,6.324382161189339,0.0283110630745079,0.0181425404712423,-0.2349993759017997,5.0,-0.007108484476103,-0.0311502145031125,0.4926399451699556,0.0573497202111235,-0.0722992592053548,-0.8653263610528723,0.6690264940261841,-0.0782825946807861,-0.1132221519947052
1760945223.7044132,1.017596175160998,4.945045942208741,6.322634646456214,0.0442315392586192,0.0200524368624985,-0.2495199004648609,5.0,-0.011405514828413,-0.0303598632262578,0.4915644475366992,0.0576282364562431,-0.0723615115157506,-0.8659140788392571,0.6690264940261841,-0.0782825946807861,-0.1132221519947052
1760945223.716534,0.9919090559887233,4.902184616055471,6.320849166610975,0.0519609405747985,0.0224376707233933,-0.2653025079128885,5.0,-0.0148401411722344,-0.0295531779677005,0.4904090797940161,0.057948735586015,-0.072454629635774,-0.866539788552096,0.667722225189209,-0.0765158459544181,-0.1147367879748344
1760945223.7285357,0.9660812059128964,4.859409369621587,6.319028687969144,0.0542472953946576,0.0246867492247991,-0.2785991896210048,5.0,-0.0176497578401058,-0.028737487452257,0.4891947373885938,0.0582895756751777,-0.0725483384957094,-0.8671952334165729,0.667722225189209,-0.0765158459544181,-0.1147367879748344
1760945223.7406247,0.9401137714827555,4.816720210856332,6.317172283026424,0.0527884570855095,0.0265711134168111,-0.2880018395910901,5.0,-0.0200447996466403,-0.0279308476554854,0.4879397042617482,0.0586383108898575,-0.0726282239844376,-0.8678718422565675,0.6668207049369812,-0.0772415101528167,-0.1136671379208564
1760945223.7526767,0.9140069168855072,4.774117751223729,6.315278802040371,0.0501110282712024,0.0283601141965135,-0.2945309188518888,5.0,-0.0221513661574065,-0.0271370915173694,0.4866566936933495,0.0589905202777871,-0.0726900530671966,-0.8685629149266628,0.6668207049369812,-0.0772415101528167,-0.1136671379208564
1760945223.764772,0.8877604984313864,4.73160278913941,6.3133470313915465,0.0449771390107055,0.0303642243172182,-0.2961355759500877,5.0,-0.0242519096607878,-0.0263465210877004,0.4853678515575211,0.0593393929713254,-0.0727240752812271,-0.8692572081902578,0.665900468826294,-0.0763266682624816,-0.1099201217293739
1760945223.7768247,0.8613748066507323,4.6891758567630495,6.311375866031407,0.0411539833626382,0.0322622563399275,-0.2964872257905064,5.0,-0.0263577182017518,-0.0255637561660093,0.4840782042588996,0.0596872297740852,-0.0727366037966263,-0.8699512131329591,0.665900468826294,-0.0763266682624816,-0.1099201217293739
1760945223.788989,0.8348891389918214,4.646812471018608,6.309376107134734,0.0034297115283059,0.0341231042849617,-0.2579287117693857,5.0,-0.030407968775651,-0.0247958138008341,0.482912212132125,0.0599644573188199,-0.0726343867208279,-0.8705884820613043,0.664522647857666,-0.0762288570404052,-0.0578471086919307
1760945223.8010707,0.8082507371926688,4.604546702908863,6.307331598850632,-0.0126656988704118,0.0358790450872617,-0.2235221698238936,5.0,-0.0363022710261654,-0.0240520253198787,0.4819195751289384,0.060180302946806,-0.0724386051391138,-0.8711397722124008,0.664522647857666,-0.0762288570404052,-0.0578471086919307
1760945223.8132195,0.7814935758619512,4.562357535677097,6.30525082774741,0.0614565106402024,0.0378597235808464,-0.2823131749869666,5.0,-0.0393388868335275,-0.023294638354951,0.480785437970059,0.0605265262791064,-0.0724332748210209,-0.8717426930873728,0.6635697484016418,-0.075334146618843,-0.1728976517915725
1760945223.8252475,0.7546015546873692,4.520256262986851,6.3031275214298566,0.0957405273116885,0.0397292617036769,-0.3438416538051868,5.0,-0.0393136101205439,-0.0225177733528285,0.4793598748519138,0.0610217504085555,-0.0726170371518327,-0.8724776342544965,0.6635697484016418,-0.075334146618843,-0.1728976517915725
1760945223.8373337,0.7275599103387397,4.478253523738279,6.300955907162494,0.0751164801960579,0.0417177763094214,-0.3590609871762807,5.0,-0.0383570179957823,-0.0217407913889055,0.4777958424781746,0.0615215724249825,-0.0727558621297322,-0.8732885053421283,0.661955714225769,-0.0746613964438438,-0.1273580640554428
1760945223.8492987,0.7003674320153613,4.436351057441136,6.298734216669288,0.0594024655965323,0.0435881012200555,-0.3623146251461442,5.0,-0.0371795940724835,-0.0209739185691331,0.4762112280587096,0.0619884467666136,-0.0728072304885655,-0.8741163572012958,0.661955714225769,-0.0746613964438438,-0.1273580640554428
1760945223.861375,0.6730655089919836,4.39452207455323,6.296474920172764,0.0835458480640029,0.0455353361658419,-0.4002994341066069,5.0,-0.0340132515388837,-0.0202012017852309,0.4744976682489466,0.0625122880393183,-0.0729190804409392,-0.8750011339295793,0.660965621471405,-0.0741919204592704,-0.1818082630634308
1760945223.8733819,0.6456222954475871,4.352788784027684,6.294165833327097,0.0913288227520844,0.0473707493828544,-0.4303409143234883,5.0,-0.0292404674327041,-0.0194286899415491,0.4726275565526353,0.0630863993003703,-0.0730687728709434,-0.8759590478107606,0.660965621471405,-0.0741919204592704,-0.1818082630634308
1760945223.8857183,0.6180452621198382,4.311146945253672,6.291808280861989,0.0967309333096793,0.0494305550124289,-0.4572520970980021,5.0,-0.0230752823532554,-0.0186514961369838,0.4706308481054715,0.0636934317782288,-0.0732301906339206,-0.8769761061394754,0.659299373626709,-0.0732370615005493,-0.1909876763820648
1760945223.897849,0.5903235535722338,4.269604775043159,6.289396962557201,0.0954938756327852,0.05136712461665,-0.473862465337617,5.0,-0.0160424290901009,-0.0178752276076927,0.4685449278879164,0.0643159318308831,-0.0733780505098352,-0.8780346081827348,0.659299373626709,-0.0732370615005493,-0.1909876763820648
1760945223.9100828,0.5625011206488099,4.228132358657215,6.28694826867313,0.0381947687126382,0.0532324663860205,-0.42601321545583,5.0,-0.0115083106653149,-0.0171088575724439,0.4666015828335607,0.0648417306711873,-0.0733607446156815,-0.879031691129628,0.6582757234573364,-0.0732216611504554,-0.1118735894560813
1760945223.9223237,0.5345342374996502,4.186760581657127,6.284445075813653,0.0125221149491796,0.0549944007069956,-0.3763045297345093,5.0,-0.009541498778639,-0.0163585450056889,0.464896222786944,0.0652688183738982,-0.0731904042962849,-0.879917409820634,0.6582757234573364,-0.0732216611504554,-0.1118735894560813
1760945223.9344547,0.5064319485631742,4.145483985356195,6.281888821490787,0.0503706525400389,0.0569257718878146,-0.3854350441535658,5.0,-0.0071922506433634,-0.0156112115008123,0.4632210572966145,0.0657504051762096,-0.073112000558855,-0.8807711233177735,0.6572384238243103,-0.0724493414163589,-0.1789217591285705
1760945223.946644,0.4781866311448454,4.104308827502824,6.279274825313871,0.0722421550725503,0.0587434920479281,-0.4017685863781367,5.0,-0.0040931826995117,-0.0148639528782272,0.4614639939178403,0.0663112468106965,-0.0731463145658755,-0.8816481256880413,0.6572384238243103,-0.0724493414163589,-0.1789217591285705
1760945223.959099,0.4498238633814542,4.0632175557953065,6.276613920255078,-0.00541421591982,0.0604608768527314,-0.320838335685028,5.0,-0.0049946443302823,-0.0141263539408604,0.4599344239573969,0.0667480600319104,-0.0729776576767769,-0.8824280614423847,0.6556869149208069,-0.0725059881806373,-0.0476650968194007
1760945223.9714806,0.4213150645692378,4.022231293769501,6.27389401411564,-0.0377200754774345,0.0620867876042081,-0.2453759238566794,5.0,-0.0098044339771604,-0.013412099251998,0.4587748130076097,0.067051890996596,-0.0726189623527294,-0.883038051937982,0.6556869149208069,-0.0725059881806373,-0.0476650968194007
1760945223.983925,0.3926769717157616,3.9813388938451295,6.271119199033827,0.0527433391886169,0.063898953824905,-0.2920560399461963,5.0,-0.0126676890180207,-0.0127025443146586,0.4575813931819699,0.0674830237072613,-0.0724834778912313,-0.8836353634603835,0.6546162366867065,-0.0717226415872573,-0.1879080682992935
1760945223.9960694,0.3639081962993472,3.940542261100333,6.268286853087734,0.1000547901937801,0.0656106929109984,-0.3508703816864374,5.0,-0.0127383977587971,-0.0119838298535502,0.4561124132092005,0.0680872927468762,-0.0726033725056527,-0.8843383613661041,0.6546162366867065,-0.0717226415872573,-0.1879080682992935
1760945224.0083764,0.3350052862397446,3.899844654140842,6.265396014362705,0.0319503148884853,0.0672390857882438,-0.3097343523069957,5.0,-0.0147383504533803,-0.0112713038240847,0.4546824299705016,0.0686233942773548,-0.0725801442099727,-0.8850349373332299,0.6530151963233948,-0.0717076957225799,-0.0611389465630054
1760945224.0204911,0.3059578249164495,3.8592545202535646,6.262441792230472,-0.0023785364630787,0.0687808099425149,-0.2628293020581224,5.0,-0.0190669950939213,-0.0105785467428256,0.4534776876085321,0.0690418841369744,-0.0723601663469048,-0.8856383073254473,0.6530151963233948,-0.0717076957225799,-0.0611389465630054
1760945224.0327618,0.2767857708561028,3.8187579563074303,6.259430278961434,0.0705430305513146,0.0695317110314827,-0.3162451890484066,5.0,-0.020881100682972,-0.0099120256331979,0.4521721002794405,0.0695618808265348,-0.0723077614953851,-0.8862692164868872,0.6519021987915039,-0.0738082453608512,-0.1871342211961746
1760945224.0448973,0.247483416024871,3.7783602354015873,6.256356988507628,0.1052215141866365,0.070269019430669,-0.3736208060560745,5.0,-0.0198601103281542,-0.0092732249137369,0.4505883260692459,0.0702168646372619,-0.0724496008299542,-0.8870122928518,0.6519021987915039,-0.0738082453608512,-0.1871342211961746
1760945224.0571823,0.2180480948331848,3.738064366531742,6.253219746645311,0.1151648316975999,0.0704620504402483,-0.4198500223682418,5.0,-0.0163700996869737,-0.0086807409009934,0.4487645748712119,0.0709316873799756,-0.0726496386412642,-0.8878632113514916,0.6503021121025085,-0.0753688812255859,-0.1867585480213165
1760945224.0693562,0.1884777132166969,3.697872886734429,6.250016744197488,0.112503619859997,0.0706830826122806,-0.4509653228607905,5.0,-0.0111785820204537,-0.0081395638936833,0.4467746467609642,0.0716608488246599,-0.0728362290029787,-0.8887924513079365,0.6503021121025085,-0.0753688812255859,-0.1867585480213165
1760945224.0818067,0.1587689401787201,3.657789248204989,6.2467456410588085,0.104826908160921,0.0703934100563108,-0.4678448477855809,5.0,-0.0050734878513124,-0.0076650640957315,0.4446913681648999,0.0723797618408632,-0.0729823215440373,-0.8897664513216557,0.6492055654525757,-0.0769557580351829,-0.1861283779144287
1760945224.0940127,0.1289157336926103,3.617819049558744,6.243402781842323,0.0973517229807122,0.0701663313151734,-0.4744991693336771,5.0,0.001354529188107,-0.0072524217068425,0.442569700905816,0.0730814579496725,-0.073087811234394,-0.8907577292356504,0.6492055654525757,-0.0769557580351829,-0.1861283779144287
1760945224.1063504,0.0989323985245124,3.5779518199306457,6.2399948049974325,0.0911943185229675,0.0695199400391418,-0.4747584133612619,5.0,0.0077032927722802,-0.0069055594730053,0.4404459895101891,0.0737661656252065,-0.0731664441661012,-0.8917469117308081,0.6476373076438904,-0.0783601328730583,-0.1852457821369171
1760945224.1185951,0.0688199794775328,3.538187459580476,6.23652186043799,0.0874509484402814,0.0689492146193398,-0.4717801385779574,5.0,0.0138289423552711,-0.0066122538116946,0.4383341184406197,0.0744385576835464,-0.0732303050985469,-0.8927258393012112,0.6476373076438904,-0.0783601328730583,-0.1852457821369171
1760945224.1308007,0.0385782736811381,3.498526869402413,6.232983589854451,0.0852919042646044,0.067863762445651,-0.46662909951211,5.0,0.0196178118236264,-0.0063880579597294,0.4362430976063321,0.0750990543581956,-0.0732883970934862,-0.8936894889595627,0.6465351581573486,-0.0801090598106384,-0.1842904239892959
1760945224.1429503,0.0082071898775168,3.458970880339954,6.229379746292446,0.0850705021994628,0.066880785834502,-0.4611822038305596,5.0,0.0250697943354632,-0.006219634375493,0.4341736628965814,0.0757522523425687,-0.0733492706576196,-0.8946366364094356,0.6465351581573486,-0.0801090598106384,-0.1842904239892959
1760945224.155135,-0.0222934434594867,3.4195204027315,6.22571016025876,0.0856315961794194,0.0654770895136656,-0.4554428990936864,5.0,0.0301604996432613,-0.0061180912392753,0.4321267668835232,0.0763978647078136,-0.0734174672639465,-0.8955666916044986,0.6449709534645081,-0.0816487446427345,-0.1833491921424865
1760945224.1672485,-0.0529237161648426,3.380176293672388,6.221974761434722,0.0872761283111785,0.0641930612091656,-0.4504580680674233,5.0,0.0349387852186311,-0.006069577315492,0.4300987509936954,0.0770390357621681,-0.0734973069782663,-0.896481007734933,0.6449709534645081,-0.0816487446427345,-0.1833491921424865
1760945224.179505,-0.0836560964757559,3.3409165765718463,6.218188055827423,0.0679443089677614,0.0623693107685181,-0.4216987491636793,5.0,0.038175592262088,-0.0060727944559968,0.4281732898343421,0.077632258271549,-0.0735193501612744,-0.8973493029472748,0.6438825726509094,-0.0834963247179985,-0.1498280018568039
1760945224.1915507,-0.1145356334330909,3.301779490189736,6.214327402798639,0.0617569234268629,0.0607098077326671,-0.3972714682781604,5.0,0.039983624786632,-0.0061395557053905,0.4263754842385689,0.0781859937089112,-0.0735134517665607,-0.8981573744269106,0.6438825726509094,-0.0834963247179985,-0.1498280018568039
1760945224.2039323,-0.1455414136937229,3.262748492500202,6.210402874510027,0.0815448364669619,0.0586222660541396,-0.4017159717395624,5.0,0.0421827299715102,-0.0062763688246024,0.4245646348679633,0.0787658747230389,-0.0735849741015857,-0.8989583190476722,0.6428240537643433,-0.0851493403315544,-0.1815531551837921
1760945224.21598,-0.1766949906569396,3.2238426163684584,6.206403920445376,0.0931438311789535,0.0567149039935166,-0.409356573689201,5.0,0.0447228089620656,-0.0064743311168378,0.4227079053634063,0.0793689546122598,-0.0737218435392381,-0.8997686844807474,0.6428240537643433,-0.0851493403315544,-0.1815531551837921
1760945224.2283835,-0.207938230048801,3.1850133249948054,6.202361377099169,0.0245563359824469,0.0543783537909105,-0.3346579299204523,5.0,0.0435158872011165,-0.0066976834335733,0.4210833942330648,0.0798488375157175,-0.0736710959611103,-0.9004918144372211,0.641308605670929,-0.0866842865943908,-0.0701160803437233
1760945224.240624,-0.2393234967901873,3.1463063892270973,6.198249829137328,-0.0031956594833874,0.0522249252233082,-0.2660539781852046,5.0,0.038711877563423,-0.0069718417105262,0.4198048992873908,0.0802019669428259,-0.073463711763578,-0.9010741224154224,0.641308605670929,-0.0866842865943908,-0.0701160803437233
1760945224.252819,-0.270836694509128,3.1077107503805674,6.194074928816921,0.0675451924525605,0.0496779510398165,-0.2955994703291433,5.0,0.0351172936694055,-0.0073246116571156,0.4185239581696608,0.0806270331469199,-0.073442996735618,-0.901633575347778,0.6402660012245178,-0.0882909893989563,-0.1799795925617218
1760945224.2650518,-0.3024819348238165,3.06923067553552,6.189834433222615,0.1056590065350271,0.0473228718093301,-0.3377315795955045,5.0,0.033462411724168,-0.007741106147287,0.4170400881565965,0.0811617200010321,-0.0736404084725947,-0.9022568538486152,0.6402660012245178,-0.0882909893989563,-0.1799795925617218
1760945224.277459,-0.3342633627509467,3.03087043415622,6.185527234278844,0.120530887247503,0.0446470799663573,-0.3759000785046494,5.0,0.0337971057691318,-0.0082061527504587,0.415354165645417,0.0817458679004005,-0.0739268556937442,-0.9029581109716254,0.6387677788734436,-0.0897546261548996,-0.1794619262218475
1760945224.2895699,-0.3661841587104777,2.992633543049207,6.181152877959094,0.1224093295252458,0.0421724926452925,-0.4041143013218484,5.0,0.0356491495739176,-0.0087047454134539,0.4135148987398144,0.0823395427959232,-0.0742269135551904,-0.9037234054269204,0.6387677788734436,-0.0897546261548996,-0.1794619262218475
1760945224.3018253,-0.3982483363352235,2.9545243589722485,6.176710658086789,0.1180278440332071,0.0393788152565592,-0.4213050699056764,5.0,0.0384067132421311,-0.0092424706476389,0.4115806590910592,0.0829186047490646,-0.0745064697826276,-0.9045300724736398,0.6377447247505188,-0.0912614911794662,-0.1787727773189544
1760945224.3140893,-0.4304503024834337,2.916538714509392,6.172204370070331,0.112384539420196,0.0367841725174057,-0.4305339261492092,5.0,0.0415742114893141,-0.0098064526399762,0.4095996001470335,0.0834764301483971,-0.0747603723475993,-0.9053566920808164,0.6377447247505188,-0.0912614911794662,-0.1787727773189544
1760945224.3262136,-0.462782881553215,2.878670949453442,6.167638373165223,0.1067722516602184,0.0338654359631433,-0.4338277689941597,5.0,0.0448123926640675,-0.0104065103126817,0.4076028258537565,0.0840103634618881,-0.074993097849181,-0.906188849226262,0.6362611055374146,-0.0927502214908599,-0.1778428554534912
1760945224.3383417,-0.4952463616331684,2.8409221042009505,6.163013498818333,0.1026935833929074,0.0311403511322249,-0.4338129220837675,5.0,0.0479759779824013,-0.0110307295300276,0.4056047657534167,0.0845232105177837,-0.0752125251874469,-0.9070191160812489,0.6362611055374146,-0.0927502214908599,-0.1778428554534912
1760945224.3505535,-0.5278410673236327,2.803293274079348,6.158330618031038,0.0995942527936671,0.028076162988414,-0.4312732477037731,5.0,0.0509332207046627,-0.0116916730661971,0.4036163678024662,0.0850145019420356,-0.0754248097525936,-0.9078422000409968,0.6352465748786926,-0.0943027958273887,-0.176819309592247
1760945224.3627799,-0.5605672021778584,2.765785457709661,6.153590668542208,0.0981342514281413,0.0252129988152012,-0.4280674299413249,5.0,0.0536671156895972,-0.0123768210668582,0.401640093215455,0.0854882257146945,-0.0756372377465658,-0.9086561544677412,0.6352465748786926,-0.0943027958273887,-0.176819309592247
1760945224.3749945,-0.5934250399624514,2.7283997304638725,6.148794616314677,0.0972779598348263,0.0220212256026575,-0.4241598246460477,5.0,0.0561328985630439,-0.0130979204861377,0.399678805379305,0.0859438414222106,-0.0758534917964628,-0.9094595958229532,0.6342343688011169,-0.0958442389965057,-0.1757940948009491
1760945224.3873892,-0.6264147598414481,2.691137085378936,6.1439434847489816,0.0975070811231487,0.0190365296935915,-0.4207244133510963,5.0,0.0583674175073696,-0.0138419394042684,0.3977300275108412,0.086384634124245,-0.0760778700787695,-0.9102530845252454,0.6342343688011169,-0.0958442389965057,-0.1757940948009491
1760945224.3997395,-0.6594958208181807,2.653960447558556,6.139055074372289,0.0478252744957615,0.0157285288122256,-0.3633055052832017,5.0,0.0578037155258822,-0.0145951056703848,0.3959666387971098,0.0867330843624703,-0.0761681846148773,-0.9109809002877972,0.6328139901161194,-0.0971743687987327,-0.1018991917371749
1760945224.4120436,-0.692719791271082,2.616919455906716,6.1341090370571605,0.0286327044578662,0.0126501344642474,-0.3115148863585116,5.0,0.0544715498616138,-0.0153707239057435,0.3944704754917585,0.0869847827420793,-0.0761511145150808,-0.9116072066930636,0.6328139901161194,-0.0971743687987327,-0.1018991917371749
1760945224.4243844,-0.7260736238411488,2.580002740032337,6.129111221483575,0.0744795842617916,0.0093377813842542,-0.3261941231719142,5.0,0.0517514315622441,-0.0161961523197666,0.3929854513825566,0.0872746510704476,-0.0762698556575686,-0.9122107647907656,0.6318583488464355,-0.0984346866607666,-0.1738680899143219
1760945224.4365757,-0.7595667745648892,2.543220036146714,6.124059055834349,0.0999898210948308,0.0062525395720671,-0.3502052846852597,5.0,0.0501434898103097,-0.0170567401342727,0.3913768241028129,0.0876229307011011,-0.0765357314574035,-0.9128464741569778,0.6318583488464355,-0.0984346866607666,-0.1738680899143219
1760945224.4488208,-0.7931996497786689,2.506572638341185,6.118954149350616,0.0767880187506643,0.0029626329644789,-0.3337140069950831,5.0,0.0474824110874041,-0.0179303746629806,0.3898027884066835,0.0879274757814634,-0.0767515937222051,-0.9134723520797856,0.6304656267166138,-0.0996349081397056,-0.1191767677664756
1760945224.4610336,-0.826986662295319,2.470075674383149,6.113792816596257,0.0654818641990137,-9.2977954332712e-05,-0.3176820416693358,5.0,0.0438882235104882,-0.0188126678916933,0.3883172488381827,0.0881792926947563,-0.0769136000940852,-0.9140669694913852,0.6304656267166138,-0.0996349081397056,-0.1191767677664756
1760945224.4733117,-0.8608785019223106,2.4336815952467563,6.108593756146572,0.094694203825799,-0.0034347131453533,-0.3433387323566506,5.0,0.0417775284412157,-0.0197197550272604,0.3867403176727955,0.08846692020015,-0.0771705662098334,-0.9146858665287768,0.6294995546340942,-0.1009258851408958,-0.1724416613578796
1760945224.4854407,-0.8949142837949388,2.397429431543296,6.103344291183646,0.1076121855456504,-0.0065473038593652,-0.3686234323823073,5.0,0.0409842843177787,-0.0206410373610004,0.3850242919891608,0.0887840782907053,-0.0775039954664126,-0.915350650137453,0.6294995546340942,-0.1009258851408958,-0.1724416613578796
1760945224.497681,-0.9291014064010584,2.3613273324012085,6.098043780884925,0.1103134627450994,-0.0098246897012292,-0.3875884109719158,5.0,0.0412229833183529,-0.0215735837463367,0.38319889343522,0.0891015603641835,-0.0778553450654798,-0.9160557107815144,0.6279439330101013,-0.1020682752132415,-0.1717249304056167
1760945224.5098152,-0.963423867092408,2.325360239635895,6.092699213093356,0.1089110398924841,-0.0128976658381241,-0.4007052037857028,5.0,0.0420555014216171,-0.022505970082576,0.3813092013673321,0.0894069535162804,-0.0782002173289442,-0.9167848251499644,0.6279439330101013,-0.1020682752132415,-0.1717249304056167
1760945224.521999,-0.9978790479143896,2.289526338102613,6.087312798478992,0.1053901444420104,-0.0161762935641631,-0.4083050590787143,5.0,0.0431845905505262,-0.0234472253930422,0.3793832851101227,0.0896931873953692,-0.0785314623802124,-0.9175272554700136,0.6269997358322144,-0.1032401546835899,-0.1708914488554
1760945224.5341513,-1.0324672029137505,2.2538267037171984,6.081885771089309,0.1018604718117195,-0.0192556531833729,-0.4122172735603611,5.0,0.0444434926893752,-0.0243884196300587,0.3774380886016568,0.0899597331874527,-0.0788502486181706,-0.918275761397644,0.6269997358322144,-0.1032401546835899,-0.1708914488554
1760945224.54628,-1.067188601356233,2.218262456928207,6.076419363844428,0.0984187154183868,-0.0224739215583765,-0.4129938574250397,5.0,0.0456712968651865,-0.0253364584086611,0.3754878964305869,0.0902049077784874,-0.0791585996831101,-0.919024390504962,0.6256625056266785,-0.1042104139924049,-0.1699753552675247
1760945224.5584557,-1.1020433923840272,2.1828346151685665,6.070914839941326,0.0960726666438602,-0.0254983183237796,-0.4123563633039651,5.0,0.0468130909696506,-0.0262830081355149,0.3735388001159696,0.0904311207003625,-0.0794617774927249,-0.919769972946766,0.6256625056266785,-0.1042104139924049,-0.1699753552675247
1760945224.5706923,-1.1370317659202445,2.1475442568169814,6.065373454880952,0.0941578586351485,-0.028712384355214,-0.4104204263127471,5.0,0.0477966263527697,-0.0272372214851103,0.3715965221981215,0.0906378025866515,-0.079762671092435,-0.920510037822904,0.624740481376648,-0.105318859219551,-0.1690515577793121
1760945224.5828636,-1.1721538145875123,2.1123923705986667,6.059796488679264,0.0932610668131672,-0.0317334332796955,-0.4084169277113689,5.0,0.0486316466896157,-0.0281904457182673,0.3696610198070332,0.0908277121222536,-0.0800656032779534,-0.921244026475938,0.624740481376648,-0.105318859219551,-0.1690515577793121
1760945224.594922,-1.2074096854995728,2.077380016248763,6.054185204856076,0.0925348319160483,-0.0348740790261203,-0.4060296476402591,5.0,0.0492898341651001,-0.0291484147635721,0.3677339632183782,0.0910004585744933,-0.080371727499325,-0.9219712762628296,0.6238505840301514,-0.1062139347195625,-0.1681576818227768
1760945224.6069913,-1.242799443238961,2.04250817453235,6.048540883334761,0.0924838286396419,-0.0378278590901756,-0.404103258183507,5.0,0.049805484378309,-0.0301028462489303,0.3658130246313892,0.0911583242024728,-0.0806835738395143,-0.922692338675853,0.6238505840301514,-0.1062139347195625,-0.1681576818227768
1760945224.6190064,-1.2783237758139738,2.0077785642001995,6.042864586287224,0.087743516448573,-0.0409016246844942,-0.3964532592086165,5.0,0.0497948865509975,-0.031058303000053,0.3639267371501309,0.0912898680407116,-0.0809823228128538,-0.9233988051606976,0.6225475072860718,-0.1070940196514129,-0.1592936962842941
1760945224.6310062,-1.313982631028465,1.9731921035282232,6.037157605386889,0.0858405043628116,-0.0437936942861894,-0.3902030069693221,5.0,0.0494384452119413,-0.0320083928134432,0.3620675144688178,0.0914016896810122,-0.081280065188472,-0.924092201618857,0.6225475072860718,-0.1070940196514129,-0.1592936962842941
1760945224.6431684,-1.3497754558525183,1.938749107525961,6.031421408059846,0.0896725285257785,-0.0468228206070871,-0.3907276878101126,5.0,0.0491532148282593,-0.0329618480172871,0.3602014268920701,0.0915062916642849,-0.0816004206991318,-0.9247826241839172,0.6216575503349304,-0.1080107539892196,-0.1664777398109436
1760945224.6550686,-1.385702294601849,1.9044505542042816,6.02565725112,0.0921197467942068,-0.0496737694120282,-0.3921099254985553,5.0,0.0488908255595048,-0.0339096637399158,0.35832519097445,0.0916023083047032,-0.0819362620181621,-0.9254720544634856,0.6216575503349304,-0.1080107539892196,-0.1664777398109436
1760945224.6671326,-1.4217632521378718,1.870297504097884,6.019866359926263,0.0930581618873179,-0.0525830728423121,-0.3931654272107498,5.0,0.0486248085623251,-0.0348545226965761,0.3564409672571548,0.0916865985787311,-0.0822808379090527,-0.9261604980859584,0.6202203631401062,-0.1086814627051353,-0.1656960248947143
1760945224.67917,-1.4579583632499575,1.836290954378741,6.014049962535698,0.0934900511783546,-0.0553231076394074,-0.3941812782851626,5.0,0.0483625391119001,-0.0357893339386204,0.3545492294237913,0.0917590061364437,-0.0826314894830466,-0.9268479733233822,0.6202203631401062,-0.1086814627051353,-0.1656960248947143
1760945224.6913471,-1.4942877065989382,1.8024319706306904,6.008209257682554,0.0931479444578353,-0.0581459785316611,-0.3944980336248312,5.0,0.0480608163781402,-0.0367189415450276,0.3526535292002654,0.0918174727555315,-0.0829850695801505,-0.9275335671910544,0.6193614602088928,-0.109401948750019,-0.1649189442396164
1760945224.7034829,-1.5307512838259518,1.768721546726202,6.002345447739879,0.0928456109110971,-0.0608054562310749,-0.3947146703628566,5.0,0.0477248563129704,-0.0376371413842655,0.3507543791728149,0.0918627767586642,-0.0833414891491156,-0.9282169961402824,0.6193614602088928,-0.109401948750019,-0.1649189442396164
1760945224.715508,-1.5673491354673008,1.735160740952015,5.9964597002699325,0.0921400879308006,-0.0634585172265139,-0.3943355571138095,5.0,0.0473169645870054,-0.0385452423804325,0.3488547325178036,0.091893986661404,-0.0836991116092407,-0.9288973729811216,0.6179611086845398,-0.1098376810550689,-0.1641402542591095
1760945224.7275543,-1.6040812243152254,1.7017505371531103,5.990553181964948,0.0917033439671737,-0.0659602925915495,-0.3940262585999272,5.0,0.0468508856784984,-0.0394382755615467,0.3469542108630061,0.0919122995192441,-0.0840588596569845,-0.929574640830246,0.6179611086845398,-0.1098376810550689,-0.1641402542591095
1760945224.7397256,-1.6409475527771626,1.668491983273329,5.98462702480526,0.090989105928545,-0.0685324446258009,-0.3933002864030837,5.0,0.046297786458105,-0.0403214103400486,0.3450548541975566,0.0919167277964409,-0.0844197313117073,-0.9302482312324796,0.6171157360076904,-0.1104717776179313,-0.1633660644292831
1760945224.7516468,-1.677948048244993,1.6353860532868167,5.978682360060819,0.090594401547091,-0.0709581217230643,-0.3927951588504836,5.0,0.0456787045026206,-0.0411898642638503,0.3431555591156016,0.0919085939753702,-0.0847828301650039,-0.9309183338568112,0.6171157360076904,-0.1104717776179313,-0.1633660644292831
1760945224.7637153,-1.7150826772651633,1.6024337852989847,5.972720281574519,0.0899366354983708,-0.0734032492454632,-0.3919958507961732,5.0,0.0449708694688545,-0.0420465154436391,0.341257814254623,0.0918872273691402,-0.0851470756261474,-0.931584573277641,0.6162914633750916,-0.1109391525387764,-0.1626023650169372
1760945224.7756777,-1.7523513335397158,1.569636144352557,5.966741880232349,0.0895817510265488,-0.0757102742846365,-0.3914955855431284,5.0,0.0441989517031775,-0.0428871553919275,0.3393601554434631,0.0918539121164355,-0.0855134783879276,-0.9322472787518836,0.6162914633750916,-0.1109391525387764,-0.1626023650169372
1760945224.7877915,-1.789753948573254,1.536994158941026,5.960748206919025,0.0889478135516495,-0.0780177349783033,-0.3907583023523757,5.0,0.0433431024141254,-0.0437139768037353,0.337463821844799,0.0918080673407173,-0.0858808237592843,-0.9329061752542378,0.6150787472724915,-0.1113263517618179,-0.1618524640798568
1760945224.7997415,-1.8272903826520712,1.5045087852532326,5.95474030737824,0.088589125116336,-0.0801960857256397,-0.3903432181243079,5.0,0.0424289250355698,-0.044523390477637,0.3355672480245705,0.0917508952357311,-0.0862500040214828,-0.9335616380737548,0.6150787472724915,-0.1113263517618179,-0.1618524640798568
1760945224.811937,-1.8649605325388388,1.472181041764156,5.948719187501807,0.0879381825676209,-0.0823987666086708,-0.3897088930370541,5.0,0.0414376156292231,-0.0453188031780177,0.3336715865081596,0.0916816939496961,-0.0866197738381142,-0.9342134414211112,0.6142585277557373,-0.1117608472704887,-0.161117747426033
1760945224.8239243,-1.9027642254860877,1.44001187536515,5.942685848019507,0.0875425447749228,-0.0844786093832894,-0.3893929001728164,5.0,0.0403944016348237,-0.0460969104402255,0.3317752938889088,0.0916015989081716,-0.0869909497723939,-0.93486195563842,0.6142585277557373,-0.1117608472704887,-0.161117747426033
1760945224.8360264,-1.9407013224175296,1.4080022935467702,5.936641246693697,0.0868514719968925,-0.0865181538070094,-0.3888596661685584,5.0,0.0392807869273029,-0.0468582761507589,0.3298795431951005,0.0915102112705584,-0.0873621616487152,-0.9355069325914552,0.6130692362785339,-0.111983373761177,-0.1603989154100418
1760945224.8481104,-1.9787716156531447,1.3761532324995185,5.930586333396542,0.0864046347232672,-0.0884455956777541,-0.3886323901424524,5.0,0.0381212167609372,-0.047600394232637,0.3279828472296303,0.0914085909505978,-0.087734203130779,-0.9361487227062688,0.6130692362785339,-0.111983373761177,-0.1603989154100418
1760945224.860124,-2.016974929517778,1.344465687200887,5.924522015562344,0.0856668359928014,-0.0903700422407792,-0.388186976709969,5.0,0.0368973737676937,-0.0483257098416645,0.3260863655410833,0.091296177696704,-0.0881057863683651,-0.9367870945709011,0.6122699975967407,-0.1122888401150703,-0.1596966087818145
1760945224.872193,-2.055311021355553,1.312940581942965,5.918449192960785,0.0851673798094921,-0.0921891698192807,-0.3880348174917503,5.0,0.0356328979627932,-0.0490320156382935,0.3241886682219926,0.0911739826457593,-0.0884776991620692,-0.9374223749388254,0.6122699975967407,-0.1122888401150703,-0.1596966087818145
1760945224.8842778,-2.093779678665712,1.2815788979843556,5.912368723385642,0.0843853673431117,-0.0939969344814541,-0.3876654234483055,5.0,0.0343097476154716,-0.049721368601577,0.3222909110457489,0.0910415045158619,-0.0888486778094676,-0.9380543297508408,0.6114699244499207,-0.1125502660870552,-0.1590116471052169
1760945224.8963146,-2.1323806236605827,1.250381546609461,5.906281457053094,0.0838376270345455,-0.0957062965740461,-0.3875783102821467,5.0,0.0329508297107322,-0.0503918757323147,0.3203917127129289,0.0908997088201377,-0.0892195119450194,-0.9386832650311726,0.6114699244499207,-0.1125502660870552,-0.1590116471052169
1760945224.9084368,-2.1711136061261107,1.219349493988826,5.900188200202996,0.0830172122621398,-0.0973551762633585,-0.3872772976598932,5.0,0.0315385067268483,-0.0510434269620461,0.3184922314677946,0.0907483476700648,-0.089588903042635,-0.939308929128982,0.6103020310401917,-0.112644612789154,-0.1583450436592102
1760945224.9204726,-2.209978311908579,1.1884836369301863,5.894089749527467,0.0824269824468009,-0.0989158029896828,-0.387248949103184,5.0,0.0300950040303611,-0.0516748103017024,0.3165911271933416,0.0905883264704847,-0.0899576471683949,-0.9399316118769774,0.6103020310401917,-0.112644612789154,-0.1583450436592102
1760945224.9326377,-2.248974452876346,1.1577849250431664,5.887986858604808,0.0815742938503659,-0.100445305497253,-0.3870117332854202,5.0,0.0286031760210739,-0.0522873705418774,0.3146895176335827,0.0904192836281505,-0.0903245383545239,-0.9405510822973716,0.6095176935195923,-0.1127994805574417,-0.1576978266239166
1760945224.9445715,-2.288101678964377,1.127254239607127,5.881880271792039,0.0809470476944709,-0.1018934848512535,-0.3870381054145261,5.0,0.0270845742295679,-0.0528801728028468,0.312786103081273,0.0902420784186212,-0.0906903699679069,-0.9411676140821054,0.6095176935195923,-0.1127994805574417,-0.1576978266239166
1760945224.9566495,-2.327359663953652,1.0968925125170772,5.875770689619871,0.0800676310162279,-0.1032777583309152,-0.3868616417976431,5.0,0.0255226032117389,-0.0534530780164394,0.3108819838974367,0.0900565275667139,-0.0910539300308073,-0.9417809701605594,0.6083521246910095,-0.112836368381977,-0.1570710688829422
1760945224.9686759,-2.366748021495079,1.0667006083561947,5.869658802357876,0.0794081771553531,-0.1045896497350175,-0.3869396505544789,5.0,0.0239381231490943,-0.0540056626467024,0.3089759006338512,0.089863433710954,-0.0914160088297429,-0.9423914098923112,0.6083521246910095,-0.112836368381977,-0.1570710688829422
1760945224.980859,-2.4062663880780315,1.0366794402197277,5.863545259184065,0.0785069081810674,-0.1058830126488032,-0.386821377857667,5.0,0.0223151193587955,-0.0545398492978082,0.3070688982776619,0.0896624241330123,-0.0917755108021616,-0.9429987258878652,0.6075685620307922,-0.1129852011799812,-0.1564657539129257
1760945224.992911,-2.4459143425914367,1.006829855405852,5.85743070072762,0.0778195136558973,-0.1071086789604936,-0.3869481662493872,5.0,0.0206737290568398,-0.0550552239782736,0.3051597611883185,0.089454263485026,-0.0921332129994872,-0.9436031612697316,0.6075685620307922,-0.1129852011799812,-0.1564657539129257
1760945225.0050025,-2.4856914843041773,0.9771527473836747,5.85131572519282,0.0769007918744383,-0.1082497634840449,-0.3868855327848134,5.0,0.0189985431588052,-0.0555506297501625,0.3032495283466483,0.0892389144491041,-0.0924879647499344,-0.9442044884885348,0.6062436699867249,-0.1129218861460685,-0.1558827608823776
1760945225.017121,-2.5255973567142207,0.9476489450410658,5.845200920543777,0.0761893834650594,-0.109332711545145,-0.3870581953889593,5.0,0.0173089477618464,-0.0560262506037172,0.3013370279121124,0.0890170802048738,-0.0928405355145173,-0.9448029371283048,0.6062436699867249,-0.1129218861460685,-0.1558827608823776
1760945225.029132,-2.565631522786861,0.9183193211601752,5.839086835140944,0.0752573203984842,-0.1103858596455202,-0.3870485397013564,5.0,0.0155901545676614,-0.0564834521864608,0.2994232360724549,0.0887884891336997,-0.093189905516754,-0.945398313626078,0.6054681539535522,-0.1129971966147422,-0.1553228795528412
1760945225.0411587,-2.605793492379766,0.8891646857246907,5.832974008774745,0.0745256347451424,-0.1113853545205224,-0.3872641044228374,5.0,0.0138607689656384,-0.0569224123205463,0.2975070286599781,0.0885538058358966,-0.0935368263676142,-0.9459908316061864,0.6054681539535522,-0.1129971966147422,-0.1553228795528412
1760945225.0532367,-2.6460827930716286,0.860185890293854,5.826862942497765,0.0735841385504919,-0.1123255110691526,-0.3873046667304134,5.0,0.0121066401724466,-0.0573430123551141,0.2955893568601153,0.0883129222421328,-0.0938802820107618,-0.9465802937551882,0.604702353477478,-0.1129708439111709,-0.1547867804765701
1760945225.06528,-2.6864989016627403,0.8313837253159843,5.820754128772268,0.0728357704864047,-0.1132185963025431,-0.387560122340747,5.0,0.0103455713205906,-0.0577456979206462,0.293669144749764,0.0880664541357106,-0.0942210078942624,-0.9471668990992528,0.604702353477478,-0.1129708439111709,-0.1547867804765701
1760945225.0773144,-2.7270413095557227,0.8027590199829322,5.814648017378795,0.07188858629084,-0.1139652201516119,-0.3876480945606764,5.0,0.0085640661581577,-0.0581264890234511,0.2917473449017719,0.0878147299916836,-0.0945579093336153,-0.9477504216415364,0.6033889651298523,-0.1126638948917388,-0.154275044798851
1760945225.0892758,-2.7677094588811557,0.7743125436129885,5.8085450455581,0.0711270046957554,-0.1146775425614975,-0.3879404324539908,5.0,0.0067791091044153,-0.0584868097068002,0.2898229281716678,0.0875582873743456,-0.0948917138612819,-0.948331049401284,0.6033889651298523,-0.1126638948917388,-0.154275044798851
1760945225.1013548,-2.8085028052732963,0.746045101599881,5.802445609293844,0.0701777128859273,-0.1153060203654124,-0.3880729858760562,5.0,0.0049778671000319,-0.0588257367409319,0.2878967772726297,0.0872971825586165,-0.0952214697942001,-0.948908593724176,0.602629542350769,-0.1125105842947959,-0.153788149356842
1760945225.1133604,-2.849420757632588,0.7179574413855585,5.796350092481822,0.0694062623533793,-0.1159068349500655,-0.388399233013709,5.0,0.0031764885334208,-0.059144910057909,0.2859679133406856,0.0870319031005827,-0.0955478855763823,-0.949483228890404,0.602629542350769,-0.1125105842947959,-0.153788149356842
1760945225.1254227,-2.890462736111324,0.6900503437617678,5.7902588364249175,0.0684582563561923,-0.1163730719356185,-0.3885735240313285,5.0,0.0013628132029304,-0.0594410900012478,0.2840372021463866,0.0867627698382869,-0.0958699877818748,-0.950054753690304,0.6014982461929321,-0.112185999751091,-0.1533264368772506
1760945225.1375585,-2.931628116179479,0.6623245332415776,5.784172168471179,0.0676801342420025,-0.1168217291149961,-0.388930734854062,5.0,-0.0004478559705805,-0.0597165396818962,0.2821037142789575,0.0864902040157785,-0.0961884697990742,-0.9506233309134792,0.6014982461929321,-0.112185999751091,-0.1533264368772506
1760945225.1496248,-2.972916293020116,0.6347807677115919,5.7780904054276006,0.0667366531473045,-0.1176895183630339,-0.3891439587701291,5.0,-0.0022670152928138,-0.0599924166127058,0.2801680071871777,0.0862119191498453,-0.0965031913212206,-0.9511890068803812,0.6007357835769653,-0.113500639796257,-0.1528901755809784
1760945225.161786,-3.014326625047547,0.6074197545674916,5.772013875349639,0.0659549499501974,-0.118506489816146,-0.3895293109063751,5.0,-0.0040802270879763,-0.0602666504709968,0.2782292201526428,0.0859284732950953,-0.0968147632871873,-0.9517519110251748,0.6007357835769653,-0.113500639796257,-0.1528901755809784
1760945225.1739583,-3.0558585062606274,0.5802422389100551,5.765942958346655,0.0650190815347468,-0.120413414692733,-0.3897787865148386,5.0,-0.0058983304355891,-0.0605874779818818,0.2762875396680152,0.0856344072227884,-0.0971240146473102,-0.9523123802107089,0.6000341773033142,-0.1169230714440345,-0.1524795293807983
1760945225.1859848,-3.0975113067313136,0.5532489252044775,5.759878095066929,0.0642367638139828,-0.1221899618153353,-0.3901896495197616,5.0,-0.0077077660734075,-0.0609436894447345,0.2743421943132424,0.085330634503854,-0.0974314039279549,-0.9528704868780398,0.6000341773033142,-0.1169230714440345,-0.1524795293807983
1760945225.1980813,-3.1392844369859176,0.5264405591165836,5.7538198125941165,0.0633114859692298,-0.1248855527642261,-0.3904729462384596,5.0,-0.0095186926087765,-0.0613715030428096,0.2723934032179861,0.0850125229179484,-0.0977375431742297,-0.9534264929635188,0.5990561246871948,-0.120043970644474,-0.1520947217941284
1760945225.2100997,-3.181177290930437,0.4998178525814672,5.7477687239671065,0.0625313561816929,-0.1273952717804203,-0.3909069053728903,5.0,-0.0113184238069703,-0.0618542237407106,0.2704404739526194,0.0846812297532568,-0.0980427755057475,-0.953980426186454,0.5990561246871948,-0.120043970644474,-0.1520947217941284
1760945225.2222352,-3.2231893063619856,0.4733815605366712,5.741725553100268,0.0616195049903578,-0.1308396416158151,-0.3912218302247819,5.0,-0.0131164229966428,-0.0624263860837641,0.2684835673164421,0.0843320627947584,-0.0983477571766075,-0.954532553622007,0.598434329032898,-0.1233616694808006,-0.1517360508441925
1760945225.2342455,-3.2653199097369665,0.4471324102449086,5.735691127010979,0.0608442008337909,-0.1340483235830652,-0.3916766822126815,5.0,-0.0149008824869993,-0.0630669473590854,0.2665220676572796,0.0839663964129312,-0.0986527249960126,-0.9550828611047192,0.598434329032898,-0.1233616694808006,-0.1517360508441925
1760945225.246371,-3.307568582030803,0.4210711756643037,5.729666429219493,0.0599483754544462,-0.1386923999860957,-0.3920211567530568,5.0,-0.0166805742488061,-0.0638307766774895,0.2645558370231887,0.0835771617949361,-0.0989590250250706,-0.9556318216182164,0.5975543260574341,-0.1283221095800399,-0.1514036804437637
1760945225.2583816,-3.3499348014669987,0.3951986121422286,5.723652580450296,0.0591803536744768,-0.1430183046320527,-0.3924948465714517,5.0,-0.0184445819153599,-0.0646891030452105,0.2625843513174701,0.0831661048937579,-0.0992667410190495,-0.9561793616092332,0.5975543260574341,-0.1283221095800399,-0.1514036804437637
1760945225.2704244,-3.3924180813739144,0.3695155178968595,5.717650813374744,0.0583028577198864,-0.1474867148864089,-0.3928667870598776,5.0,-0.0202009630939497,-0.0656369358283082,0.2606080608909715,0.0827323461103001,-0.099575530287195,-0.9567254105926932,0.5970213413238525,-0.1296136528253555,-0.1510976105928421
1760945225.2824512,-3.435017925003064,0.3440226703923313,5.711662458169034,0.0575442789132145,-0.1516632995170583,-0.3933571693742685,5.0,-0.0219396768636318,-0.0666508149317082,0.2586264846801023,0.0822774904761213,-0.0998854814034987,-0.9572698922392556,0.5970213413238525,-0.1296136528253555,-0.1510976105928421
1760945225.294605,-3.477733871725972,0.3187208868421364,5.705688957381322,0.0566870792489524,-0.156560102932718,-0.39375428233215,5.0,-0.0236680960045301,-0.0677545975189591,0.2566397386116966,0.0817979137688963,-0.100197044123222,-0.957812976638626,0.5965217351913452,-0.1325770020484924,-0.1508176326751709
1760945225.3066766,-3.520565451532541,0.293610967269603,5.699731849102957,0.0559399298582061,-0.1611415435808327,-0.3942591417155059,5.0,-0.0253770658305443,-0.068923767973104,0.2546474069014953,0.0812953143794231,-0.1005102410580589,-0.9583545593676414,0.5965217351913452,-0.1325770020484924,-0.1508176326751709
1760945225.318904,-3.563512225554886,0.2686937492926921,5.693792775372509,0.055104647323079,-0.1663063193355177,-0.3946788861946995,5.0,-0.0270733000836337,-0.0701762776105879,0.2526496268469017,0.0807667378357686,-0.1008253746541998,-0.9588947512315048,0.5958448052406311,-0.1351935714483261,-0.1505631357431411
1760945225.331052,-3.6065737444896433,0.2439700557177205,5.687873464319737,0.0543706878687039,-0.1711444730143982,-0.3951958589702989,5.0,-0.0287485168911063,-0.0714879333275649,0.2506460416895628,0.0802139193484492,-0.1011424198277958,-0.9594334264760076,0.5958448052406311,-0.1351935714483261,-0.1505631357431411
1760945225.3431704,-3.649749586125483,0.2194407445754897,5.6819757403442255,0.0535585895822091,-0.1765543181204154,-0.3956354104577341,5.0,-0.0304088097944846,-0.0728769498672535,0.2486367503602997,0.0796339742993392,-0.1014616934582082,-0.959970687712992,0.5954360365867615,-0.1378074735403061,-0.1503331661224365
1760945225.3551502,-3.693039316787525,0.1951066615044304,5.676101505329751,0.0528393615913753,-0.1816272930878254,-0.3961619808762235,5.0,-0.0320467474409364,-0.074319423500871,0.2466214532183089,0.0790286706623332,-0.1017831257613448,-0.9605063890136724,0.5954360365867615,-0.1378074735403061,-0.1503331661224365
1760945225.3672743,-3.736442529677429,0.1709686863447668,5.670252761736011,0.0520514501567586,-0.1874532451811677,-0.3966183501207894,5.0,-0.0336678466187456,-0.0758422163683825,0.2446001150283483,0.0783942662931164,-0.1021072841104479,-0.9610406990716216,0.5946884155273438,-0.1409965306520462,-0.1501265615224838
1760945225.3793447,-3.779958807299391,0.1470276905194009,5.664431590787522,0.0513483252613563,-0.1929183108597567,-0.3971519777706295,5.0,-0.035265496090455,-0.0774200099666961,0.2425724974160908,0.0777326282871115,-0.1024340371665382,-0.9615734449466992,0.5946884155273438,-0.1409965306520462,-0.1501265615224838
1760945225.391414,-3.823587746634236,0.1232845757782832,5.65864014394004,0.0505853190136215,-0.1985791119531731,-0.3976220764458444,5.0,-0.0368446780112862,-0.0790550366527201,0.2405388109947342,0.0770427031473707,-0.1027632956634527,-0.9621045719470266,0.5943387746810913,-0.1425743997097015,-0.149941936135292
1760945225.403417,-3.8673289289213417,0.0997402345684481,5.652880624488277,0.0498994248248925,-0.2038997712364008,-0.3981601717669472,5.0,-0.0383995586642924,-0.0807257053459092,0.2384988556997302,0.0763262460991318,-0.1030949292404957,-0.9626339052574612,0.5943387746810913,-0.1425743997097015,-0.149941936135292
1760945225.4155009,-3.911181954491744,0.076395588733662,5.647155318588598,0.0491617330777253,-0.2100156318379238,-0.3986408096565066,5.0,-0.0399346424764776,-0.0824628921549128,0.23645249955123,0.0755793322809553,-0.1034295958457893,-0.9631616160806644,0.5937106013298035,-0.1459029912948608,-0.1497776806354522
1760945225.427463,-3.955146409844479,0.0532515556948481,5.641466572968747,0.0484940176287462,-0.2157621343957912,-0.3991808441287999,5.0,-0.0414448284200952,-0.0842425745707587,0.2343996005604014,0.074803842896335,-0.1037671018519762,-0.9636875016924866,0.5937106013298035,-0.1459029912948608,-0.1497776806354522
1760945225.4395432,-3.999221882046133,0.0303090773043903,5.635816770615389,0.0477817320722305,-0.2213606171359718,-0.3996687831100908,5.0,-0.0429341978221533,-0.0860534070444035,0.2323404836257614,0.0740004037182093,-0.1041070109481071,-0.9642113721531912,0.5934468507766724,-0.1464720964431762,-0.1496319472789764
1760945225.4515493,-4.043407936731577,0.0075690872586724,5.630208315256062,0.0471328348366774,-0.2266358981016034,-0.4002081700472074,5.0,-0.0443983251927683,-0.0878776961690492,0.2302750267962079,0.073170665660198,-0.1044491676644681,-0.9647330392886152,0.5934468507766724,-0.1464720964431762,-0.1496319472789764
1760945225.46364,-4.08770413887866,-0.0149674603931534,5.624643635513139,0.0464457177745285,-0.2321488577005874,-0.4007000808908515,5.0,-0.0458409324500608,-0.0897245378838201,0.2282033306095644,0.0723134074302635,-0.104793615558195,-0.9652524587602808,0.5932267904281616,-0.1480800062417984,-0.1495027393102646
1760945225.4756467,-4.132110030391602,-0.0372996188857011,5.619125170743464,0.0458160733736057,-0.2373479270350766,-0.4012362889972873,5.0,-0.0472582087650242,-0.0915776700762511,0.2261253062755812,0.0714302250461258,-0.1051401918325681,-0.9657694387756558,0.5932267904281616,-0.1480800062417984,-0.1495027393102646
1760945225.487674,-4.17662514734748,-0.0594264237909679,5.61365537104818,0.0451535908382021,-0.2426792874277506,-0.4017288383703259,5.0,-0.0486535826910897,-0.0934424044487171,0.2240410887437795,0.0705204140341884,-0.1054888403826,-0.9662838952987278,0.592929482460022,-0.1493463367223739,-0.1493878364562988
1760945225.4996607,-4.221249000684544,-0.0813469178980322,5.608236684919567,0.0445433942428375,-0.2477124842893358,-0.4022594015672484,5.0,-0.0500237882642752,-0.0953044684009698,0.2219506151210854,0.0695854869417906,-0.1058394019367132,-0.9667956378946506,0.592929482460022,-0.1493463367223739,-0.1493878364562988
1760945225.5117795,-4.26598109268347,-0.1030601285288342,5.602871562686059,0.0439047283542783,-0.2528989670751245,-0.402749293597098,5.0,-0.0513720287319953,-0.097171145550771,0.2198539933819522,0.0686246449792555,-0.1061918618029492,-0.9673045891456852,0.5927659273147583,-0.1506340503692627,-0.1492848843336105
1760945225.5237486,-4.310820899284743,-0.1245650897490914,5.597562445299312,0.0433139473502299,-0.2577990184273055,-0.4032718544540546,5.0,-0.0526955075188198,-0.0990294874266889,0.2177511836916691,0.0676393376328933,-0.1065460621980005,-0.9678105592705424,0.5927659273147583,-0.1506340503692627,-0.1492848843336105
1760945225.5357852,-4.355767891135293,-0.1458608198644741,5.592311785860683,0.042698056685508,-0.2631348281333946,-0.403755934392358,5.0,-0.0539972680658206,-0.1008998037152889,0.2156421314632459,0.0666274047852329,-0.1069023084789422,-0.9683135631144728,0.592549741268158,-0.1527404189109802,-0.1491914689540863
1760945225.5477583,-4.40082151395265,-0.1669463408279102,5.58712203614464,0.0421264768409728,-0.2681726678391986,-0.4042683517061075,5.0,-0.0552749026018443,-0.1027676862062055,0.2135268258183416,0.0655903456286588,-0.1072604189381273,-0.9688133998585456,0.592549741268158,-0.1527404189109802,-0.1491914689540863
1760945225.5598063,-4.445981192247975,-0.1878206629574885,5.581995619311755,0.0415320928027026,-0.2728248063392646,-0.4047436558764977,5.0,-0.0565313665738812,-0.1046166525480025,0.2114056442119788,0.0645299798327776,-0.1076198215438038,-0.969309810797858,0.592457115650177,-0.1524055451154709,-0.1491051614284515
1760945225.571813,-4.4912463199822446,-0.2084828053671615,5.576934923487957,0.0409792113978982,-0.277231937498079,-0.4052438988900404,5.0,-0.0577645666669006,-0.1064383487811415,0.2092785694111761,0.0634475496824263,-0.1079803922640134,-0.9698026210064692,0.592457115650177,-0.1524055451154709,-0.1491051614284515
1760945225.5840209,-4.5366162713096205,-0.2289317787755373,5.571942299925982,0.0404048028677279,-0.2816105138163238,-0.4057075758517748,5.0,-0.058977433077374,-0.1082349439497227,0.2071457870279968,0.0623431497511647,-0.1083419532434889,-0.9702916962249246,0.5923940539360046,-0.1530036926269531,-0.1490235179662704
1760945225.596115,-4.582090389229696,-0.2491666033073707,5.567020058666199,0.0398699334840094,-0.2857623650740969,-0.4061938119976139,5.0,-0.0601681019463298,-0.1099995899384868,0.2050072847709426,0.0612179315748546,-0.1087043992557004,-0.9707768701545166,0.5923940539360046,-0.1530036926269531,-0.1490235179662704
1760945225.6082158,-4.627667994316086,-0.2691862923810746,5.562170462790088,0.0393137747524225,-0.2898037764994894,-0.4066432144808541,5.0,-0.0613395442881594,-0.1117313811390354,0.2028632956582558,0.0600723889413833,-0.1090674726103982,-0.9712579872412512,0.5922938585281372,-0.1533057540655136,-0.1489440500736236
1760945225.6202471,-4.673348375244574,-0.2889898701861327,5.557395726411421,0.0387960336938556,-0.2936409500354685,-0.4071138147099354,5.0,-0.0624900425281062,-0.1134253467217743,0.2007138051774758,0.058907564333479,-0.1094310948127253,-0.9717348932520452,0.5922938585281372,-0.1533057540655136,-0.1489440500736236
1760945225.6323676,-4.71913079735785,-0.3085763555401302,5.5526980098416,0.0382562055500967,-0.2973666761976646,-0.4075464990821292,5.0,-0.063622673044451,-0.1150812001155474,0.1985590546127894,0.0577239573473516,-0.1097950089296843,-0.972207438046823,0.592276930809021,-0.1535436958074569,-0.1488642692565918
1760945225.6443467,-4.765014493930535,-0.3279447792809881,5.548079419561684,0.0377545233427616,-0.3009081830624844,-0.4080000394470083,5.0,-0.0647357803102664,-0.1166954338424703,0.1963990231910196,0.0565225144263405,-0.1101591634345783,-0.9726754791624652,0.592276930809021,-0.1535436958074569,-0.1488642692565918
1760945225.6564455,-4.810998679628229,-0.3470941659021717,5.5435420182527615,0.0372290156843667,-0.3045822426036311,-0.4084138756861494,5.0,-0.0658326005803945,-0.1182788643993069,0.1942338288443155,0.0553025482943188,-0.1105235379444352,-0.9731389394351028,0.5922279357910156,-0.1544610857963562,-0.1487818211317062
1760945225.6684594,-4.857082538823311,-0.3660235506995035,5.539087823767595,0.0367422131835181,-0.3080713478810825,-0.4088492537633215,5.0,-0.0669114555466911,-0.1198269948865237,0.1920634494145861,0.0540650103061223,-0.1108880875004575,-0.9735976777447964,0.5922279357910156,-0.1544610857963562,-0.1487818211317062
1760945225.6805313,-4.903265226084213,-0.3847319654134168,5.53471877962171,0.0362288866566991,-0.3110459037467861,-0.4092424118613041,5.0,-0.0679758084809253,-0.1213214479800306,0.1898883755852833,0.0528123590539193,-0.111252155418362,-0.9740514449778876,0.5922492742538452,-0.1534323841333389,-0.1486944258213043
1760945225.692484,-4.949545862969221,-0.4032184585133309,5.530436760367161,0.0357555630447223,-0.3138851130437775,-0.4096586927848213,5.0,-0.0690238893638192,-0.1227626539134852,0.187708554502627,0.0515453101131218,-0.1116157624065184,-0.974500128863146,0.5922492742538452,-0.1534323841333389,-0.1486944258213043
1760945225.704484,-4.995923544755871,-0.4214820768733504,5.526243561271733,0.0352521424233586,-0.3164903054694897,-0.4100295580883609,5.0,-0.0700594350736517,-0.1241466903150624,0.1855243417566002,0.0502649554484324,-0.111978516646549,-0.9749435699973542,0.592293381690979,-0.1531139463186264,-0.1485999226570129
1760945225.7165008,-5.042397334372181,-0.4395218861456297,5.522140906133461,0.0347907920857554,-0.3189820763141734,-0.4104260500557991,5.0,-0.0710805027102602,-0.1254753267586394,0.1833356625967274,0.0489719080816056,-0.1123404765052952,-0.9753816711306548,0.592293381690979,-0.1531139463186264,-0.1485999226570129
1760945225.7286727,-5.088966268844808,-0.4573369508366675,5.51813043467763,0.0342949532446465,-0.3212042418191264,-0.4107733128694995,5.0,-0.0720911515495615,-0.1267432997949449,0.1811429151546448,0.0476674302769477,-0.1127012056953917,-0.975814274652136,0.59230637550354,-0.1526281982660293,-0.1484962552785873
1760945225.7405565,-5.135629353631648,-0.4749263566182758,5.5142137127146205,0.0338439730411515,-0.3233356033923611,-0.4111495781321916,5.0,-0.0730891934042784,-0.1279537492760244,0.1789459979511553,0.0463520304164975,-0.1130608034632905,-0.9762412989695572,0.59230637550354,-0.1526281982660293,-0.1484962552785873
1760945225.752618,-5.182385568768378,-0.4922891884378648,5.510392216708818,0.0333533734499491,-0.3251544917113419,-0.4114722560855053,5.0,-0.0740790530591785,-0.1290997542224456,0.1767453588072252,0.0450271760390481,-0.1134187807380156,-0.976662588478721,0.5923888683319092,-0.15195132791996,-0.1483815461397171
1760945225.7649362,-5.229233863604409,-0.5094245551775383,5.506667346514891,0.0329110822101499,-0.3269063935794122,-0.4118281188625456,5.0,-0.0750582299925578,-0.1301859177096974,0.1745408646969155,0.0436932657616866,-0.1137752812014069,-0.9770780779781482,0.5923888683319092,-0.15195132791996,-0.1483815461397171
1760945225.7770724,-5.276173167676927,-0.5263315633971345,5.503040421842186,0.0324233563006273,-0.3285522137882807,-0.4121255301946249,5.0,-0.0760315494729101,-0.1312146127782328,0.1723328738657762,0.0423507545453245,-0.114129979056148,-0.977487668492676,0.5924436450004578,-0.1518298536539077,-0.1482540369033813
1760945225.7890935,-5.323202382009462,-0.543009344017727,5.499512694983986,0.0319880260325917,-0.3301368788674164,-0.4124610785573014,5.0,-0.0769961315700081,-0.1321897974002532,0.1701212268654543,0.0410000187246414,-0.1144830461408289,-0.9778913021295816,0.5924436450004578,-0.1518298536539077,-0.1482540369033813
1760945225.801246,-5.370320380132556,-0.559457027679501,5.49608531364987,0.0315008688422677,-0.3310816930175924,-0.4127329047465937,5.0,-0.0779572457089733,-0.1330896488196365,0.1679066164485427,0.0396441160495596,-0.1148336765159472,-0.9782887809605514,0.5925572514533997,-0.1500854045152664,-0.1481122523546219
1760945225.813236,-5.417526006519962,-0.5756737760842939,5.492759339909592,0.031070689460386,-0.332012340200579,-0.4130484264677767,5.0,-0.0789115888610978,-0.1339223487621533,0.1656888325159034,0.0382832022591743,-0.1151821135822496,-0.978680074342492,0.5925572514533997,-0.1500854045152664,-0.1481122523546219
1760945225.8253036,-5.464818087894427,-0.5916587495461764,5.489535742934047,0.030581789940999,-0.3327821425275048,-0.4132945877608991,5.0,-0.0798648887730798,-0.1346887242777435,0.1634683254088195,0.0369179880168838,-0.1155279365414436,-0.9790650972367964,0.5924432873725891,-0.1496544629335403,-0.1479548513889312
1760945225.8373947,-5.5121954245667215,-0.6074111398277202,5.486415417882713,0.0301549702743881,-0.3335426612994763,-0.4135906260279778,5.0,-0.0808133573148361,-0.1353960335711448,0.1612448527078999,0.0355486118363408,-0.1158714200134577,-0.9794438256969012,0.5924432873725891,-0.1496544629335403,-0.1479548513889312
1760945225.8494177,-5.559656793147532,-0.622930138577486,5.483399147529202,0.0296620979655127,-0.3336599859052248,-0.4138113530134672,5.0,-0.081763216561763,-0.1360229607541913,0.159019176320678,0.0341781389164491,-0.1162117246269001,-0.979816100827978,0.5925595164299011,-0.1477575749158859,-0.1477806866168975
1760945225.8615646,-5.607200944230966,-0.6382149751873154,5.480487626719285,0.0292367967624064,-0.3338104349079329,-0.4140885984164737,5.0,-0.0827101612951201,-0.1365803319533447,0.1567909995840133,0.0328065095727661,-0.1165491938516518,-0.98018192229383,0.5925595164299011,-0.1477575749158859,-0.1477806866168975
1760945225.8735654,-5.654826610069847,-0.653264879183764,5.477681437274629,0.0287378047966673,-0.3335277081332939,-0.4142843725138427,5.0,-0.0836609149884668,-0.1370573238512233,0.1545609976492648,0.031435755458983,-0.1168831373032536,-0.9805411890882176,0.5926854610443115,-0.1463771164417266,-0.1475888639688491
1760945225.885762,-5.702532498967443,-0.6680791208284871,5.474981074879759,0.0283122338931308,-0.3332997528124293,-0.4145437371379104,5.0,-0.0846106120593798,-0.1374656978425009,0.1523288280473264,0.0300657187148,-0.1172139482141484,-0.9808939142679708,0.5926854610443115,-0.1463771164417266,-0.1475888639688491
1760945225.8978927,-5.750317303053549,-0.6826569698800978,5.472386920521002,0.027805106210398,-0.3326014774986883,-0.4147153357462975,5.0,-0.0855664876433942,-0.1377928908659135,0.1500952222454834,0.0286986071840498,-0.117540883582854,-0.981240008810962,0.5927892923355103,-0.1448248475790023,-0.1473786830902099
1760945225.9099224,-5.798179692547546,-0.6969977401234987,5.4698992699379065,0.0273775230703951,-0.3319808599523848,-0.4149579302378284,5.0,-0.0865230865401076,-0.1380517575110835,0.1478597895060815,0.0273341590555478,-0.1178643880548228,-0.9815794987795972,0.5927892923355103,-0.1448248475790023,-0.1473786830902099
1760945225.9220107,-5.84611832421135,-0.7111007440588231,5.467518303513448,0.0268603794996648,-0.330883444321028,-0.415106398796805,5.0,-0.0874881591585025,-0.1382294262532967,0.1456232997904192,0.0259746081809177,-0.1181836896525155,-0.9819123126777236,0.5929173827171326,-0.1431896984577179,-0.1471496671438217
1760945225.9339912,-5.894131835039217,-0.7249653413623115,5.4652441181416656,0.0264291019002321,-0.329885288801149,-0.4153335086394597,5.0,-0.0884556381119656,-0.1383396989128946,0.1433853134004459,0.024619594807318,-0.1184992834573668,-0.9822384879817476,0.5929173827171326,-0.1431896984577179,-0.1471496671438217
1760945225.9460485,-5.942218854625696,-0.7385908876687437,5.463076706307092,0.025900252452261,-0.3285847602900678,-0.4154601847507709,5.0,-0.0894337792783362,-0.1383772453287372,0.1411465307798976,0.0232704907500193,-0.1188104978618646,-0.9825579915235888,0.5930105447769165,-0.1420191675424575,-0.1469016075134277
1760945225.9580247,-5.990377995378984,-0.7519767866916095,5.46101598811827,0.0254637127914695,-0.3273901545642168,-0.4156733117995616,5.0,-0.0904158842308469,-0.1383551157066504,0.1389064703901764,0.021926910749706,-0.1191178651760635,-0.9828708649993724,0.5930105447769165,-0.1420191675424575,-0.1469016075134277
1760945225.9701703,-6.038607859413419,-0.7651224384731901,5.459061767193505,0.0249216303241476,-0.3255479318230298,-0.4157797742510971,5.0,-0.091410718718098,-0.1382519300031522,0.1366660706727132,0.0205919165984823,-0.1194204436658038,-0.9831770520777754,0.593136727809906,-0.1397903114557266,-0.146634504199028
1760945225.982355,-6.086907033193742,-0.7780272964360885,5.457213767186815,0.0244783058576862,-0.3238451575481114,-0.4159805023113733,5.0,-0.0924109577681823,-0.1380832473931502,0.1344247935017768,0.0192649665452729,-0.1197188254885964,-0.98347660815072,0.593136727809906,-0.1397903114557266,-0.146634504199028
1760945225.9944847,-6.135274098204961,-0.7906908093900066,5.455471598022405,0.023921620854932,-0.3216688054962894,-0.4160684860803634,5.0,-0.0934258555338747,-0.1378360635338977,0.1321835061106513,0.0179482625051527,-0.1200121673222467,-0.9837695158318124,0.5932642817497253,-0.1379932463169098,-0.1463485807180404
1760945226.0063996,-6.183707622569041,-0.8031124819315444,5.453834794210014,0.0234701133569277,-0.3196487246443837,-0.4162585108834515,5.0,-0.0944474549027687,-0.1375263777053155,0.1299416229047282,0.0166411866356218,-0.1203011061056471,-0.9840558365326644,0.5932642817497253,-0.1379932463169098,-0.1463485807180404
1760945226.018554,-6.232206173049984,-0.8152918118972114,5.452302782165988,0.0228976745795175,-0.3171996781784824,-0.4163299494279839,5.0,-0.0954854773841903,-0.1371428056299185,0.1277000145922876,0.0153457167339211,-0.120584803697215,-0.9843355730483156,0.5933539271354675,-0.1362831741571426,-0.1460442692041397
1760945226.030601,-6.280768305289648,-0.8272283546486211,5.4508749196529855,0.0224367248106639,-0.3149193629539345,-0.4165110791564819,5.0,-0.096531340387699,-0.1367013429635088,0.1254580510707503,0.014061179854642,-0.1208639371253276,-0.984608789999962,0.5933539271354675,-0.1362831741571426,-0.1460442692041397
1760945226.0426197,-6.329392575740713,-0.8389216569840591,5.449550459192428,0.0218476041076153,-0.312175867947512,-0.4165680878487112,5.0,-0.0975952094227354,-0.1361885784153235,0.1232166519150409,0.0127897178791921,-0.1211376227645382,-0.9848755028725076,0.5934685468673706,-0.134434774518013,-0.1457222253084182
1760945226.0547264,-6.378077531748774,-0.8503713253679522,5.448328589069762,0.0213760893908197,-0.3096157839621897,-0.4167422119550887,5.0,-0.098667893450946,-0.13562085683423,0.1209751423157986,0.0115305913546226,-0.1214065780474126,-0.985135779073881,0.5934685468673706,-0.134434774518013,-0.1457222253084182
1760945226.0668716,-6.426821726636961,-0.8615769541415219,5.4472084054720495,0.0207695690991102,-0.3067617282760582,-0.4167870398043019,5.0,-0.0997599668232301,-0.1349918564718966,0.1187343652275827,0.0102851053807138,-0.1216700002918807,-0.9853896580288858,0.5935332775115967,-0.1330540180206298,-0.145383283495903
1760945226.078814,-6.475623706622995,-0.872538197236657,5.446188952927174,0.02028652678639,-0.3040920308509705,-0.4169561170257327,5.0,-0.100861647139186,-0.1343167501668751,0.1164936102515757,0.0090525203994861,-0.1219286351442741,-0.98563720433881,0.5935332775115967,-0.1330540180206298,-0.145383283495903
1760945226.090897,-6.524482021860685,-0.8832546961548086,5.445269177132731,0.0196621000496743,-0.3008501885057519,-0.4169911101917846,5.0,-0.1019838977714345,-0.1335759899662019,0.1142539131860276,0.0078355085261203,-0.122181493062771,-0.985878456444185,0.5936370491981506,-0.1308322548866272,-0.1450284570455551
1760945226.1028953,-6.573395216922062,-0.89372615568061,5.444447968585812,0.0191666825814955,-0.2978159879798822,-0.4171570706425158,5.0,-0.1031163843906878,-0.1327863437707615,0.1120145174012171,0.0066332203398887,-0.1224293626210497,-0.9861134820331272,0.5936370491981506,-0.1308322548866272,-0.1450284570455551
1760945226.1149836,-6.622361846696128,-0.9039522647586352,5.443724133241201,0.0185240291927012,-0.2945105470404644,-0.4171845896730732,5.0,-0.1042704104638044,-0.1319418330358838,0.1097762964366481,0.0054468429593572,-0.1226714093597647,-0.986342345216973,0.5934808850288391,-0.1294515281915664,-0.1446588933467865
1760945226.1269348,-6.6713804621756765,-0.9139327749335112,5.443096435132119,0.0180155712877015,-0.2914108198479311,-0.4173493678524868,5.0,-0.1054351120416857,-0.1310578386964832,0.1075384638479292,0.0042755393327056,-0.1229084442300829,-0.9865651082891502,0.5934808850288391,-0.1294515281915664,-0.1446588933467865
1760945226.1390727,-6.720449622681442,-0.9236674214372446,5.44256354888835,0.0173546087907568,-0.2877809203441421,-0.4173718290054246,5.0,-0.1066221058937252,-0.1301159347524873,0.1053020704022219,0.0031217714449077,-0.1231394728358281,-0.986781839487212,0.5935638546943665,-0.127295508980751,-0.1442759037017822
1760945226.1510384,-6.769567885009057,-0.9331560050391696,5.442124104973481,0.0168325879503315,-0.2843759691924775,-0.4175373072099499,5.0,-0.1078200482428402,-0.1291327597108193,0.1030662903076031,0.0019846105781524,-0.1233653409410483,-0.9869926006701272,0.5935638546943665,-0.127295508980751,-0.1442759037017822
1760945226.1631422,-6.818733817342189,-0.9423983087709016,5.4417766486198085,0.0161534159245202,-0.2805535549338676,-0.4175570928836,5.0,-0.1090408214954746,-0.1280951003294475,0.1008321212786185,0.0008659622153082,-0.1235851030084054,-0.9871974755550672,0.5936365127563477,-0.1254255473613739,-0.1438809037208557
1760945226.174997,-6.867945986743989,-0.9513941821344684,5.441519685825773,0.0156174762466013,-0.2769649597472945,-0.4177250959042469,5.0,-0.1102726398330644,-0.1270195999113279,0.0985987068212645,-0.0002351444478849,-0.1237996297072038,-0.9873965218718476,0.5936365127563477,-0.1254255473613739,-0.1438809037208557
1760945226.1873395,-6.917202975230789,-0.9601434533444267,5.441351650919279,0.0149204311269517,-0.2731210268588314,-0.4177446028096552,5.0,-0.1115275986074793,-0.125899769305868,0.0963669571757602,-0.0013176040924569,-0.1240080454109767,-0.9875898329557112,0.5934396982192993,-0.1240179017186164,-0.1434754431247711
1760945226.1994317,-6.966503364836332,-0.96864601587281,5.4412709512795,0.0143704123925418,-0.2695071156281564,-0.4179169361463567,5.0,-0.112793511444249,-0.1247508629957602,0.0941359954862838,-0.0023823681252891,-0.1242112346060616,-0.9877774586786032,0.5934396982192993,-0.1240179017186164,-0.1434754431247711
1760945226.2115405,-7.0158457512076815,-0.976901741016742,5.441275922055033,0.0136560177201548,-0.265460629745451,-0.4179385210920038,5.0,-0.1140826514485934,-0.1235576005009898,0.091906851584751,-0.0034274557647556,-0.1244082262591257,-0.9879595014057092,0.5934887528419495,-0.1220859587192535,-0.1430611312389373
1760945226.2235944,-7.065228731036354,-0.9849105667333484,5.441364872251141,0.0130918936218387,-0.2616553466824445,-0.4181168730987599,5.0,-0.1153824908756914,-0.1223357688033714,0.0896786227580814,-0.004453873127618,-0.1245999252906348,-0.988136005948546,0.5934887528419495,-0.1220859587192535,-0.1430611312389373
1760945226.2356873,-7.1146509176038,-0.9926724061184288,5.441536049424095,0.0123608477158507,-0.257590143288796,-0.4181427984891301,5.0,-0.1167054247779834,-0.1210776339750882,0.0874522384668019,-0.0054604906015526,-0.1247854354132208,-0.9883070798786524,0.5934559106826782,-0.1206421926617622,-0.1426396518945694
1760945226.2476695,-7.164110926019814,-1.0001872378009888,5.441787684701094,0.0117827652081992,-0.2537632973442127,-0.4183287594825207,5.0,-0.1180386301186168,-0.1197978968774937,0.0852267817149484,-0.0064483012086782,-0.1249656703248379,-0.9884727595287078,0.5934559106826782,-0.1206421926617622,-0.1426396518945694
1760945226.2596705,-7.213607485220835,-1.00745490725849,5.442118448946227,0.011036383913955,-0.2577597826765176,-0.4183617424248063,5.0,-0.11939417621137,-0.1188415678136711,0.0829981293866241,-0.0074561112457505,-0.1251431681196343,-0.9886328461043528,0.5934797525405884,-0.1435147821903228,-0.1422127783298492
1760945226.271802,-7.263139314651894,-1.0144752237946124,5.44252739577337,0.0104455910987536,-0.2613742791911109,-0.4185580580877782,5.0,-0.1207586883653021,-0.1181513254955084,0.0807657197513583,-0.0084818660468808,-0.1253184936484376,-0.9887872529574268,0.5934797525405884,-0.1435147821903228,-0.1422127783298492
1760945226.2841177,-7.312702066499601,-1.0213005381470135,5.442962704595057,-0.7177907300950376,-0.2669101468346582,0.3332456868808311,5.0,-0.153495044388813,-0.1182435363689059,0.0804943256585222,-0.009945294702158,-0.12335834447957,-0.9890422000588888,0.5935373902320862,-0.1495789438486099,0.8582178354263306
1760945226.2963376,-7.362330065632181,-1.0277702335138617,5.443451397222114,-1.0107773856839932,-0.272062946013398,1.04244449477723,5.0,-0.2217671997556316,-0.1196986582936538,0.0839137333506733,-0.0120930552867187,-0.1189715303968066,-0.9892714583591432,0.5935373902320862,-0.1495789438486099,0.8582178354263306
1760945226.3085876,-7.412022684017047,-1.033973495316875,5.444016458706862,-0.3183472185520722,-0.2761263683565108,0.8204634997469656,5.0,-0.2868396961475069,-0.1210018047157306,0.0883587043032749,-0.014262402625122,-0.1160081932137177,-0.9892074718442508,0.5935806035995483,-0.1471980959177017,-0.142021045088768
1760945226.3207798,-7.461772392981815,-1.0399688942118326,5.444678380151656,0.065307027635044,-0.2799360751137523,0.4283522033646309,5.0,-0.3353222439444513,-0.121058999352256,0.0911857147641344,-0.0160274624887492,-0.115658119958202,-0.9889648553699266,0.5935806035995483,-0.1471980959177017,-0.142021045088768
1760945226.3330252,-7.511570527796252,-1.0457554033848977,5.445439012895005,0.220681704643349,-0.2824891170014963,0.034496335208023,5.0,-0.3638536705644786,-0.1203458172399562,0.0920165190124123,-0.0174572624633592,-0.1165947948265221,-0.9887536892651704,0.5936313271522522,-0.1444963663816452,-0.146230474114418
1760945226.345182,-7.561404948064053,-1.0513255239102688,5.446297590435385,0.231133193438241,-0.2847721325338128,-0.2741892172636988,5.0,-0.3751840028825214,-0.1194803748191528,0.0910974672492814,-0.0186618541221456,-0.1178912298371396,-0.9886630591809206,0.5936313271522522,-0.1444963663816452,-0.146230474114418
1760945226.3574235,-7.611264687513209,-1.0566714963836898,5.4472518881019685,0.1735214648276976,-0.2856555406230482,-0.4791275749398066,5.0,-0.374353224683331,-0.1188434656353028,0.0889312356914962,-0.0197417514281304,-0.1190337751174909,-0.9887024117246868,0.5936374068260193,-0.1411638855934143,-0.1498620361089706
1760945226.3695211,-7.661142035681165,-1.061793048737732,5.448297535190361,0.0929418237752534,-0.2864234021333723,-0.5913152008464159,5.0,-0.3663855277191499,-0.1185579539577593,0.0860200919020415,-0.0207697233859567,-0.1198248457442126,-0.9888433489294504,0.5936374068260193,-0.1411638855934143,-0.1498620361089706
1760945226.381816,-7.711032851469797,-1.066684937007034,5.449433520497406,0.0199041655826865,-0.2860461405552139,-0.6367985986354285,5.0,-0.3552425807384157,-0.1185763189058243,0.0827700880411105,-0.0217912717756562,-0.1202364490525715,-0.989048759829006,0.5936928987503052,-0.1380663514137268,-0.1510309278964996
1760945226.394002,-7.760935511497275,-1.0713425862465928,5.450660190724719,-0.0353483482313234,-0.2857020325908223,-0.6398547271407604,5.0,-0.3433652974636463,-0.1187950909059121,0.0794323652298221,-0.0228270514287161,-0.1203383251689786,-0.9892866685509272,0.5936928987503052,-0.1380663514137268,-0.1510309278964996
1760945226.406161,-7.810849544495811,-1.0757600095583395,5.451979396181211,-0.0701754584847155,-0.2843085324449478,-0.6205046627404994,5.0,-0.3321425414375343,-0.1190901761457899,0.0761529997141023,-0.0238821647700832,-0.120221565363165,-0.9895337983424664,0.5936753153800964,-0.1348678320646286,-0.1509468555450439
1760945226.4183526,-7.860775132662483,-1.0799280925980217,5.453394850170791,-0.0873055494363108,-0.2830553699761514,-0.5944204367410196,5.0,-0.322230604723813,-0.1193716808058883,0.0730033936575789,-0.0249550998192289,-0.1199845785975658,-0.989773432865448,0.5936753153800964,-0.1348678320646286,-0.1509468555450439
1760945226.4305372,-7.910712462260996,-1.0838368651667245,5.454910919684444,-0.09232214108276,-0.2810354489745802,-0.5701346473757426,5.0,-0.3136723670105445,-0.1195609686002526,0.0699910797869059,-0.0260369106937175,-0.1197030075594712,-0.9899972313158292,0.5937092304229736,-0.1322011649608612,-0.1507361382246017
1760945226.4427664,-7.960660522025803,-1.0874965734910909,5.456524050811433,-0.0906270599218343,-0.2791972796947133,-0.5508331210324159,5.0,-0.3061478867232167,-0.1196478413777539,0.067085192321028,-0.0271208395417882,-0.1194232369264921,-0.990203073877171,0.5937092304229736,-0.1322011649608612,-0.1507361382246017
1760945226.4549487,-8.010617719716562,-1.090927275391644,5.45822657421926,-0.0858100709489741,-0.276602333057845,-0.536436785042424,5.0,-0.2993197377692087,-0.1196084668867948,0.0642521525415816,-0.0281986471952784,-0.119163352021779,-0.9903921408841364,0.5937350392341614,-0.1294943690299987,-0.1508067548274994
1760945226.4669907,-8.060583189350135,-1.0941293070410452,5.46001829708931,-0.0798018485701426,-0.2742053296027402,-0.5262166386015938,5.0,-0.2929888145626957,-0.1194621840129547,0.0614714174263717,-0.0292684865627287,-0.1189299190529889,-0.9905656439065356,0.5937350392341614,-0.1294943690299987,-0.1508067548274994
1760945226.479411,-8.110555925481766,-1.097123330431104,5.461889681202215,-0.0869875531777632,-0.2710016294368828,-0.5031483659596855,5.0,-0.28792534530907,-0.1192282533160442,0.0587939669843875,-0.0303381424696427,-0.1186591414346217,-0.9907284565973306,0.5936679244041443,-0.126609057188034,-0.1287158876657486
1760945226.4915466,-8.1605367381591,-1.0998645388085353,5.463857797232533,-0.0870474060029151,-0.2680572138933867,-0.4851215734681999,5.0,-0.2838265691535389,-0.1188921679632173,0.0562183488336507,-0.031403652530069,-0.1183798631109224,-0.9908781538978584,0.5936679244041443,-0.126609057188034,-0.1287158876657486
1760945226.5036187,-8.210523804853565,-1.1023769725091377,5.465913574481551,-0.0801554635355045,-0.2644416067782212,-0.4765737557688235,5.0,-0.2800511098783838,-0.1184266361033528,0.0536878809462778,-0.0324541330720205,-0.1181314468347613,-0.9910142793899428,0.5936574935913086,-0.1239734962582588,-0.1351871937513351
1760945226.5156507,-8.260516068146504,-1.1046610831096506,5.468056308886698,-0.073914225429206,-0.2610783886021539,-0.4715759465851782,5.0,-0.2765094552080539,-0.1178590211226438,0.0511847796934918,-0.033488981757268,-0.1179113578940517,-0.9911384959268664,0.5936574935913086,-0.1239734962582588,-0.1351871937513351
1760945226.5277863,-8.310512874885978,-1.1067157214239256,5.470284791187363,-0.0771681984030429,-0.2569796563190292,-0.4584146009702009,5.0,-0.2737692332991495,-0.117192317453574,0.0487483925944119,-0.034511868703383,-0.1176710524260249,-0.99125478488581,0.5935397744178772,-0.1210836693644523,-0.1204080209136009
1760945226.5397875,-8.36051330032073,-1.1085415199433288,5.472598127000758,-0.0769986147292822,-0.2531601470127466,-0.4481122738957536,5.0,-0.2715093549510414,-0.1164419235415378,0.046365010086201,-0.0355216061657651,-0.1174280603225863,-0.991362270809206,0.5935397744178772,-0.1210836693644523,-0.1204080209136009
1760945226.551876,-8.410516075630138,-1.1101401115302092,5.474995474153208,-0.0696189296742407,-0.2486869221329951,-0.447377545964042,5.0,-0.2691581031179138,-0.1155713042280485,0.0439889078666496,-0.0365076552225837,-0.117219680475579,-0.991459385756195,0.5935053825378418,-0.1183722242712974,-0.1298889815807342
1760945226.5638516,-8.460520047559244,-1.1115119437958487,5.4774755751278486,-0.0644285307103684,-0.2445079537832868,-0.4480831272352005,5.0,-0.2667657764586464,-0.1146127189523718,0.0416124146328214,-0.0374711895699476,-0.1170354646538524,-0.9915477885174754,0.5935053825378418,-0.1183722242712974,-0.1298889815807342
1760945226.575862,-8.510524114514133,-1.1126572834696076,5.480036973035465,-0.0617938216826904,-0.2395562811663674,-0.4481367302351574,5.0,-0.2643843756340933,-0.11354893836021,0.0392387720594158,-0.0384093492048973,-0.1168625238841066,-0.9916290592617596,0.5933353900909424,-0.115257017314434,-0.1283859610557556
1760945226.58786,-8.560527184575625,-1.1135765755316738,5.482678139283823,-0.0598969729818893,-0.234924588735664,-0.448188772975226,5.0,-0.2619976253247308,-0.1124085229638824,0.0368676863376319,-0.0393238906790624,-0.1166973281844351,-0.9917036547883572,0.5933353900909424,-0.115257017314434,-0.1283859610557556
1760945226.599912,-8.610528235497199,-1.1142700934509973,5.485397376585055,-0.0594874476729285,-0.2297365180874933,-0.4468293370968056,5.0,-0.2596956666314353,-0.111180019817562,0.0345062095197953,-0.0402131717778429,-0.1165321895386053,-0.9917723887674432,0.5932621359825134,-0.1127176657319068,-0.1266463249921798
1760945226.6117609,-8.660526252528602,-1.1147383363508612,5.488192948474623,-0.058847182422575,-0.2248765798408286,-0.4454124465949503,5.0,-0.257460926230514,-0.1098881150145786,0.032154499961754,-0.0410788121844927,-0.1163683616103751,-0.991835179723848,0.5932621359825134,-0.1127176657319068,-0.1266463249921798
1760945226.62386,-8.710520296153435,-1.1149815772133211,5.491062953267672,-0.0593782444399309,-0.2194327091729831,-0.4423922591958029,5.0,-0.2553988196023912,-0.1085178150360088,0.0298206233057699,-0.0419190420965054,-0.116199679272743,-0.9918927154043822,0.5931634902954102,-0.1100701764225959,-0.1243212521076202
1760945226.6358733,-8.760509420344228,-1.1150003880267387,5.49400547927783,-0.0591067124671445,-0.2143281133167985,-0.4397007389365366,5.0,-0.2534651980491471,-0.107091844418211,0.0275029355476304,-0.0427352219563022,-0.1160303052454181,-0.9919446847507494,0.5931634902954102,-0.1100701764225959,-0.1243212521076202
1760945226.6479592,-8.810492930064504,-1.1147942796343795,5.497018286128912,-0.0641738533612827,-0.2085748968512324,-0.4302955179576077,5.0,-0.2521026651998519,-0.105600997955925,0.0252339775166449,-0.0435287674151961,-0.1158323171624314,-0.9919936325837908,0.5929079055786133,-0.1071932315826416,-0.1141632050275802
1760945226.6599603,-8.86047002835887,-1.1143640270613957,5.5000993653897625,-0.065919052158198,-0.20317832458809,-0.4224147118444259,5.0,-0.251110334431832,-0.1040616061655986,0.0230067114855731,-0.044300081196457,-0.1156226106515587,-0.9920381071000876,0.5929079055786133,-0.1071932315826416,-0.1141632050275802
1760945226.6720243,-8.910439755380295,-1.1137110470211091,5.503246736039888,-0.0624064521017292,-0.1972551080840392,-0.4205557684641757,5.0,-0.2501287468064091,-0.1024447289003097,0.0207927487665119,-0.0450424410719332,-0.1154285850280259,-0.9920761472081878,0.5927646160125732,-0.1046391353011131,-0.1199600473046302
1760945226.6840248,-8.9604011936497,-1.1128360365992205,5.506458169245949,-0.0596964479857478,-0.1916928942815931,-0.4199213153042305,5.0,-0.2491714151578367,-0.1007773561864839,0.0185856421653463,-0.0457570485963383,-0.1152466523090038,-0.9921083990878324,0.5927646160125732,-0.1046391353011131,-0.1199600473046302
1760945226.6960917,-9.010353468950491,-1.1117395059818385,5.509731286945451,-0.0586758276211606,-0.1854578659744537,-0.4187388665733387,5.0,-0.2482857044537743,-0.0990401283366528,0.0163881269300913,-0.0464410684705219,-0.1150683157012472,-0.9921360487235192,0.5924444794654846,-0.101630724966526,-0.1182981878519058
1760945226.708126,-9.060295714757144,-1.110422165167352,5.513063689304884,-0.0577455285990746,-0.1796009791363443,-0.4179651857948087,5.0,-0.2474322360078303,-0.0972586287413875,0.0141979493061819,-0.0470961567837462,-0.1148933254104303,-0.992159208004357,0.5924444794654846,-0.101630724966526,-0.1182981878519058
1760945226.7202232,-9.11022711256791,-1.1088845664309488,5.516452858240301,-0.0578271698199351,-0.1733313543232195,-0.4163624342411881,5.0,-0.2466698149825047,-0.095422818326114,0.0120192299419229,-0.0477208242431048,-0.1147165101852275,-0.9921786045546862,0.5922635197639465,-0.0993546023964881,-0.1167557835578918
1760945226.7322943,-9.160146854187728,-1.1071274557323694,5.519896271634713,-0.0575705411741174,-0.1674362986509272,-0.4150692808772994,5.0,-0.2459647152190137,-0.0935553881627202,0.0098503071063996,-0.0483167279764178,-0.1145397162750354,-0.992194093231358,0.5922635197639465,-0.0993546023964881,-0.1167557835578918
1760945226.7443807,-9.210054184893965,-1.1051513727631024,5.523391292745399,-0.0583020596996574,-0.1610879325367682,-0.4126520395866281,5.0,-0.2453952196829785,-0.0916429871061492,0.0076967839227683,-0.0488823149904224,-0.1143578208168122,-0.9922064138154184,0.5920547246932983,-0.0969638377428054,-0.1147292107343673
1760945226.7563713,-9.25994835463431,-1.102957111495489,5.526935306175753,-0.0583566931566538,-0.1551155022804154,-0.4107067469223443,5.0,-0.2449132972847117,-0.0897065350974032,0.0055562755794693,-0.0494191446610677,-0.1141743822870032,-0.9922152419571242,0.5920547246932983,-0.0969638377428054,-0.1147292107343673
1760945226.7685423,-9.309828741579556,-1.1005447933020038,5.5305254930975005,-0.0616855888580655,-0.1486029990694309,-0.4047753848921788,5.0,-0.2447859387047029,-0.087733109295495,0.0034480563147007,-0.0499269060045929,-0.1139722365636601,-0.9922226283738624,0.591654360294342,-0.0943058356642723,-0.10836061835289
1760945226.780682,-9.359694700587651,-1.097915331006997,5.534159189747425,-0.0629209981319708,-0.1424758566836027,-0.3999638054484527,5.0,-0.2448786797591598,-0.0857401158398103,0.0013668763308324,-0.0504067991373232,-0.1137621193068777,-0.9922275275664516,0.591654360294342,-0.0943058356642723,-0.10836061835289
1760945226.792872,-9.40955723493436,-1.0951084782146028,5.5378026606811055,-0.7567023275501173,-0.1358165427919278,0.3208500773061909,5.0,-0.2751400496828989,-0.0847550848651186,0.0010973314928325,-0.0510889202459466,-0.1114252668890409,-0.9924581240487704,0.5913991928100586,-0.0920694321393966,0.8437377214431763
1760945226.8049188,-9.459427689156676,-1.0919787054292232,5.54146852591691,-1.035621339769301,-0.1297336328393845,0.9999545077923198,5.0,-0.3395264327811368,-0.0851580241312168,0.0042881060854071,-0.0521415126364092,-0.1066207784506354,-0.9929223959649456,0.5913991928100586,-0.0920694321393966,0.8437377214431763
1760945226.8170657,-9.509323469658623,-1.0886141831305152,5.545178652387731,-0.3387925890163571,-0.1232577977503297,0.7533753703745436,5.0,-0.3992202160357799,-0.0846278555174334,0.008439045110002,-0.0532493853540464,-0.1032517271715107,-0.993193015638525,0.5909162759780884,-0.0893591940402984,-0.1572256684303283
1760945226.8291209,-9.559242791443978,-1.085074883909538,5.548948813056112,0.0427760264039773,-0.1172179242242447,0.3458577747703701,5.0,-0.4411681066425138,-0.0820457247440987,0.0109767975081887,-0.0541216163787592,-0.102577913476329,-0.9931908840821372,0.5909162759780884,-0.0893591940402984,-0.1572256684303283
1760945226.8413036,-9.609182458787672,-1.0813011780668704,5.552762804553152,-0.5314096223052328,-0.1107370508804347,0.697926348903314,5.0,-0.4950646951427578,-0.0803107148358698,0.0134818920945154,-0.0549755110560044,-0.1009745803670943,-0.9932774365147796,0.5906108021736145,-0.0871027037501335,0.8377186059951782
1760945226.8533096,-9.659162184161843,-1.0772427056784342,5.55661415959922,-0.8208534082929114,-0.104792337738479,1.0967671391633331,5.0,-0.5672077819775931,-0.0805662955750085,0.0178287686646336,-0.0560226769627382,-0.0971978408809269,-0.99352713823122,0.5906108021736145,-0.0871027037501335,0.8377186059951782
1760945226.8654463,-9.709212242463757,-1.0729128092121374,5.560514185109216,-0.9197587177252416,-0.0988207268861628,1.4200920167549091,5.0,-0.6559039665641903,-0.0818094099004919,0.0239525864981168,-0.0572306163398543,-0.0924340115528697,-0.9937841232690602,0.589885413646698,-0.0852507725358009,0.8325338959693909
1760945226.8774838,-9.75936662960414,-1.068329517612587,5.564478518143311,-0.9225436059255387,-0.0935211573674586,1.6323100063560585,5.0,-0.7559738295570921,-0.0832970866735678,0.0313769740075441,-0.0585322550778056,-0.0874014157000581,-0.993956967454458,0.589885413646698,-0.0852507725358009,0.8325338959693909
1760945226.8896732,-9.809654801292064,-1.0635169827042996,5.568522964442548,-0.8857767782578341,-0.0878538664607755,1.7361746783567478,5.0,-0.861532157054731,-0.0845384736350763,0.0395335870550431,-0.0598609756327167,-0.0824411417390082,-0.9940106725984532,0.5895570516586304,-0.082473300397396,0.8248962163925171
1760945226.9016724,-9.8601014100945,-1.0584968984308538,5.5726634537288975,-0.8533616675281098,-0.0827883336335846,1.7631677411114028,5.0,-0.9682414889999932,-0.0853495771812158,0.047972658197566,-0.0611733788835747,-0.0776328974279662,-0.9939464648653694,0.5895570516586304,-0.082473300397396,0.8248962163925171
1760945226.913813,-9.910727032791794,-1.0532893916074573,5.576916650089002,-0.8329846543416974,-0.0770103471094006,1.734323033453607,5.0,-1.0727294553950564,-0.0857090322901658,0.0563599326205811,-0.0624420478618594,-0.0729451071776668,-0.9937824510387872,0.5892230272293091,-0.0790243819355964,0.8138809204101562
1760945226.9260445,-9.961549555729786,-1.047910555965783,5.581300452210509,-0.8404353664188315,-0.0717785002103101,1.6816194702208915,5.0,-1.1733906605858808,-0.0857786362065707,0.0645119363711435,-0.0636597088583807,-0.0682744905090887,-0.9935412651115384,0.5892230272293091,-0.0790243819355964,0.8138809204101562
1760945226.9382536,-10.01257479734286,-1.0423837245364564,5.5858276599439725,-0.8607139761191642,-0.0655143350795742,1.613226628509776,5.0,-1.269197174473368,-0.0857022026671101,0.0723316314267978,-0.0648250039353543,-0.063534236588076,-0.9932417906738972,0.5886737108230591,-0.0748592913150787,0.800685465335846
1760945226.9504251,-10.063817089094083,-1.0367231051251276,5.590519778940938,-0.9020308158723378,-0.059812139113999,1.5503285051254287,5.0,-1.3600560593327686,-0.0857110627191357,0.0797936953371819,-0.0659459727145885,-0.0586191773259866,-0.9928987294365867,0.5886737108230591,-0.0748592913150787,0.800685465335846
1760945226.962648,-10.115265151091627,-1.0309571874285277,5.59538019078397,-0.944571137348114,-0.0531007780351415,1.485942517181423,5.0,-1.446108223461953,-0.0858416063738763,0.0869213197363003,-0.0670278668498072,-0.0535096855436372,-0.9925163287290972,0.5883669853210449,-0.070773147046566,0.7861571907997131
1760945226.9748008,-10.166934914698782,-1.025099349434558,5.600436277238464,-0.998580348952218,-0.0469991135080563,1.4340837199838814,5.0,-1.5276471289508713,-0.0862488012614441,0.093736029678878,-0.0680798530774544,-0.0481387942998772,-0.9920994641810602,0.5883669853210449,-0.070773147046566,0.7861571907997131
1760945226.9869907,-10.21876247269998,-1.0191979190055176,5.605648811316287,-0.913510538236258,-0.039382327954812,1.2412273013102677,5.0,-1.5993874420945782,-0.0855220910180962,0.0999245675640962,-0.069044868551579,-0.0430440301991738,-0.9916627946978932,0.5878390073776245,-0.0657531768083572,0.6023432612419128
1760945226.999076,-10.270769341017967,-1.0132562506368143,5.611065400565811,-0.9089721495229628,-0.0322566775782388,1.067288271580736,5.0,-1.660665565516556,-0.0838793848465272,0.105197364639311,-0.0699120244753579,-0.0381775242921383,-0.991255920509746,0.5878390073776245,-0.0657531768083572,0.6023432612419128
1760945227.0112352,-10.322898282570131,-1.0073129504351763,5.6166699303122085,-0.599435539002068,-0.0238125293291482,0.5741727202845035,5.0,-1.6989031754287969,-0.0790121356701424,0.1088545237547967,-0.0705764587692951,-0.0343548472491172,-0.99095378327962,0.5875838398933411,-0.0616503283381462,0.1753445416688919
1760945227.0233867,-10.375087448062292,-1.0013817150147473,5.622468335730965,-0.5080070907813317,-0.0154588021682801,0.1411109634893623,5.0,-1.7133967830990962,-0.0715350411740967,0.1102324955197746,-0.0710170808116314,-0.0315979888715903,-0.990861715005554,0.5875838398933411,-0.0616503283381462,0.1753445416688919
1760945227.0356183,-10.427248916856854,-0.9954756740157628,5.628431403889467,-0.1985503757157677,-0.0056175970410578,-0.5255046081390811,5.0,-1.69528667338293,-0.0612865903548015,0.1089507044126253,-0.071204489640038,-0.0301218553567434,-0.9910359925315336,0.5868310928344727,-0.0580361038446426,-0.2396322935819625
1760945227.047684,-10.479281648377624,-0.9895937106751206,5.634531597817565,-0.1410463071511394,0.0043649093483751,-1.0492873746386928,5.0,-1.6481063553980635,-0.0499880692805033,0.1047555200655592,-0.0711620735978016,-0.0296561238549361,-0.9915052973206728,0.5868310928344727,-0.0580361038446426,-0.2396322935819625
1760945227.0597956,-10.53111217163221,-0.9837109785026662,5.640732749411683,-0.2425074676902691,0.0157504378309666,-1.3564510803607894,5.0,-1.5819791402081502,-0.0411253414121108,0.0985307409082525,-0.0710245902920326,-0.0291142874415362,-0.99216911811278,0.5865429639816284,-0.0543012134730815,-0.2039613127708435
1760945227.0720127,-10.582707466488865,-0.9778143764700024,5.64700644514945,-0.37057354963724,0.0266903644106716,-1.4949583060248743,5.0,-1.5061343304806352,-0.0354653259270463,0.0912309857879773,-0.0708577285067729,-0.0280274441904019,-0.9929101429208828,0.5865429639816284,-0.0543012134730815,-0.2039613127708435
1760945227.0842075,-10.63406351471515,-0.9719022326422396,5.653333781482278,-0.4799700140094673,0.0383854012953883,-1.5121661589031214,5.0,-1.4275630554412784,-0.0323092082107913,0.0835772870672394,-0.0706751408406403,-0.0263575502731987,-0.9936423607602644,0.586230456829071,-0.0504443496465683,-0.2032050341367721
1760945227.0963943,-10.685196175886324,-0.9659788226156224,5.6597025226026645,-0.5513740690571034,0.0491696701189766,-1.4570399479758496,5.0,-1.3505987170597054,-0.0306733426846967,0.0760366663214466,-0.0704729041198309,-0.0242370188433415,-0.9943161278372314,0.586230456829071,-0.0504443496465683,-0.2032050341367721
1760945227.1087763,-10.736174375531066,-0.9599940913572254,5.666104448366936,-1.3017235938696778,0.0526758518527982,-0.6404325277322929,5.0,-1.3074273182215448,-0.0349968351038391,0.0706083759731289,-0.0704638662136758,-0.019642106950266,-0.9948183193102208,0.5856460928916931,-0.0674677491188049,0.7068148255348206
1760945227.1207795,-10.787079948380825,-0.95392198956417,5.672560265848474,-1.5997148790581646,0.0552139562190597,0.1454168619974423,5.0,-1.303420715491145,-0.0445340019842412,0.0691038405835422,-0.0706934087963722,-0.0122877762564511,-0.9950256839519394,0.5856460928916931,-0.0674677491188049,0.7068148255348206
1760945227.1329067,-10.837981721194865,-0.9478466846730202,5.6790947955949,-1.047254167542733,0.0575558492726953,0.1630712526904094,5.0,-1.306569236423221,-0.0500521968397319,0.069509339606214,-0.0708628689040135,-0.0058404345664754,-0.9950441170331472,0.5854182243347168,-0.0656139776110649,-0.0300243832170963
1760945227.1450763,-10.888879843912411,-0.9418274689852334,5.685717671501027,-0.6894940369524241,0.0595498791451388,-0.006564988689988,5.0,-1.303808102055057,-0.0493460133647206,0.069580640683431,-0.0708618074461576,-0.001657495294555,-0.9950549690328144,0.5854182243347168,-0.0656139776110649,-0.0300243832170963
1760945227.1571612,-10.939749590166787,-0.9358725735510002,5.692422920356366,-0.4638370216881454,0.0624678213256829,-0.2632197749178487,5.0,-1.288755137086686,-0.0452889927867579,0.068612810016907,-0.0707467583183336,0.0010335463082816,-0.9951312025411824,0.584990918636322,-0.0632597878575325,-0.0720380246639251
1760945227.1693234,-10.990558364291813,-0.9299835430710056,5.699198169740365,-0.373604221107526,0.0655312090187122,-0.4936720981813249,5.0,-1.2611562126961815,-0.040101419689874,0.066443974242562,-0.0705671537441799,0.0029156146993801,-0.9952873827645078,0.584990918636322,-0.0632597878575325,-0.0720380246639251
1760945227.1815012,-11.041280236483123,-0.92416266647073,5.706025378399593,-0.2700391432228449,0.0694078955726393,-0.7579984055890091,5.0,-1.2198155637822337,-0.0345384022096913,0.06307056796057,-0.0703402600606329,0.0042209921747522,-0.9955182240907468,0.5847513675689697,-0.0614584721624851,-0.19322270154953
1760945227.1935346,-11.09188641864352,-0.918413212835458,5.712889639174489,-0.2578764887708731,0.0733553846503256,-0.9441027730324384,5.0,-1.167683611511582,-0.0293853240122986,0.0586011930518993,-0.0700822238021793,0.0052246790646346,-0.9958047423107136,0.5847513675689697,-0.0614584721624851,-0.19322270154953
1760945227.2057073,-11.142366487031785,-0.9127309083332448,5.719775650626471,-0.2730232048110218,0.0780553069074446,-1.063965069684225,5.0,-1.1083110800422058,-0.0251321267988803,0.0533972942265866,-0.0698056857068751,0.0062052754581006,-0.99611113324205,0.5842352509498596,-0.0593306571245193,-0.2126954048871994
1760945227.217694,-11.192716456766364,-0.9071144158449008,5.726670884794486,-0.3043800163126869,0.0825853476407391,-1.1151246411441882,5.0,-1.045502750493058,-0.0218537552212705,0.04781212242606,-0.0695135752914373,0.007301163215859,-0.9964078265524676,0.5842352509498596,-0.0593306571245193,-0.2126954048871994
1760945227.229761,-11.24294656801418,-0.901555617163732,5.733567168881154,-0.3989795839824626,0.087397496031527,-1.044189501615886,5.0,-0.9852629734582344,-0.0197822643652861,0.042328646244037,-0.0692124472117732,0.0087850491773849,-0.9966648111421692,0.5839244723320007,-0.0578618012368679,-0.1205380409955978
1760945227.2417855,-11.29306992707883,-0.8960541190568823,5.740458924332512,-0.4420626223332404,0.0918575902659283,-0.9490369476901718,5.0,-0.9295040135000884,-0.0184988826749751,0.0372772952343355,-0.0688951218385593,0.0106010907735299,-0.9968708453562446,0.5839244723320007,-0.0578618012368679,-0.1205380409955978
1760945227.2542207,-11.343081145005783,-0.8906339555309206,5.747338555071842,-0.4096687998570816,0.096394498155659,-0.8975999871853726,5.0,-0.8769665006101867,-0.0172081325769942,0.0326310935830653,-0.0685407653816185,0.0123656355023574,-0.9970378459572626,0.5835700035095215,-0.0564642250537872,-0.1731678545475006
1760945227.2664545,-11.393008523760194,-0.8852895646106745,5.754201381905075,-0.376262625541493,0.1005927625309216,-0.8564363576883098,5.0,-0.8266300258064351,-0.0157473258659467,0.02822483626818,-0.0681530387263327,0.013965012319719,-0.9971777676828296,0.5835700035095215,-0.0564642250537872,-0.1731678545475006
1760945227.2785823,-11.44289456382618,-0.879979667560835,5.761053378315629,-0.4448619071604606,0.1046051509603697,-0.7104823859138166,5.0,-0.7825604979541997,-0.0147108336937787,0.0242628421391374,-0.0677508429980216,0.0158390102099473,-0.9972814364661352,0.5829019546508789,-0.0564206689596176,-0.0294668711721897
1760945227.2907236,-11.492726506349229,-0.8747275841556584,5.767886586695006,-0.4564336523019324,0.1083044917687219,-0.5815328188677015,5.0,-0.745087646245796,-0.0138962864529029,0.020979295383623,-0.0673211953819976,0.0179053880751307,-0.9973500503310884,0.5829019546508789,-0.0564206689596176,-0.0294668711721897
1760945227.3028183,-11.542514083807022,-0.8695474385028547,5.774698383465431,-0.3220421998101248,0.1120938667170017,-0.6042985943405913,5.0,-0.7070627803444081,-0.0124733282470571,0.0178894352536666,-0.0668606421898714,0.0195476912368255,-0.997410402191381,0.5824728012084961,-0.0554320253431797,-0.1897608935832977
1760945227.3148327,-11.592257501566404,-0.864450079054205,5.78148308459963,-0.2387553405933766,0.1156680233449387,-0.6472499766265157,5.0,-0.66704752320367,-0.0105095118409452,0.0146373654078746,-0.0663753849977411,0.0206736777944056,-0.9974731348997682,0.5824728012084961,-0.0554320253431797,-0.1897608935832977
1760945227.32692,-11.641957956146944,-0.8594363781357203,5.788235842550201,-0.1676606171619366,0.1193990642946559,-0.7140002954682954,5.0,-0.6237455616656679,-0.0082903213611304,0.0111157915484995,-0.0658715651723894,0.0214037922711111,-0.9975365926904162,0.5817883610725403,-0.0544872023165226,-0.2246385514736175
1760945227.338873,-11.6916148226579,-0.8545087502348142,5.794950106498987,-0.1343433786843796,0.1229470890365236,-0.7645222162576878,5.0,-0.5777111375268894,-0.0060694755058851,0.0073187770878123,-0.0653518359892639,0.0218807022565221,-0.9975955131733164,0.5817883610725403,-0.0544872023165226,-0.2246385514736175
1760945227.3509638,-11.741230493685803,-0.8496656813169552,5.801620693471521,-0.1123024047761136,0.126314897200707,-0.8018062617314723,5.0,-0.529619346322257,-0.0039919645197251,0.0033188945883096,-0.0648173480512418,0.0222158458699824,-0.9976443016038316,0.581317663192749,-0.0545042604207992,-0.2374458312988281
1760945227.3629887,-11.790807829233392,-0.8449073837053964,5.808241671275405,-0.1032602139210321,0.1295063667329119,-0.8167545224508378,5.0,-0.4806429782498072,-0.0021192160009403,-0.0007878383776242,-0.0642671564024882,0.0224797670878646,-0.9976791929224064,0.581317663192749,-0.0545042604207992,-0.2374458312988281
1760945227.3751512,-11.840354646276344,-0.8402287378288237,5.814814710730202,-0.0420116129859191,0.133037324862319,-0.8752315646199996,5.0,-0.4288132372041842,-0.0002664180829758,-0.0050904792448696,-0.0637050504104061,0.0225120744351366,-0.99770183926757,0.5871636867523193,-0.0530828423798084,-0.318315178155899
1760945227.3873274,-11.889873595147389,-0.8356240416091232,5.821334074798067,-0.1157062075731794,0.1351784053630106,-0.8042279326522179,5.0,-0.3802353483578342,0.0012333504851072,-0.0092836351615669,-0.0631249542288013,0.0227030261646619,-0.9977041780381424,0.5800672173500061,-0.056548211723566,-0.1689813882112503
1760945227.399298,-11.939371056385689,-0.8310882229792712,5.827795089019792,-0.1453388982885564,0.1372085033774782,-0.7211595088097909,5.0,-0.3358762455049093,0.0023976808740595,-0.013079668707247,-0.0625220619862071,0.0231404478541613,-0.9976895477575228,0.5800672173500061,-0.056548211723566,-0.1689813882112503
